[1/3503] Automatic MOC and UIC for target LibCore
[2/3503] Automatic MOC and UIC for target cafPdmCore
[3/3503] Building CXX object Fwk/VizFwk/LibCore/CMakeFiles/LibCore.dir/LibCore_autogen/mocs_compilation.cpp.o
[4/3503] Building CXX object Fwk/VizFwk/LibCore/CMakeFiles/LibCore.dir/cvfAssert.cpp.o
[5/3503] Building CXX object Fwk/VizFwk/LibCore/CMakeFiles/LibCore.dir/cvfBase64.cpp.o
[6/3503] Building CXX object Fwk/VizFwk/LibCore/CMakeFiles/LibCore.dir/cvfCodeLocation.cpp.o
[7/3503] Building CXX object Fwk/VizFwk/LibCore/CMakeFiles/LibCore.dir/cvfColor3.cpp.o
[8/3503] Building CXX object Fwk/VizFwk/LibCore/CMakeFiles/LibCore.dir/cvfColor4.cpp.o
[9/3503] Building CXX object Fwk/VizFwk/LibCore/CMakeFiles/LibCore.dir/cvfCharArray.cpp.o
[10/3503] Building CXX object Fwk/VizFwk/LibCore/CMakeFiles/LibCore.dir/cvfDebugTimer.cpp.o
/tmp/resinsight-p01-build/source/Fwk/VizFwk/LibCore/cvfDebugTimer.cpp:186:5: warning: 'vsprintf' is deprecated: This function is provided for compatibility reasons only.  Due to security concerns inherent in the design of sprintf(3), it is highly recommended that you use vsnprintf(3) instead. [-Wdeprecated-declarations]
  186 |     vsprintf(temp, format, argList);
      |     ^
/Applications/Xcode.app/Contents/Developer/Platforms/MacOSX.platform/Developer/SDKs/MacOSX.sdk/usr/include/stdio.h:199:1: note: 'vsprintf' has been explicitly marked deprecated here
  199 | __deprecated_msg("This function is provided for compatibility reasons only.  Due to security concerns inherent in the design of sprintf(3), it is highly recommended that you use vsnprintf(3) instead.")
      | ^
/Applications/Xcode.app/Contents/Developer/Platforms/MacOSX.platform/Developer/SDKs/MacOSX.sdk/usr/include/sys/cdefs.h:215:48: note: expanded from macro '__deprecated_msg'
  215 |         #define __deprecated_msg(_msg) __attribute__((__deprecated__(_msg)))
      |                                                       ^
1 warning generated.
[11/3503] Building CXX object Fwk/VizFwk/LibCore/CMakeFiles/LibCore.dir/cvfLogDestinationConsole.cpp.o
[12/3503] Building CXX object Fwk/VizFwk/LibCore/CMakeFiles/LibCore.dir/cvfLogDestinationFile.cpp.o
[13/3503] Building CXX object Fwk/VizFwk/LibCore/CMakeFiles/LibCore.dir/cvfLogEvent.cpp.o
[14/3503] Building CXX object Fwk/VizFwk/LibCore/CMakeFiles/LibCore.dir/cvfLogManager.cpp.o
[15/3503] Building CXX object Fwk/VizFwk/LibCore/CMakeFiles/LibCore.dir/cvfLogger.cpp.o
[16/3503] Building CXX object Fwk/VizFwk/LibCore/CMakeFiles/LibCore.dir/cvfMath.cpp.o
[17/3503] Building CXX object Fwk/VizFwk/LibCore/CMakeFiles/LibCore.dir/cvfMutex.cpp.o
[18/3503] Building CXX object Fwk/VizFwk/LibCore/CMakeFiles/LibCore.dir/cvfObject.cpp.o
[19/3503] Building CXX object Fwk/VizFwk/LibCore/CMakeFiles/LibCore.dir/cvfPlane.cpp.o
[20/3503] Building CXX object Fwk/VizFwk/LibCore/CMakeFiles/LibCore.dir/cvfPropertySet.cpp.o
[21/3503] Building CXX object Fwk/VizFwk/LibCore/CMakeFiles/LibCore.dir/cvfProgramOptions.cpp.o
[22/3503] Building CXX object Fwk/VizFwk/LibCore/CMakeFiles/LibCore.dir/cvfPropertySetCollection.cpp.o
[23/3503] Building CXX object Fwk/VizFwk/LibCore/CMakeFiles/LibCore.dir/cvfSystem.cpp.o
[24/3503] Building CXX object Fwk/VizFwk/LibCore/CMakeFiles/LibCore.dir/cvfString.cpp.o
[25/3503] Building CXX object Fwk/VizFwk/LibCore/CMakeFiles/LibCore.dir/cvfTBBControl.cpp.o
[26/3503] Building CXX object Fwk/VizFwk/LibCore/CMakeFiles/LibCore.dir/cvfTimer.cpp.o
[27/3503] Building CXX object Fwk/VizFwk/LibCore/CMakeFiles/LibCore.dir/cvfTrace.cpp.o
/tmp/resinsight-p01-build/source/Fwk/VizFwk/LibCore/cvfTrace.cpp:96:5: warning: 'vsprintf' is deprecated: This function is provided for compatibility reasons only.  Due to security concerns inherent in the design of sprintf(3), it is highly recommended that you use vsnprintf(3) instead. [-Wdeprecated-declarations]
   96 |     vsprintf(temp, format, argList);
      |     ^
/Applications/Xcode.app/Contents/Developer/Platforms/MacOSX.platform/Developer/SDKs/MacOSX.sdk/usr/include/stdio.h:199:1: note: 'vsprintf' has been explicitly marked deprecated here
  199 | __deprecated_msg("This function is provided for compatibility reasons only.  Due to security concerns inherent in the design of sprintf(3), it is highly recommended that you use vsnprintf(3) instead.")
      | ^
/Applications/Xcode.app/Contents/Developer/Platforms/MacOSX.platform/Developer/SDKs/MacOSX.sdk/usr/include/sys/cdefs.h:215:48: note: expanded from macro '__deprecated_msg'
  215 |         #define __deprecated_msg(_msg) __attribute__((__deprecated__(_msg)))
      |                                                       ^
1 warning generated.
[28/3503] Building CXX object Fwk/AppFwk/cafProjectDataModel/cafPdmCore/CMakeFiles/cafPdmCore.dir/cafPdmCore_autogen/mocs_compilation.cpp.o
[29/3503] Building CXX object Fwk/VizFwk/LibCore/CMakeFiles/LibCore.dir/cvfVariant.cpp.o
[30/3503] Linking CXX static library Fwk/VizFwk/LibCore/libLibCore.a
[31/3503] Automatic MOC and UIC for target LibGeometry
[32/3503] Building CXX object Fwk/VizFwk/LibGeometry/CMakeFiles/LibGeometry.dir/LibGeometry_autogen/mocs_compilation.cpp.o
[33/3503] Building CXX object Fwk/VizFwk/LibGeometry/CMakeFiles/LibGeometry.dir/cvfArrowGenerator.cpp.o
[34/3503] Building CXX object Fwk/VizFwk/LibGeometry/CMakeFiles/LibGeometry.dir/cvfBoundingBox.cpp.o
[35/3503] Building CXX object Fwk/AppFwk/cafProjectDataModel/cafPdmCore/CMakeFiles/cafPdmCore.dir/cafAppEnum.cpp.o
[36/3503] Building CXX object Fwk/VizFwk/LibGeometry/CMakeFiles/LibGeometry.dir/cvfBoxGenerator.cpp.o
[37/3503] Building CXX object Fwk/VizFwk/LibGeometry/CMakeFiles/LibGeometry.dir/cvfFrustum.cpp.o
[38/3503] Building CXX object Fwk/VizFwk/LibGeometry/CMakeFiles/LibGeometry.dir/cvfEdgeKey.cpp.o
[39/3503] Building CXX object Fwk/VizFwk/LibGeometry/CMakeFiles/LibGeometry.dir/cvfBoundingBoxTree.cpp.o
[40/3503] Building CXX object Fwk/VizFwk/LibGeometry/CMakeFiles/LibGeometry.dir/cvfGeometryBuilder.cpp.o
[41/3503] Building CXX object Fwk/VizFwk/LibGeometry/CMakeFiles/LibGeometry.dir/cvfGeometryBuilderFaceList.cpp.o
[42/3503] Building CXX object Fwk/VizFwk/LibGeometry/CMakeFiles/LibGeometry.dir/cvfGeometryBuilderTriangles.cpp.o
[43/3503] Building CXX object Fwk/VizFwk/LibGeometry/CMakeFiles/LibGeometry.dir/cvfGeometryUtils.cpp.o
[44/3503] Building CXX object Fwk/VizFwk/LibGeometry/CMakeFiles/LibGeometry.dir/cvfMeshEdgeExtractor.cpp.o
[45/3503] Building CXX object Fwk/VizFwk/LibGeometry/CMakeFiles/LibGeometry.dir/cvfOutlineEdgeExtractor.cpp.o
[46/3503] Building CXX object Fwk/VizFwk/LibGeometry/CMakeFiles/LibGeometry.dir/cvfPrimitiveTests.cpp.o
[47/3503] Building CXX object Fwk/VizFwk/LibGeometry/CMakeFiles/LibGeometry.dir/cvfPatchGenerator.cpp.o
[48/3503] Building CXX object Fwk/VizFwk/LibGeometry/CMakeFiles/LibGeometry.dir/cvfRay.cpp.o
[49/3503] Building CXX object Fwk/VizFwk/LibGeometry/CMakeFiles/LibGeometry.dir/cvfTriangleMeshEdgeExtractor.cpp.o
[50/3503] Building CXX object Fwk/VizFwk/LibGeometry/CMakeFiles/LibGeometry.dir/cvfVertexCompactor.cpp.o
[51/3503] Building CXX object Fwk/VizFwk/LibGeometry/CMakeFiles/LibGeometry.dir/cvfTriangleVertexSplitter.cpp.o
[52/3503] Building CXX object Fwk/VizFwk/LibGeometry/CMakeFiles/LibGeometry.dir/cvfVertexWelder.cpp.o
[53/3503] Building CXX object Fwk/AppFwk/cafProjectDataModel/cafPdmCore/CMakeFiles/cafPdmCore.dir/cafPdmChildArrayFieldHandle.cpp.o
[54/3503] Building CXX object Fwk/AppFwk/cafProjectDataModel/cafPdmCore/CMakeFiles/cafPdmCore.dir/cafPdmFieldHandle.cpp.o
[55/3503] Building CXX object Fwk/AppFwk/cafProjectDataModel/cafPdmCore/CMakeFiles/cafPdmCore.dir/cafPdmFieldReorderCapability.cpp.o
[56/3503] Building CXX object Fwk/AppFwk/cafProjectDataModel/cafPdmCore/CMakeFiles/cafPdmCore.dir/cafPdmObjectHandle.cpp.o
[57/3503] Building CXX object Fwk/AppFwk/cafProjectDataModel/cafPdmCore/CMakeFiles/cafPdmCore.dir/cafPdmPointer.cpp.o
[58/3503] Building CXX object Fwk/AppFwk/cafProjectDataModel/cafPdmCore/CMakeFiles/cafPdmCore.dir/cafNotificationCenter.cpp.o
[59/3503] Building CXX object Fwk/AppFwk/cafProjectDataModel/cafPdmCore/CMakeFiles/cafPdmCore.dir/cafPdmReferenceHelper.cpp.o
[60/3503] Building CXX object Fwk/AppFwk/cafProjectDataModel/cafPdmCore/CMakeFiles/cafPdmCore.dir/cafSignal.cpp.o
[61/3503] Building CXX object Fwk/AppFwk/cafProjectDataModel/cafPdmCore/CMakeFiles/cafPdmCore.dir/cafTristate.cpp.o
[62/3503] Building CXX object Fwk/AppFwk/cafProjectDataModel/cafPdmCore/CMakeFiles/cafPdmCore.dir/cafFilePath.cpp.o
[63/3503] Building CXX object Fwk/AppFwk/cafProjectDataModel/cafPdmCore/CMakeFiles/cafPdmCore.dir/cafAsyncWorkerManager.cpp.o
[64/3503] Linking CXX static library Fwk/VizFwk/LibGeometry/libLibGeometry.a
[65/3503] Automatic MOC and UIC for target LibRender
[66/3503] Building CXX object Fwk/VizFwk/LibRender/CMakeFiles/LibRender.dir/LibRender_autogen/mocs_compilation.cpp.o
[67/3503] Building CXX object Fwk/AppFwk/cafProjectDataModel/cafPdmCore/CMakeFiles/cafPdmCore.dir/cafPdmLogging.cpp.o
[68/3503] Linking CXX static library Fwk/AppFwk/cafProjectDataModel/cafPdmCore/libcafPdmCore.a
[69/3503] Automatic MOC and UIC for target cafPdmXml
[70/3503] Building CXX object Fwk/VizFwk/LibRender/CMakeFiles/LibRender.dir/cvfBufferObjectManaged.cpp.o
[71/3503] Building CXX object Fwk/VizFwk/LibRender/CMakeFiles/LibRender.dir/cvfCameraAnimation.cpp.o
[72/3503] Building CXX object Fwk/VizFwk/LibRender/CMakeFiles/LibRender.dir/cvfDrawable.cpp.o
[73/3503] Building CXX object Fwk/VizFwk/LibRender/CMakeFiles/LibRender.dir/cvfCamera.cpp.o
/tmp/resinsight-p01-build/source/Fwk/VizFwk/LibRender/cvfCamera.cpp:1039:5: warning: 'glMatrixMode' is deprecated: first deprecated in macOS 10.14 - OpenGL API deprecated. (Define GL_SILENCE_DEPRECATION to silence these warnings) [-Wdeprecated-declarations]
 1039 |     glMatrixMode(GL_PROJECTION);
      |     ^
/Applications/Xcode.app/Contents/Developer/Platforms/MacOSX.platform/Developer/SDKs/MacOSX.sdk/System/Library/Frameworks/OpenGL.framework/Headers/gl.h:2588:13: note: 'glMatrixMode' has been explicitly marked deprecated here
 2588 | extern void glMatrixMode (GLenum mode) OPENGL_DEPRECATED(10.0, 10.14);
      |             ^
/tmp/resinsight-p01-build/source/Fwk/VizFwk/LibRender/cvfCamera.cpp:1040:5: warning: 'glLoadMatrixd' is deprecated: first deprecated in macOS 10.14 - OpenGL API deprecated. (Define GL_SILENCE_DEPRECATION to silence these warnings) [-Wdeprecated-declarations]
 1040 |     glLoadMatrixd(m_projectionMatrix.ptr());
      |     ^
/Applications/Xcode.app/Contents/Developer/Platforms/MacOSX.platform/Developer/SDKs/MacOSX.sdk/System/Library/Frameworks/OpenGL.framework/Headers/gl.h:2572:13: note: 'glLoadMatrixd' has been explicitly marked deprecated here
 2572 | extern void glLoadMatrixd (const GLdouble *m) OPENGL_DEPRECATED(10.0, 10.14);
      |             ^
/tmp/resinsight-p01-build/source/Fwk/VizFwk/LibRender/cvfCamera.cpp:1043:5: warning: 'glMatrixMode' is deprecated: first deprecated in macOS 10.14 - OpenGL API deprecated. (Define GL_SILENCE_DEPRECATION to silence these warnings) [-Wdeprecated-declarations]
 1043 |     glMatrixMode(GL_MODELVIEW);
      |     ^
/Applications/Xcode.app/Contents/Developer/Platforms/MacOSX.platform/Developer/SDKs/MacOSX.sdk/System/Library/Frameworks/OpenGL.framework/Headers/gl.h:2588:13: note: 'glMatrixMode' has been explicitly marked deprecated here
 2588 | extern void glMatrixMode (GLenum mode) OPENGL_DEPRECATED(10.0, 10.14);
      |             ^
/tmp/resinsight-p01-build/source/Fwk/VizFwk/LibRender/cvfCamera.cpp:1044:5: warning: 'glLoadMatrixd' is deprecated: first deprecated in macOS 10.14 - OpenGL API deprecated. (Define GL_SILENCE_DEPRECATION to silence these warnings) [-Wdeprecated-declarations]
 1044 |     glLoadMatrixd(viewMatrix().ptr());
      |     ^
/Applications/Xcode.app/Contents/Developer/Platforms/MacOSX.platform/Developer/SDKs/MacOSX.sdk/System/Library/Frameworks/OpenGL.framework/Headers/gl.h:2572:13: note: 'glLoadMatrixd' has been explicitly marked deprecated here
 2572 | extern void glLoadMatrixd (const GLdouble *m) OPENGL_DEPRECATED(10.0, 10.14);
      |             ^
4 warnings generated.
[74/3503] Building CXX object Fwk/VizFwk/LibRender/CMakeFiles/LibRender.dir/cvfDrawableVectors.cpp.o
/tmp/resinsight-p01-build/source/Fwk/VizFwk/LibRender/cvfDrawableVectors.cpp:278:5: warning: 'glColorMaterial' is deprecated: first deprecated in macOS 10.14 - OpenGL API deprecated. (Define GL_SILENCE_DEPRECATION to silence these warnings) [-Wdeprecated-declarations]
  278 |     glColorMaterial(GL_FRONT_AND_BACK, GL_AMBIENT_AND_DIFFUSE);
      |     ^
/Applications/Xcode.app/Contents/Developer/Platforms/MacOSX.platform/Developer/SDKs/MacOSX.sdk/System/Library/Frameworks/OpenGL.framework/Headers/gl.h:2434:13: note: 'glColorMaterial' has been explicitly marked deprecated here
 2434 | extern void glColorMaterial (GLenum face, GLenum mode) OPENGL_DEPRECATED(10.0, 10.14);
      |             ^
/tmp/resinsight-p01-build/source/Fwk/VizFwk/LibRender/cvfDrawableVectors.cpp:283:9: warning: 'glColor3fv' is deprecated: first deprecated in macOS 10.14 - OpenGL API deprecated. (Define GL_SILENCE_DEPRECATION to silence these warnings) [-Wdeprecated-declarations]
  283 |         glColor3fv(m_singleColor.ptr());
      |         ^
/Applications/Xcode.app/Contents/Developer/Platforms/MacOSX.platform/Developer/SDKs/MacOSX.sdk/System/Library/Frameworks/OpenGL.framework/Headers/gl.h:2406:13: note: 'glColor3fv' has been explicitly marked deprecated here
 2406 | extern void glColor3fv (const GLfloat *v) OPENGL_DEPRECATED(10.0, 10.14);
      |             ^
/tmp/resinsight-p01-build/source/Fwk/VizFwk/LibRender/cvfDrawableVectors.cpp:294:9: warning: 'glPushMatrix' is deprecated: first deprecated in macOS 10.14 - OpenGL API deprecated. (Define GL_SILENCE_DEPRECATION to silence these warnings) [-Wdeprecated-declarations]
  294 |         glPushMatrix();
      |         ^
/Applications/Xcode.app/Contents/Developer/Platforms/MacOSX.platform/Developer/SDKs/MacOSX.sdk/System/Library/Frameworks/OpenGL.framework/Headers/gl.h:2625:13: note: 'glPushMatrix' has been explicitly marked deprecated here
 2625 | extern void glPushMatrix (void) OPENGL_DEPRECATED(10.0, 10.14);
      |             ^
/tmp/resinsight-p01-build/source/Fwk/VizFwk/LibRender/cvfDrawableVectors.cpp:295:9: warning: 'glMultMatrixf' is deprecated: first deprecated in macOS 10.14 - OpenGL API deprecated. (Define GL_SILENCE_DEPRECATION to silence these warnings) [-Wdeprecated-declarations]
  295 |         glMultMatrixf(vectorMat);
      |         ^
/Applications/Xcode.app/Contents/Developer/Platforms/MacOSX.platform/Developer/SDKs/MacOSX.sdk/System/Library/Frameworks/OpenGL.framework/Headers/gl.h:2591:13: note: 'glMultMatrixf' has been explicitly marked deprecated here
 2591 | extern void glMultMatrixf (const GLfloat *m) OPENGL_DEPRECATED(10.0, 10.14);
      |             ^
/tmp/resinsight-p01-build/source/Fwk/VizFwk/LibRender/cvfDrawableVectors.cpp:299:14: warning: 'glColor3fv' is deprecated: first deprecated in macOS 10.14 - OpenGL API deprecated. (Define GL_SILENCE_DEPRECATION to silence these warnings) [-Wdeprecated-declarations]
  299 |              glColor3fv(m_colorArray->get(i).ptr());
      |              ^
/Applications/Xcode.app/Contents/Developer/Platforms/MacOSX.platform/Developer/SDKs/MacOSX.sdk/System/Library/Frameworks/OpenGL.framework/Headers/gl.h:2406:13: note: 'glColor3fv' has been explicitly marked deprecated here
 2406 | extern void glColor3fv (const GLfloat *v) OPENGL_DEPRECATED(10.0, 10.14);
      |             ^
/tmp/resinsight-p01-build/source/Fwk/VizFwk/LibRender/cvfDrawableVectors.cpp:305:9: warning: 'glPopMatrix' is deprecated: first deprecated in macOS 10.14 - OpenGL API deprecated. (Define GL_SILENCE_DEPRECATION to silence these warnings) [-Wdeprecated-declarations]
  305 |         glPopMatrix();
      |         ^
/Applications/Xcode.app/Contents/Developer/Platforms/MacOSX.platform/Developer/SDKs/MacOSX.sdk/System/Library/Frameworks/OpenGL.framework/Headers/gl.h:2620:13: note: 'glPopMatrix' has been explicitly marked deprecated here
 2620 | extern void glPopMatrix (void) OPENGL_DEPRECATED(10.0, 10.14);
      |             ^
/tmp/resinsight-p01-build/source/Fwk/VizFwk/LibRender/cvfDrawableVectors.cpp:325:5: warning: 'glColorMaterial' is deprecated: first deprecated in macOS 10.14 - OpenGL API deprecated. (Define GL_SILENCE_DEPRECATION to silence these warnings) [-Wdeprecated-declarations]
  325 |     glColorMaterial(GL_FRONT_AND_BACK, GL_AMBIENT_AND_DIFFUSE);
      |     ^
/Applications/Xcode.app/Contents/Developer/Platforms/MacOSX.platform/Developer/SDKs/MacOSX.sdk/System/Library/Frameworks/OpenGL.framework/Headers/gl.h:2434:13: note: 'glColorMaterial' has been explicitly marked deprecated here
 2434 | extern void glColorMaterial (GLenum face, GLenum mode) OPENGL_DEPRECATED(10.0, 10.14);
      |             ^
/tmp/resinsight-p01-build/source/Fwk/VizFwk/LibRender/cvfDrawableVectors.cpp:330:9: warning: 'glColor3fv' is deprecated: first deprecated in macOS 10.14 - OpenGL API deprecated. (Define GL_SILENCE_DEPRECATION to silence these warnings) [-Wdeprecated-declarations]
  330 |         glColor3fv(m_singleColor.ptr());
      |         ^
/Applications/Xcode.app/Contents/Developer/Platforms/MacOSX.platform/Developer/SDKs/MacOSX.sdk/System/Library/Frameworks/OpenGL.framework/Headers/gl.h:2406:13: note: 'glColor3fv' has been explicitly marked deprecated here
 2406 | extern void glColor3fv (const GLfloat *v) OPENGL_DEPRECATED(10.0, 10.14);
      |             ^
/tmp/resinsight-p01-build/source/Fwk/VizFwk/LibRender/cvfDrawableVectors.cpp:341:9: warning: 'glPushMatrix' is deprecated: first deprecated in macOS 10.14 - OpenGL API deprecated. (Define GL_SILENCE_DEPRECATION to silence these warnings) [-Wdeprecated-declarations]
  341 |         glPushMatrix();
      |         ^
/Applications/Xcode.app/Contents/Developer/Platforms/MacOSX.platform/Developer/SDKs/MacOSX.sdk/System/Library/Frameworks/OpenGL.framework/Headers/gl.h:2625:13: note: 'glPushMatrix' has been explicitly marked deprecated here
 2625 | extern void glPushMatrix (void) OPENGL_DEPRECATED(10.0, 10.14);
      |             ^
/tmp/resinsight-p01-build/source/Fwk/VizFwk/LibRender/cvfDrawableVectors.cpp:342:9: warning: 'glMultMatrixf' is deprecated: first deprecated in macOS 10.14 - OpenGL API deprecated. (Define GL_SILENCE_DEPRECATION to silence these warnings) [-Wdeprecated-declarations]
  342 |         glMultMatrixf(vectorMat);
      |         ^
/Applications/Xcode.app/Contents/Developer/Platforms/MacOSX.platform/Developer/SDKs/MacOSX.sdk/System/Library/Frameworks/OpenGL.framework/Headers/gl.h:2591:13: note: 'glMultMatrixf' has been explicitly marked deprecated here
 2591 | extern void glMultMatrixf (const GLfloat *m) OPENGL_DEPRECATED(10.0, 10.14);
      |             ^
/tmp/resinsight-p01-build/source/Fwk/VizFwk/LibRender/cvfDrawableVectors.cpp:346:13: warning: 'glColor3fv' is deprecated: first deprecated in macOS 10.14 - OpenGL API deprecated. (Define GL_SILENCE_DEPRECATION to silence these warnings) [-Wdeprecated-declarations]
  346 |             glColor3fv(m_colorArray->get(i).ptr());
      |             ^
/Applications/Xcode.app/Contents/Developer/Platforms/MacOSX.platform/Developer/SDKs/MacOSX.sdk/System/Library/Frameworks/OpenGL.framework/Headers/gl.h:2406:13: note: 'glColor3fv' has been explicitly marked deprecated here
 2406 | extern void glColor3fv (const GLfloat *v) OPENGL_DEPRECATED(10.0, 10.14);
      |             ^
/tmp/resinsight-p01-build/source/Fwk/VizFwk/LibRender/cvfDrawableVectors.cpp:352:9: warning: 'glPopMatrix' is deprecated: first deprecated in macOS 10.14 - OpenGL API deprecated. (Define GL_SILENCE_DEPRECATION to silence these warnings) [-Wdeprecated-declarations]
  352 |         glPopMatrix();
      |         ^
/Applications/Xcode.app/Contents/Developer/Platforms/MacOSX.platform/Developer/SDKs/MacOSX.sdk/System/Library/Frameworks/OpenGL.framework/Headers/gl.h:2620:13: note: 'glPopMatrix' has been explicitly marked deprecated here
 2620 | extern void glPopMatrix (void) OPENGL_DEPRECATED(10.0, 10.14);
      |             ^
12 warnings generated.
[75/3503] Building CXX object Fwk/VizFwk/LibRender/CMakeFiles/LibRender.dir/cvfDrawableGeo.cpp.o
/tmp/resinsight-p01-build/source/Fwk/VizFwk/LibRender/cvfDrawableGeo.cpp:258:9: warning: 'glBegin' is deprecated: first deprecated in macOS 10.14 - OpenGL API deprecated. (Define GL_SILENCE_DEPRECATION to silence these warnings) [-Wdeprecated-declarations]
  258 |         glBegin(primitiveSet->primitiveTypeOpenGL());
      |         ^
/Applications/Xcode.app/Contents/Developer/Platforms/MacOSX.platform/Developer/SDKs/MacOSX.sdk/System/Library/Frameworks/OpenGL.framework/Headers/gl.h:2385:13: note: 'glBegin' has been explicitly marked deprecated here
 2385 | extern void glBegin (GLenum mode) OPENGL_DEPRECATED(10.0, 10.14);
      |             ^
/tmp/resinsight-p01-build/source/Fwk/VizFwk/LibRender/cvfDrawableGeo.cpp:268:17: warning: 'glNormal3fv' is deprecated: first deprecated in macOS 10.14 - OpenGL API deprecated. (Define GL_SILENCE_DEPRECATION to silence these warnings) [-Wdeprecated-declarations]
  268 |                 glNormal3fv((const float*)&normalArr->get(index));
      |                 ^
/Applications/Xcode.app/Contents/Developer/Platforms/MacOSX.platform/Developer/SDKs/MacOSX.sdk/System/Library/Frameworks/OpenGL.framework/Headers/gl.h:2598:13: note: 'glNormal3fv' has been explicitly marked deprecated here
 2598 | extern void glNormal3fv (const GLfloat *v) OPENGL_DEPRECATED(10.0, 10.14);
      |             ^
/tmp/resinsight-p01-build/source/Fwk/VizFwk/LibRender/cvfDrawableGeo.cpp:273:17: warning: 'glColor3ubv' is deprecated: first deprecated in macOS 10.14 - OpenGL API deprecated. (Define GL_SILENCE_DEPRECATION to silence these warnings) [-Wdeprecated-declarations]
  273 |                 glColor3ubv((const ubyte*)&colorArr->get(index));
      |                 ^
/Applications/Xcode.app/Contents/Developer/Platforms/MacOSX.platform/Developer/SDKs/MacOSX.sdk/System/Library/Frameworks/OpenGL.framework/Headers/gl.h:2412:13: note: 'glColor3ubv' has been explicitly marked deprecated here
 2412 | extern void glColor3ubv (const GLubyte *v) OPENGL_DEPRECATED(10.0, 10.14);
      |             ^
/tmp/resinsight-p01-build/source/Fwk/VizFwk/LibRender/cvfDrawableGeo.cpp:278:17: warning: 'glTexCoord2fv' is deprecated: first deprecated in macOS 10.14 - OpenGL API deprecated. (Define GL_SILENCE_DEPRECATION to silence these warnings) [-Wdeprecated-declarations]
  278 |                 glTexCoord2fv((const float*)&texCoordArr->get(index));
      |                 ^
/Applications/Xcode.app/Contents/Developer/Platforms/MacOSX.platform/Developer/SDKs/MacOSX.sdk/System/Library/Frameworks/OpenGL.framework/Headers/gl.h:2686:13: note: 'glTexCoord2fv' has been explicitly marked deprecated here
 2686 | extern void glTexCoord2fv (const GLfloat *v) OPENGL_DEPRECATED(10.0, 10.14);
      |             ^
/tmp/resinsight-p01-build/source/Fwk/VizFwk/LibRender/cvfDrawableGeo.cpp:281:13: warning: 'glVertex3fv' is deprecated: first deprecated in macOS 10.14 - OpenGL API deprecated. (Define GL_SILENCE_DEPRECATION to silence these warnings) [-Wdeprecated-declarations]
  281 |             glVertex3fv((float*)&vertexArr->get(index));
      |             ^
/Applications/Xcode.app/Contents/Developer/Platforms/MacOSX.platform/Developer/SDKs/MacOSX.sdk/System/Library/Frameworks/OpenGL.framework/Headers/gl.h:2741:13: note: 'glVertex3fv' has been explicitly marked deprecated here
 2741 | extern void glVertex3fv (const GLfloat *v) OPENGL_DEPRECATED(10.0, 10.14);
      |             ^
/tmp/resinsight-p01-build/source/Fwk/VizFwk/LibRender/cvfDrawableGeo.cpp:284:9: warning: 'glEnd' is deprecated: first deprecated in macOS 10.14 - OpenGL API deprecated. (Define GL_SILENCE_DEPRECATION to silence these warnings) [-Wdeprecated-declarations]
  284 |         glEnd();
      |         ^
/Applications/Xcode.app/Contents/Developer/Platforms/MacOSX.platform/Developer/SDKs/MacOSX.sdk/System/Library/Frameworks/OpenGL.framework/Headers/gl.h:2474:13: note: 'glEnd' has been explicitly marked deprecated here
 2474 | extern void glEnd (void) OPENGL_DEPRECATED(10.0, 10.14);
      |             ^
6 warnings generated.
[76/3503] Building CXX object Fwk/VizFwk/LibRender/CMakeFiles/LibRender.dir/cvfDrawableText.cpp.o
/tmp/resinsight-p01-build/source/Fwk/VizFwk/LibRender/cvfDrawableText.cpp:458:9: warning: 'glColor3f' is deprecated: first deprecated in macOS 10.14 - OpenGL API deprecated. (Define GL_SILENCE_DEPRECATION to silence these warnings) [-Wdeprecated-declarations]
  458 |         glColor3f(0.02f, 0.02f, 0.02f);
      |         ^
/Applications/Xcode.app/Contents/Developer/Platforms/MacOSX.platform/Developer/SDKs/MacOSX.sdk/System/Library/Frameworks/OpenGL.framework/Headers/gl.h:2405:13: note: 'glColor3f' has been explicitly marked deprecated here
 2405 | extern void glColor3f (GLfloat red, GLfloat green, GLfloat blue) OPENGL_DEPRECATED(10.0, 10.14);
      |             ^
/tmp/resinsight-p01-build/source/Fwk/VizFwk/LibRender/cvfDrawableText.cpp:459:9: warning: 'glBegin' is deprecated: first deprecated in macOS 10.14 - OpenGL API deprecated. (Define GL_SILENCE_DEPRECATION to silence these warnings) [-Wdeprecated-declarations]
  459 |         glBegin(GL_POINTS);
      |         ^
/Applications/Xcode.app/Contents/Developer/Platforms/MacOSX.platform/Developer/SDKs/MacOSX.sdk/System/Library/Frameworks/OpenGL.framework/Headers/gl.h:2385:13: note: 'glBegin' has been explicitly marked deprecated here
 2385 | extern void glBegin (GLenum mode) OPENGL_DEPRECATED(10.0, 10.14);
      |             ^
/tmp/resinsight-p01-build/source/Fwk/VizFwk/LibRender/cvfDrawableText.cpp:460:9: warning: 'glVertex3fv' is deprecated: first deprecated in macOS 10.14 - OpenGL API deprecated. (Define GL_SILENCE_DEPRECATION to silence these warnings) [-Wdeprecated-declarations]
  460 |         glVertex3fv(worldCoord.ptr());
      |         ^
/Applications/Xcode.app/Contents/Developer/Platforms/MacOSX.platform/Developer/SDKs/MacOSX.sdk/System/Library/Frameworks/OpenGL.framework/Headers/gl.h:2741:13: note: 'glVertex3fv' has been explicitly marked deprecated here
 2741 | extern void glVertex3fv (const GLfloat *v) OPENGL_DEPRECATED(10.0, 10.14);
      |             ^
/tmp/resinsight-p01-build/source/Fwk/VizFwk/LibRender/cvfDrawableText.cpp:461:9: warning: 'glEnd' is deprecated: first deprecated in macOS 10.14 - OpenGL API deprecated. (Define GL_SILENCE_DEPRECATION to silence these warnings) [-Wdeprecated-declarations]
  461 |         glEnd();
      |         ^
/Applications/Xcode.app/Contents/Developer/Platforms/MacOSX.platform/Developer/SDKs/MacOSX.sdk/System/Library/Frameworks/OpenGL.framework/Headers/gl.h:2474:13: note: 'glEnd' has been explicitly marked deprecated here
 2474 | extern void glEnd (void) OPENGL_DEPRECATED(10.0, 10.14);
      |             ^
4 warnings generated.
[77/3503] Building CXX object Fwk/VizFwk/LibRender/CMakeFiles/LibRender.dir/cvfFramebufferObject.cpp.o
[78/3503] Building CXX object Fwk/VizFwk/LibRender/CMakeFiles/LibRender.dir/cvfFixedAtlasFont.cpp.o
[79/3503] Building CXX object Fwk/VizFwk/LibRender/CMakeFiles/LibRender.dir/cvfFont.cpp.o
[80/3503] Building CXX object Fwk/VizFwk/LibRender/CMakeFiles/LibRender.dir/cvfGeometryBuilderDrawableGeo.cpp.o
[81/3503] Building CXX object Fwk/VizFwk/LibRender/CMakeFiles/LibRender.dir/cvfHitDetail.cpp.o
[82/3503] Building CXX object Fwk/VizFwk/LibRender/CMakeFiles/LibRender.dir/cvfMatrixState.cpp.o
[83/3503] Building CXX object Fwk/VizFwk/LibRender/CMakeFiles/LibRender.dir/cvfGlyph.cpp.o
[84/3503] Building CXX object Fwk/VizFwk/LibRender/CMakeFiles/LibRender.dir/cvfOpenGLCapabilities.cpp.o
[85/3503] Building CXX object Fwk/VizFwk/LibRender/CMakeFiles/LibRender.dir/cvfOpenGLContext.cpp.o
[86/3503] Building CXX object Fwk/VizFwk/LibRender/CMakeFiles/LibRender.dir/cvfOglRc.cpp.o
[87/3503] Building CXX object Fwk/VizFwk/LibRender/CMakeFiles/LibRender.dir/cvfOpenGLInfo.cpp.o
[88/3503] Building CXX object Fwk/VizFwk/LibRender/CMakeFiles/LibRender.dir/cvfOpenGLContextGroup.cpp.o
[89/3503] Building CXX object Fwk/VizFwk/LibRender/CMakeFiles/LibRender.dir/cvfOpenGLResourceManager.cpp.o
[90/3503] Building CXX object Fwk/VizFwk/LibRender/CMakeFiles/LibRender.dir/cvfOpenGLUtils.cpp.o
/tmp/resinsight-p01-build/source/Fwk/VizFwk/LibRender/cvfOpenGLUtils.cpp:76:5: warning: 'glPushClientAttrib' is deprecated: first deprecated in macOS 10.14 - OpenGL API deprecated. (Define GL_SILENCE_DEPRECATION to silence these warnings) [-Wdeprecated-declarations]
   76 |     glPushClientAttrib(GL_CLIENT_PIXEL_STORE_BIT);
      |     ^
/Applications/Xcode.app/Contents/Developer/Platforms/MacOSX.platform/Developer/SDKs/MacOSX.sdk/System/Library/Frameworks/OpenGL.framework/Headers/gl.h:2624:13: note: 'glPushClientAttrib' has been explicitly marked deprecated here
 2624 | extern void glPushClientAttrib (GLbitfield mask) OPENGL_DEPRECATED(10.0, 10.14);
      |             ^
/tmp/resinsight-p01-build/source/Fwk/VizFwk/LibRender/cvfOpenGLUtils.cpp:84:5: warning: 'glPushAttrib' is deprecated: first deprecated in macOS 10.14 - OpenGL API deprecated. (Define GL_SILENCE_DEPRECATION to silence these warnings) [-Wdeprecated-declarations]
   84 |     glPushAttrib(GL_ALL_ATTRIB_BITS);
      |     ^
/Applications/Xcode.app/Contents/Developer/Platforms/MacOSX.platform/Developer/SDKs/MacOSX.sdk/System/Library/Frameworks/OpenGL.framework/Headers/gl.h:2623:13: note: 'glPushAttrib' has been explicitly marked deprecated here
 2623 | extern void glPushAttrib (GLbitfield mask) OPENGL_DEPRECATED(10.0, 10.14);
      |             ^
/tmp/resinsight-p01-build/source/Fwk/VizFwk/LibRender/cvfOpenGLUtils.cpp:92:5: warning: 'glMatrixMode' is deprecated: first deprecated in macOS 10.14 - OpenGL API deprecated. (Define GL_SILENCE_DEPRECATION to silence these warnings) [-Wdeprecated-declarations]
   92 |     glMatrixMode(GL_TEXTURE);
      |     ^
/Applications/Xcode.app/Contents/Developer/Platforms/MacOSX.platform/Developer/SDKs/MacOSX.sdk/System/Library/Frameworks/OpenGL.framework/Headers/gl.h:2588:13: note: 'glMatrixMode' has been explicitly marked deprecated here
 2588 | extern void glMatrixMode (GLenum mode) OPENGL_DEPRECATED(10.0, 10.14);
      |             ^
/tmp/resinsight-p01-build/source/Fwk/VizFwk/LibRender/cvfOpenGLUtils.cpp:93:5: warning: 'glPushMatrix' is deprecated: first deprecated in macOS 10.14 - OpenGL API deprecated. (Define GL_SILENCE_DEPRECATION to silence these warnings) [-Wdeprecated-declarations]
   93 |     glPushMatrix();
      |     ^
/Applications/Xcode.app/Contents/Developer/Platforms/MacOSX.platform/Developer/SDKs/MacOSX.sdk/System/Library/Frameworks/OpenGL.framework/Headers/gl.h:2625:13: note: 'glPushMatrix' has been explicitly marked deprecated here
 2625 | extern void glPushMatrix (void) OPENGL_DEPRECATED(10.0, 10.14);
      |             ^
/tmp/resinsight-p01-build/source/Fwk/VizFwk/LibRender/cvfOpenGLUtils.cpp:96:5: warning: 'glMatrixMode' is deprecated: first deprecated in macOS 10.14 - OpenGL API deprecated. (Define GL_SILENCE_DEPRECATION to silence these warnings) [-Wdeprecated-declarations]
   96 |     glMatrixMode(GL_PROJECTION);
      |     ^
/Applications/Xcode.app/Contents/Developer/Platforms/MacOSX.platform/Developer/SDKs/MacOSX.sdk/System/Library/Frameworks/OpenGL.framework/Headers/gl.h:2588:13: note: 'glMatrixMode' has been explicitly marked deprecated here
 2588 | extern void glMatrixMode (GLenum mode) OPENGL_DEPRECATED(10.0, 10.14);
      |             ^
/tmp/resinsight-p01-build/source/Fwk/VizFwk/LibRender/cvfOpenGLUtils.cpp:97:5: warning: 'glPushMatrix' is deprecated: first deprecated in macOS 10.14 - OpenGL API deprecated. (Define GL_SILENCE_DEPRECATION to silence these warnings) [-Wdeprecated-declarations]
   97 |     glPushMatrix();
      |     ^
/Applications/Xcode.app/Contents/Developer/Platforms/MacOSX.platform/Developer/SDKs/MacOSX.sdk/System/Library/Frameworks/OpenGL.framework/Headers/gl.h:2625:13: note: 'glPushMatrix' has been explicitly marked deprecated here
 2625 | extern void glPushMatrix (void) OPENGL_DEPRECATED(10.0, 10.14);
      |             ^
/tmp/resinsight-p01-build/source/Fwk/VizFwk/LibRender/cvfOpenGLUtils.cpp:100:5: warning: 'glMatrixMode' is deprecated: first deprecated in macOS 10.14 - OpenGL API deprecated. (Define GL_SILENCE_DEPRECATION to silence these warnings) [-Wdeprecated-declarations]
  100 |     glMatrixMode(GL_MODELVIEW);
      |     ^
/Applications/Xcode.app/Contents/Developer/Platforms/MacOSX.platform/Developer/SDKs/MacOSX.sdk/System/Library/Frameworks/OpenGL.framework/Headers/gl.h:2588:13: note: 'glMatrixMode' has been explicitly marked deprecated here
 2588 | extern void glMatrixMode (GLenum mode) OPENGL_DEPRECATED(10.0, 10.14);
      |             ^
/tmp/resinsight-p01-build/source/Fwk/VizFwk/LibRender/cvfOpenGLUtils.cpp:101:5: warning: 'glPushMatrix' is deprecated: first deprecated in macOS 10.14 - OpenGL API deprecated. (Define GL_SILENCE_DEPRECATION to silence these warnings) [-Wdeprecated-declarations]
  101 |     glPushMatrix();
      |     ^
/Applications/Xcode.app/Contents/Developer/Platforms/MacOSX.platform/Developer/SDKs/MacOSX.sdk/System/Library/Frameworks/OpenGL.framework/Headers/gl.h:2625:13: note: 'glPushMatrix' has been explicitly marked deprecated here
 2625 | extern void glPushMatrix (void) OPENGL_DEPRECATED(10.0, 10.14);
      |             ^
/tmp/resinsight-p01-build/source/Fwk/VizFwk/LibRender/cvfOpenGLUtils.cpp:130:5: warning: 'glMatrixMode' is deprecated: first deprecated in macOS 10.14 - OpenGL API deprecated. (Define GL_SILENCE_DEPRECATION to silence these warnings) [-Wdeprecated-declarations]
  130 |     glMatrixMode(GL_TEXTURE);
      |     ^
/Applications/Xcode.app/Contents/Developer/Platforms/MacOSX.platform/Developer/SDKs/MacOSX.sdk/System/Library/Frameworks/OpenGL.framework/Headers/gl.h:2588:13: note: 'glMatrixMode' has been explicitly marked deprecated here
 2588 | extern void glMatrixMode (GLenum mode) OPENGL_DEPRECATED(10.0, 10.14);
      |             ^
/tmp/resinsight-p01-build/source/Fwk/VizFwk/LibRender/cvfOpenGLUtils.cpp:131:5: warning: 'glPopMatrix' is deprecated: first deprecated in macOS 10.14 - OpenGL API deprecated. (Define GL_SILENCE_DEPRECATION to silence these warnings) [-Wdeprecated-declarations]
  131 |     glPopMatrix();
      |     ^
/Applications/Xcode.app/Contents/Developer/Platforms/MacOSX.platform/Developer/SDKs/MacOSX.sdk/System/Library/Frameworks/OpenGL.framework/Headers/gl.h:2620:13: note: 'glPopMatrix' has been explicitly marked deprecated here
 2620 | extern void glPopMatrix (void) OPENGL_DEPRECATED(10.0, 10.14);
      |             ^
/tmp/resinsight-p01-build/source/Fwk/VizFwk/LibRender/cvfOpenGLUtils.cpp:134:5: warning: 'glMatrixMode' is deprecated: first deprecated in macOS 10.14 - OpenGL API deprecated. (Define GL_SILENCE_DEPRECATION to silence these warnings) [-Wdeprecated-declarations]
  134 |     glMatrixMode(GL_PROJECTION);
      |     ^
/Applications/Xcode.app/Contents/Developer/Platforms/MacOSX.platform/Developer/SDKs/MacOSX.sdk/System/Library/Frameworks/OpenGL.framework/Headers/gl.h:2588:13: note: 'glMatrixMode' has been explicitly marked deprecated here
 2588 | extern void glMatrixMode (GLenum mode) OPENGL_DEPRECATED(10.0, 10.14);
      |             ^
/tmp/resinsight-p01-build/source/Fwk/VizFwk/LibRender/cvfOpenGLUtils.cpp:135:5: warning: 'glPopMatrix' is deprecated: first deprecated in macOS 10.14 - OpenGL API deprecated. (Define GL_SILENCE_DEPRECATION to silence these warnings) [-Wdeprecated-declarations]
  135 |     glPopMatrix();
      |     ^
/Applications/Xcode.app/Contents/Developer/Platforms/MacOSX.platform/Developer/SDKs/MacOSX.sdk/System/Library/Frameworks/OpenGL.framework/Headers/gl.h:2620:13: note: 'glPopMatrix' has been explicitly marked deprecated here
 2620 | extern void glPopMatrix (void) OPENGL_DEPRECATED(10.0, 10.14);
      |             ^
/tmp/resinsight-p01-build/source/Fwk/VizFwk/LibRender/cvfOpenGLUtils.cpp:138:5: warning: 'glMatrixMode' is deprecated: first deprecated in macOS 10.14 - OpenGL API deprecated. (Define GL_SILENCE_DEPRECATION to silence these warnings) [-Wdeprecated-declarations]
  138 |     glMatrixMode(GL_MODELVIEW);
      |     ^
/Applications/Xcode.app/Contents/Developer/Platforms/MacOSX.platform/Developer/SDKs/MacOSX.sdk/System/Library/Frameworks/OpenGL.framework/Headers/gl.h:2588:13: note: 'glMatrixMode' has been explicitly marked deprecated here
 2588 | extern void glMatrixMode (GLenum mode) OPENGL_DEPRECATED(10.0, 10.14);
      |             ^
/tmp/resinsight-p01-build/source/Fwk/VizFwk/LibRender/cvfOpenGLUtils.cpp:139:5: warning: 'glPopMatrix' is deprecated: first deprecated in macOS 10.14 - OpenGL API deprecated. (Define GL_SILENCE_DEPRECATION to silence these warnings) [-Wdeprecated-declarations]
  139 |     glPopMatrix();
      |     ^
/Applications/Xcode.app/Contents/Developer/Platforms/MacOSX.platform/Developer/SDKs/MacOSX.sdk/System/Library/Frameworks/OpenGL.framework/Headers/gl.h:2620:13: note: 'glPopMatrix' has been explicitly marked deprecated here
 2620 | extern void glPopMatrix (void) OPENGL_DEPRECATED(10.0, 10.14);
      |             ^
/tmp/resinsight-p01-build/source/Fwk/VizFwk/LibRender/cvfOpenGLUtils.cpp:142:5: warning: 'glPopAttrib' is deprecated: first deprecated in macOS 10.14 - OpenGL API deprecated. (Define GL_SILENCE_DEPRECATION to silence these warnings) [-Wdeprecated-declarations]
  142 |     glPopAttrib();
      |     ^
/Applications/Xcode.app/Contents/Developer/Platforms/MacOSX.platform/Developer/SDKs/MacOSX.sdk/System/Library/Frameworks/OpenGL.framework/Headers/gl.h:2618:13: note: 'glPopAttrib' has been explicitly marked deprecated here
 2618 | extern void glPopAttrib (void) OPENGL_DEPRECATED(10.0, 10.14);
      |             ^
/tmp/resinsight-p01-build/source/Fwk/VizFwk/LibRender/cvfOpenGLUtils.cpp:148:5: warning: 'glPopClientAttrib' is deprecated: first deprecated in macOS 10.14 - OpenGL API deprecated. (Define GL_SILENCE_DEPRECATION to silence these warnings) [-Wdeprecated-declarations]
  148 |     glPopClientAttrib();
      |     ^
/Applications/Xcode.app/Contents/Developer/Platforms/MacOSX.platform/Developer/SDKs/MacOSX.sdk/System/Library/Frameworks/OpenGL.framework/Headers/gl.h:2619:13: note: 'glPopClientAttrib' has been explicitly marked deprecated here
 2619 | extern void glPopClientAttrib (void) OPENGL_DEPRECATED(10.0, 10.14);
      |             ^
16 warnings generated.
[91/3503] Building CXX object Fwk/VizFwk/LibRender/CMakeFiles/LibRender.dir/cvfOpenGL.cpp.o
[92/3503] Building CXX object Fwk/VizFwk/LibRender/CMakeFiles/LibRender.dir/cvfOverlayAxisCross.cpp.o
[93/3503] Building CXX object Fwk/VizFwk/LibRender/CMakeFiles/LibRender.dir/cvfOverlayScalarMapperLegend.cpp.o
/tmp/resinsight-p01-build/source/Fwk/VizFwk/LibRender/cvfOverlayScalarMapperLegend.cpp:566:13: warning: 'glColor3ubv' is deprecated: first deprecated in macOS 10.14 - OpenGL API deprecated. (Define GL_SILENCE_DEPRECATION to silence these warnings) [-Wdeprecated-declarations]
  566 |             glColor3ubv(clr.ptr());
      |             ^
/Applications/Xcode.app/Contents/Developer/Platforms/MacOSX.platform/Developer/SDKs/MacOSX.sdk/System/Library/Frameworks/OpenGL.framework/Headers/gl.h:2412:13: note: 'glColor3ubv' has been explicitly marked deprecated here
 2412 | extern void glColor3ubv (const GLubyte *v) OPENGL_DEPRECATED(10.0, 10.14);
      |             ^
/tmp/resinsight-p01-build/source/Fwk/VizFwk/LibRender/cvfOverlayScalarMapperLegend.cpp:567:13: warning: 'glBegin' is deprecated: first deprecated in macOS 10.14 - OpenGL API deprecated. (Define GL_SILENCE_DEPRECATION to silence these warnings) [-Wdeprecated-declarations]
  567 |             glBegin(GL_TRIANGLE_FAN);
      |             ^
/Applications/Xcode.app/Contents/Developer/Platforms/MacOSX.platform/Developer/SDKs/MacOSX.sdk/System/Library/Frameworks/OpenGL.framework/Headers/gl.h:2385:13: note: 'glBegin' has been explicitly marked deprecated here
 2385 | extern void glBegin (GLenum mode) OPENGL_DEPRECATED(10.0, 10.14);
      |             ^
/tmp/resinsight-p01-build/source/Fwk/VizFwk/LibRender/cvfOverlayScalarMapperLegend.cpp:568:13: warning: 'glVertex3fv' is deprecated: first deprecated in macOS 10.14 - OpenGL API deprecated. (Define GL_SILENCE_DEPRECATION to silence these warnings) [-Wdeprecated-declarations]
  568 |             glVertex3fv(v0);
      |             ^
/Applications/Xcode.app/Contents/Developer/Platforms/MacOSX.platform/Developer/SDKs/MacOSX.sdk/System/Library/Frameworks/OpenGL.framework/Headers/gl.h:2741:13: note: 'glVertex3fv' has been explicitly marked deprecated here
 2741 | extern void glVertex3fv (const GLfloat *v) OPENGL_DEPRECATED(10.0, 10.14);
      |             ^
/tmp/resinsight-p01-build/source/Fwk/VizFwk/LibRender/cvfOverlayScalarMapperLegend.cpp:569:13: warning: 'glVertex3fv' is deprecated: first deprecated in macOS 10.14 - OpenGL API deprecated. (Define GL_SILENCE_DEPRECATION to silence these warnings) [-Wdeprecated-declarations]
  569 |             glVertex3fv(v1);
      |             ^
/Applications/Xcode.app/Contents/Developer/Platforms/MacOSX.platform/Developer/SDKs/MacOSX.sdk/System/Library/Frameworks/OpenGL.framework/Headers/gl.h:2741:13: note: 'glVertex3fv' has been explicitly marked deprecated here
 2741 | extern void glVertex3fv (const GLfloat *v) OPENGL_DEPRECATED(10.0, 10.14);
      |             ^
/tmp/resinsight-p01-build/source/Fwk/VizFwk/LibRender/cvfOverlayScalarMapperLegend.cpp:570:13: warning: 'glVertex3fv' is deprecated: first deprecated in macOS 10.14 - OpenGL API deprecated. (Define GL_SILENCE_DEPRECATION to silence these warnings) [-Wdeprecated-declarations]
  570 |             glVertex3fv(v4);
      |             ^
/Applications/Xcode.app/Contents/Developer/Platforms/MacOSX.platform/Developer/SDKs/MacOSX.sdk/System/Library/Frameworks/OpenGL.framework/Headers/gl.h:2741:13: note: 'glVertex3fv' has been explicitly marked deprecated here
 2741 | extern void glVertex3fv (const GLfloat *v) OPENGL_DEPRECATED(10.0, 10.14);
      |             ^
/tmp/resinsight-p01-build/source/Fwk/VizFwk/LibRender/cvfOverlayScalarMapperLegend.cpp:571:13: warning: 'glVertex3fv' is deprecated: first deprecated in macOS 10.14 - OpenGL API deprecated. (Define GL_SILENCE_DEPRECATION to silence these warnings) [-Wdeprecated-declarations]
  571 |             glVertex3fv(v3);
      |             ^
/Applications/Xcode.app/Contents/Developer/Platforms/MacOSX.platform/Developer/SDKs/MacOSX.sdk/System/Library/Frameworks/OpenGL.framework/Headers/gl.h:2741:13: note: 'glVertex3fv' has been explicitly marked deprecated here
 2741 | extern void glVertex3fv (const GLfloat *v) OPENGL_DEPRECATED(10.0, 10.14);
      |             ^
/tmp/resinsight-p01-build/source/Fwk/VizFwk/LibRender/cvfOverlayScalarMapperLegend.cpp:572:13: warning: 'glEnd' is deprecated: first deprecated in macOS 10.14 - OpenGL API deprecated. (Define GL_SILENCE_DEPRECATION to silence these warnings) [-Wdeprecated-declarations]
  572 |             glEnd();
      |             ^
/Applications/Xcode.app/Contents/Developer/Platforms/MacOSX.platform/Developer/SDKs/MacOSX.sdk/System/Library/Frameworks/OpenGL.framework/Headers/gl.h:2474:13: note: 'glEnd' has been explicitly marked deprecated here
 2474 | extern void glEnd (void) OPENGL_DEPRECATED(10.0, 10.14);
      |             ^
/tmp/resinsight-p01-build/source/Fwk/VizFwk/LibRender/cvfOverlayScalarMapperLegend.cpp:587:9: warning: 'glColor3fv' is deprecated: first deprecated in macOS 10.14 - OpenGL API deprecated. (Define GL_SILENCE_DEPRECATION to silence these warnings) [-Wdeprecated-declarations]
  587 |         glColor3fv(m_color.ptr());
      |         ^
/Applications/Xcode.app/Contents/Developer/Platforms/MacOSX.platform/Developer/SDKs/MacOSX.sdk/System/Library/Frameworks/OpenGL.framework/Headers/gl.h:2406:13: note: 'glColor3fv' has been explicitly marked deprecated here
 2406 | extern void glColor3fv (const GLfloat *v) OPENGL_DEPRECATED(10.0, 10.14);
      |             ^
/tmp/resinsight-p01-build/source/Fwk/VizFwk/LibRender/cvfOverlayScalarMapperLegend.cpp:588:9: warning: 'glBegin' is deprecated: first deprecated in macOS 10.14 - OpenGL API deprecated. (Define GL_SILENCE_DEPRECATION to silence these warnings) [-Wdeprecated-declarations]
  588 |         glBegin(GL_LINES);
      |         ^
/Applications/Xcode.app/Contents/Developer/Platforms/MacOSX.platform/Developer/SDKs/MacOSX.sdk/System/Library/Frameworks/OpenGL.framework/Headers/gl.h:2385:13: note: 'glBegin' has been explicitly marked deprecated here
 2385 | extern void glBegin (GLenum mode) OPENGL_DEPRECATED(10.0, 10.14);
      |             ^
/tmp/resinsight-p01-build/source/Fwk/VizFwk/LibRender/cvfOverlayScalarMapperLegend.cpp:589:9: warning: 'glVertex3fv' is deprecated: first deprecated in macOS 10.14 - OpenGL API deprecated. (Define GL_SILENCE_DEPRECATION to silence these warnings) [-Wdeprecated-declarations]
  589 |         glVertex3fv(v0);
      |         ^
/Applications/Xcode.app/Contents/Developer/Platforms/MacOSX.platform/Developer/SDKs/MacOSX.sdk/System/Library/Frameworks/OpenGL.framework/Headers/gl.h:2741:13: note: 'glVertex3fv' has been explicitly marked deprecated here
 2741 | extern void glVertex3fv (const GLfloat *v) OPENGL_DEPRECATED(10.0, 10.14);
      |             ^
/tmp/resinsight-p01-build/source/Fwk/VizFwk/LibRender/cvfOverlayScalarMapperLegend.cpp:590:9: warning: 'glVertex3fv' is deprecated: first deprecated in macOS 10.14 - OpenGL API deprecated. (Define GL_SILENCE_DEPRECATION to silence these warnings) [-Wdeprecated-declarations]
  590 |         glVertex3fv(v1);
      |         ^
/Applications/Xcode.app/Contents/Developer/Platforms/MacOSX.platform/Developer/SDKs/MacOSX.sdk/System/Library/Frameworks/OpenGL.framework/Headers/gl.h:2741:13: note: 'glVertex3fv' has been explicitly marked deprecated here
 2741 | extern void glVertex3fv (const GLfloat *v) OPENGL_DEPRECATED(10.0, 10.14);
      |             ^
/tmp/resinsight-p01-build/source/Fwk/VizFwk/LibRender/cvfOverlayScalarMapperLegend.cpp:591:9: warning: 'glVertex3fv' is deprecated: first deprecated in macOS 10.14 - OpenGL API deprecated. (Define GL_SILENCE_DEPRECATION to silence these warnings) [-Wdeprecated-declarations]
  591 |         glVertex3fv(v1);
      |         ^
/Applications/Xcode.app/Contents/Developer/Platforms/MacOSX.platform/Developer/SDKs/MacOSX.sdk/System/Library/Frameworks/OpenGL.framework/Headers/gl.h:2741:13: note: 'glVertex3fv' has been explicitly marked deprecated here
 2741 | extern void glVertex3fv (const GLfloat *v) OPENGL_DEPRECATED(10.0, 10.14);
      |             ^
/tmp/resinsight-p01-build/source/Fwk/VizFwk/LibRender/cvfOverlayScalarMapperLegend.cpp:592:9: warning: 'glVertex3fv' is deprecated: first deprecated in macOS 10.14 - OpenGL API deprecated. (Define GL_SILENCE_DEPRECATION to silence these warnings) [-Wdeprecated-declarations]
  592 |         glVertex3fv(v3);
      |         ^
/Applications/Xcode.app/Contents/Developer/Platforms/MacOSX.platform/Developer/SDKs/MacOSX.sdk/System/Library/Frameworks/OpenGL.framework/Headers/gl.h:2741:13: note: 'glVertex3fv' has been explicitly marked deprecated here
 2741 | extern void glVertex3fv (const GLfloat *v) OPENGL_DEPRECATED(10.0, 10.14);
      |             ^
/tmp/resinsight-p01-build/source/Fwk/VizFwk/LibRender/cvfOverlayScalarMapperLegend.cpp:593:9: warning: 'glVertex3fv' is deprecated: first deprecated in macOS 10.14 - OpenGL API deprecated. (Define GL_SILENCE_DEPRECATION to silence these warnings) [-Wdeprecated-declarations]
  593 |         glVertex3fv(v3);
      |         ^
/Applications/Xcode.app/Contents/Developer/Platforms/MacOSX.platform/Developer/SDKs/MacOSX.sdk/System/Library/Frameworks/OpenGL.framework/Headers/gl.h:2741:13: note: 'glVertex3fv' has been explicitly marked deprecated here
 2741 | extern void glVertex3fv (const GLfloat *v) OPENGL_DEPRECATED(10.0, 10.14);
      |             ^
/tmp/resinsight-p01-build/source/Fwk/VizFwk/LibRender/cvfOverlayScalarMapperLegend.cpp:594:9: warning: 'glVertex3fv' is deprecated: first deprecated in macOS 10.14 - OpenGL API deprecated. (Define GL_SILENCE_DEPRECATION to silence these warnings) [-Wdeprecated-declarations]
  594 |         glVertex3fv(v2);
      |         ^
/Applications/Xcode.app/Contents/Developer/Platforms/MacOSX.platform/Developer/SDKs/MacOSX.sdk/System/Library/Frameworks/OpenGL.framework/Headers/gl.h:2741:13: note: 'glVertex3fv' has been explicitly marked deprecated here
 2741 | extern void glVertex3fv (const GLfloat *v) OPENGL_DEPRECATED(10.0, 10.14);
      |             ^
/tmp/resinsight-p01-build/source/Fwk/VizFwk/LibRender/cvfOverlayScalarMapperLegend.cpp:595:9: warning: 'glVertex3fv' is deprecated: first deprecated in macOS 10.14 - OpenGL API deprecated. (Define GL_SILENCE_DEPRECATION to silence these warnings) [-Wdeprecated-declarations]
  595 |         glVertex3fv(v2);
      |         ^
/Applications/Xcode.app/Contents/Developer/Platforms/MacOSX.platform/Developer/SDKs/MacOSX.sdk/System/Library/Frameworks/OpenGL.framework/Headers/gl.h:2741:13: note: 'glVertex3fv' has been explicitly marked deprecated here
 2741 | extern void glVertex3fv (const GLfloat *v) OPENGL_DEPRECATED(10.0, 10.14);
      |             ^
/tmp/resinsight-p01-build/source/Fwk/VizFwk/LibRender/cvfOverlayScalarMapperLegend.cpp:596:9: warning: 'glVertex3fv' is deprecated: first deprecated in macOS 10.14 - OpenGL API deprecated. (Define GL_SILENCE_DEPRECATION to silence these warnings) [-Wdeprecated-declarations]
  596 |         glVertex3fv(v0);
      |         ^
/Applications/Xcode.app/Contents/Developer/Platforms/MacOSX.platform/Developer/SDKs/MacOSX.sdk/System/Library/Frameworks/OpenGL.framework/Headers/gl.h:2741:13: note: 'glVertex3fv' has been explicitly marked deprecated here
 2741 | extern void glVertex3fv (const GLfloat *v) OPENGL_DEPRECATED(10.0, 10.14);
      |             ^
/tmp/resinsight-p01-build/source/Fwk/VizFwk/LibRender/cvfOverlayScalarMapperLegend.cpp:597:9: warning: 'glEnd' is deprecated: first deprecated in macOS 10.14 - OpenGL API deprecated. (Define GL_SILENCE_DEPRECATION to silence these warnings) [-Wdeprecated-declarations]
  597 |         glEnd();
      |         ^
/Applications/Xcode.app/Contents/Developer/Platforms/MacOSX.platform/Developer/SDKs/MacOSX.sdk/System/Library/Frameworks/OpenGL.framework/Headers/gl.h:2474:13: note: 'glEnd' has been explicitly marked deprecated here
 2474 | extern void glEnd (void) OPENGL_DEPRECATED(10.0, 10.14);
      |             ^
/tmp/resinsight-p01-build/source/Fwk/VizFwk/LibRender/cvfOverlayScalarMapperLegend.cpp:621:13: warning: 'glColor3fv' is deprecated: first deprecated in macOS 10.14 - OpenGL API deprecated. (Define GL_SILENCE_DEPRECATION to silence these warnings) [-Wdeprecated-declarations]
  621 |             glColor3fv(m_color.ptr());
      |             ^
/Applications/Xcode.app/Contents/Developer/Platforms/MacOSX.platform/Developer/SDKs/MacOSX.sdk/System/Library/Frameworks/OpenGL.framework/Headers/gl.h:2406:13: note: 'glColor3fv' has been explicitly marked deprecated here
 2406 | extern void glColor3fv (const GLfloat *v) OPENGL_DEPRECATED(10.0, 10.14);
      |             ^
/tmp/resinsight-p01-build/source/Fwk/VizFwk/LibRender/cvfOverlayScalarMapperLegend.cpp:622:13: warning: 'glBegin' is deprecated: first deprecated in macOS 10.14 - OpenGL API deprecated. (Define GL_SILENCE_DEPRECATION to silence these warnings) [-Wdeprecated-declarations]
  622 |             glBegin(GL_LINES);
      |             ^
/Applications/Xcode.app/Contents/Developer/Platforms/MacOSX.platform/Developer/SDKs/MacOSX.sdk/System/Library/Frameworks/OpenGL.framework/Headers/gl.h:2385:13: note: 'glBegin' has been explicitly marked deprecated here
 2385 | extern void glBegin (GLenum mode) OPENGL_DEPRECATED(10.0, 10.14);
      |             ^
/tmp/resinsight-p01-build/source/Fwk/VizFwk/LibRender/cvfOverlayScalarMapperLegend.cpp:625:17: warning: 'glVertex3fv' is deprecated: first deprecated in macOS 10.14 - OpenGL API deprecated. (Define GL_SILENCE_DEPRECATION to silence these warnings) [-Wdeprecated-declarations]
  625 |                 glVertex3fv(v0);
      |                 ^
/Applications/Xcode.app/Contents/Developer/Platforms/MacOSX.platform/Developer/SDKs/MacOSX.sdk/System/Library/Frameworks/OpenGL.framework/Headers/gl.h:2741:13: note: 'glVertex3fv' has been explicitly marked deprecated here
 2741 | extern void glVertex3fv (const GLfloat *v) OPENGL_DEPRECATED(10.0, 10.14);
      |             ^
/tmp/resinsight-p01-build/source/Fwk/VizFwk/LibRender/cvfOverlayScalarMapperLegend.cpp:626:17: warning: 'glVertex3fv' is deprecated: first deprecated in macOS 10.14 - OpenGL API deprecated. (Define GL_SILENCE_DEPRECATION to silence these warnings) [-Wdeprecated-declarations]
  626 |                 glVertex3fv(v4); 
      |                 ^
/Applications/Xcode.app/Contents/Developer/Platforms/MacOSX.platform/Developer/SDKs/MacOSX.sdk/System/Library/Frameworks/OpenGL.framework/Headers/gl.h:2741:13: note: 'glVertex3fv' has been explicitly marked deprecated here
 2741 | extern void glVertex3fv (const GLfloat *v) OPENGL_DEPRECATED(10.0, 10.14);
      |             ^
/tmp/resinsight-p01-build/source/Fwk/VizFwk/LibRender/cvfOverlayScalarMapperLegend.cpp:630:17: warning: 'glVertex3fv' is deprecated: first deprecated in macOS 10.14 - OpenGL API deprecated. (Define GL_SILENCE_DEPRECATION to silence these warnings) [-Wdeprecated-declarations]
  630 |                 glVertex3fv(v2);
      |                 ^
/Applications/Xcode.app/Contents/Developer/Platforms/MacOSX.platform/Developer/SDKs/MacOSX.sdk/System/Library/Frameworks/OpenGL.framework/Headers/gl.h:2741:13: note: 'glVertex3fv' has been explicitly marked deprecated here
 2741 | extern void glVertex3fv (const GLfloat *v) OPENGL_DEPRECATED(10.0, 10.14);
      |             ^
/tmp/resinsight-p01-build/source/Fwk/VizFwk/LibRender/cvfOverlayScalarMapperLegend.cpp:631:17: warning: 'glVertex3fv' is deprecated: first deprecated in macOS 10.14 - OpenGL API deprecated. (Define GL_SILENCE_DEPRECATION to silence these warnings) [-Wdeprecated-declarations]
  631 |                 glVertex3fv(v3);
      |                 ^
/Applications/Xcode.app/Contents/Developer/Platforms/MacOSX.platform/Developer/SDKs/MacOSX.sdk/System/Library/Frameworks/OpenGL.framework/Headers/gl.h:2741:13: note: 'glVertex3fv' has been explicitly marked deprecated here
 2741 | extern void glVertex3fv (const GLfloat *v) OPENGL_DEPRECATED(10.0, 10.14);
      |             ^
/tmp/resinsight-p01-build/source/Fwk/VizFwk/LibRender/cvfOverlayScalarMapperLegend.cpp:633:13: warning: 'glEnd' is deprecated: first deprecated in macOS 10.14 - OpenGL API deprecated. (Define GL_SILENCE_DEPRECATION to silence these warnings) [-Wdeprecated-declarations]
  633 |             glEnd();
      |             ^
/Applications/Xcode.app/Contents/Developer/Platforms/MacOSX.platform/Developer/SDKs/MacOSX.sdk/System/Library/Frameworks/OpenGL.framework/Headers/gl.h:2474:13: note: 'glEnd' has been explicitly marked deprecated here
 2474 | extern void glEnd (void) OPENGL_DEPRECATED(10.0, 10.14);
      |             ^
25 warnings generated.
[94/3503] Building CXX object Fwk/VizFwk/LibRender/CMakeFiles/LibRender.dir/cvfOverlayColorLegend.cpp.o
/tmp/resinsight-p01-build/source/Fwk/VizFwk/LibRender/cvfOverlayColorLegend.cpp:510:9: warning: 'glColor3ubv' is deprecated: first deprecated in macOS 10.14 - OpenGL API deprecated. (Define GL_SILENCE_DEPRECATION to silence these warnings) [-Wdeprecated-declarations]
  510 |         glColor3ubv(levelColor.ptr());
      |         ^
/Applications/Xcode.app/Contents/Developer/Platforms/MacOSX.platform/Developer/SDKs/MacOSX.sdk/System/Library/Frameworks/OpenGL.framework/Headers/gl.h:2412:13: note: 'glColor3ubv' has been explicitly marked deprecated here
 2412 | extern void glColor3ubv (const GLubyte *v) OPENGL_DEPRECATED(10.0, 10.14);
      |             ^
/tmp/resinsight-p01-build/source/Fwk/VizFwk/LibRender/cvfOverlayColorLegend.cpp:511:9: warning: 'glBegin' is deprecated: first deprecated in macOS 10.14 - OpenGL API deprecated. (Define GL_SILENCE_DEPRECATION to silence these warnings) [-Wdeprecated-declarations]
  511 |         glBegin(GL_TRIANGLE_FAN);
      |         ^
/Applications/Xcode.app/Contents/Developer/Platforms/MacOSX.platform/Developer/SDKs/MacOSX.sdk/System/Library/Frameworks/OpenGL.framework/Headers/gl.h:2385:13: note: 'glBegin' has been explicitly marked deprecated here
 2385 | extern void glBegin (GLenum mode) OPENGL_DEPRECATED(10.0, 10.14);
      |             ^
/tmp/resinsight-p01-build/source/Fwk/VizFwk/LibRender/cvfOverlayColorLegend.cpp:512:9: warning: 'glVertex3fv' is deprecated: first deprecated in macOS 10.14 - OpenGL API deprecated. (Define GL_SILENCE_DEPRECATION to silence these warnings) [-Wdeprecated-declarations]
  512 |         glVertex3fv(v1);
      |         ^
/Applications/Xcode.app/Contents/Developer/Platforms/MacOSX.platform/Developer/SDKs/MacOSX.sdk/System/Library/Frameworks/OpenGL.framework/Headers/gl.h:2741:13: note: 'glVertex3fv' has been explicitly marked deprecated here
 2741 | extern void glVertex3fv (const GLfloat *v) OPENGL_DEPRECATED(10.0, 10.14);
      |             ^
/tmp/resinsight-p01-build/source/Fwk/VizFwk/LibRender/cvfOverlayColorLegend.cpp:513:9: warning: 'glVertex3fv' is deprecated: first deprecated in macOS 10.14 - OpenGL API deprecated. (Define GL_SILENCE_DEPRECATION to silence these warnings) [-Wdeprecated-declarations]
  513 |         glVertex3fv(v2);
      |         ^
/Applications/Xcode.app/Contents/Developer/Platforms/MacOSX.platform/Developer/SDKs/MacOSX.sdk/System/Library/Frameworks/OpenGL.framework/Headers/gl.h:2741:13: note: 'glVertex3fv' has been explicitly marked deprecated here
 2741 | extern void glVertex3fv (const GLfloat *v) OPENGL_DEPRECATED(10.0, 10.14);
      |             ^
/tmp/resinsight-p01-build/source/Fwk/VizFwk/LibRender/cvfOverlayColorLegend.cpp:514:9: warning: 'glVertex3fv' is deprecated: first deprecated in macOS 10.14 - OpenGL API deprecated. (Define GL_SILENCE_DEPRECATION to silence these warnings) [-Wdeprecated-declarations]
  514 |         glVertex3fv(v5);
      |         ^
/Applications/Xcode.app/Contents/Developer/Platforms/MacOSX.platform/Developer/SDKs/MacOSX.sdk/System/Library/Frameworks/OpenGL.framework/Headers/gl.h:2741:13: note: 'glVertex3fv' has been explicitly marked deprecated here
 2741 | extern void glVertex3fv (const GLfloat *v) OPENGL_DEPRECATED(10.0, 10.14);
      |             ^
/tmp/resinsight-p01-build/source/Fwk/VizFwk/LibRender/cvfOverlayColorLegend.cpp:515:9: warning: 'glVertex3fv' is deprecated: first deprecated in macOS 10.14 - OpenGL API deprecated. (Define GL_SILENCE_DEPRECATION to silence these warnings) [-Wdeprecated-declarations]
  515 |         glVertex3fv(v4);
      |         ^
/Applications/Xcode.app/Contents/Developer/Platforms/MacOSX.platform/Developer/SDKs/MacOSX.sdk/System/Library/Frameworks/OpenGL.framework/Headers/gl.h:2741:13: note: 'glVertex3fv' has been explicitly marked deprecated here
 2741 | extern void glVertex3fv (const GLfloat *v) OPENGL_DEPRECATED(10.0, 10.14);
      |             ^
/tmp/resinsight-p01-build/source/Fwk/VizFwk/LibRender/cvfOverlayColorLegend.cpp:516:9: warning: 'glEnd' is deprecated: first deprecated in macOS 10.14 - OpenGL API deprecated. (Define GL_SILENCE_DEPRECATION to silence these warnings) [-Wdeprecated-declarations]
  516 |         glEnd();
      |         ^
/Applications/Xcode.app/Contents/Developer/Platforms/MacOSX.platform/Developer/SDKs/MacOSX.sdk/System/Library/Frameworks/OpenGL.framework/Headers/gl.h:2474:13: note: 'glEnd' has been explicitly marked deprecated here
 2474 | extern void glEnd (void) OPENGL_DEPRECATED(10.0, 10.14);
      |             ^
/tmp/resinsight-p01-build/source/Fwk/VizFwk/LibRender/cvfOverlayColorLegend.cpp:519:9: warning: 'glColor3fv' is deprecated: first deprecated in macOS 10.14 - OpenGL API deprecated. (Define GL_SILENCE_DEPRECATION to silence these warnings) [-Wdeprecated-declarations]
  519 |         glColor3fv(m_color.ptr());
      |         ^
/Applications/Xcode.app/Contents/Developer/Platforms/MacOSX.platform/Developer/SDKs/MacOSX.sdk/System/Library/Frameworks/OpenGL.framework/Headers/gl.h:2406:13: note: 'glColor3fv' has been explicitly marked deprecated here
 2406 | extern void glColor3fv (const GLfloat *v) OPENGL_DEPRECATED(10.0, 10.14);
      |             ^
/tmp/resinsight-p01-build/source/Fwk/VizFwk/LibRender/cvfOverlayColorLegend.cpp:520:9: warning: 'glBegin' is deprecated: first deprecated in macOS 10.14 - OpenGL API deprecated. (Define GL_SILENCE_DEPRECATION to silence these warnings) [-Wdeprecated-declarations]
  520 |         glBegin(GL_LINES);
      |         ^
/Applications/Xcode.app/Contents/Developer/Platforms/MacOSX.platform/Developer/SDKs/MacOSX.sdk/System/Library/Frameworks/OpenGL.framework/Headers/gl.h:2385:13: note: 'glBegin' has been explicitly marked deprecated here
 2385 | extern void glBegin (GLenum mode) OPENGL_DEPRECATED(10.0, 10.14);
      |             ^
/tmp/resinsight-p01-build/source/Fwk/VizFwk/LibRender/cvfOverlayColorLegend.cpp:521:9: warning: 'glVertex3fv' is deprecated: first deprecated in macOS 10.14 - OpenGL API deprecated. (Define GL_SILENCE_DEPRECATION to silence these warnings) [-Wdeprecated-declarations]
  521 |         glVertex3fv(v1);
      |         ^
/Applications/Xcode.app/Contents/Developer/Platforms/MacOSX.platform/Developer/SDKs/MacOSX.sdk/System/Library/Frameworks/OpenGL.framework/Headers/gl.h:2741:13: note: 'glVertex3fv' has been explicitly marked deprecated here
 2741 | extern void glVertex3fv (const GLfloat *v) OPENGL_DEPRECATED(10.0, 10.14);
      |             ^
/tmp/resinsight-p01-build/source/Fwk/VizFwk/LibRender/cvfOverlayColorLegend.cpp:522:9: warning: 'glVertex3fv' is deprecated: first deprecated in macOS 10.14 - OpenGL API deprecated. (Define GL_SILENCE_DEPRECATION to silence these warnings) [-Wdeprecated-declarations]
  522 |         glVertex3fv(v4);
      |         ^
/Applications/Xcode.app/Contents/Developer/Platforms/MacOSX.platform/Developer/SDKs/MacOSX.sdk/System/Library/Frameworks/OpenGL.framework/Headers/gl.h:2741:13: note: 'glVertex3fv' has been explicitly marked deprecated here
 2741 | extern void glVertex3fv (const GLfloat *v) OPENGL_DEPRECATED(10.0, 10.14);
      |             ^
/tmp/resinsight-p01-build/source/Fwk/VizFwk/LibRender/cvfOverlayColorLegend.cpp:523:9: warning: 'glVertex3fv' is deprecated: first deprecated in macOS 10.14 - OpenGL API deprecated. (Define GL_SILENCE_DEPRECATION to silence these warnings) [-Wdeprecated-declarations]
  523 |         glVertex3fv(v2);
      |         ^
/Applications/Xcode.app/Contents/Developer/Platforms/MacOSX.platform/Developer/SDKs/MacOSX.sdk/System/Library/Frameworks/OpenGL.framework/Headers/gl.h:2741:13: note: 'glVertex3fv' has been explicitly marked deprecated here
 2741 | extern void glVertex3fv (const GLfloat *v) OPENGL_DEPRECATED(10.0, 10.14);
      |             ^
/tmp/resinsight-p01-build/source/Fwk/VizFwk/LibRender/cvfOverlayColorLegend.cpp:524:9: warning: 'glVertex3fv' is deprecated: first deprecated in macOS 10.14 - OpenGL API deprecated. (Define GL_SILENCE_DEPRECATION to silence these warnings) [-Wdeprecated-declarations]
  524 |         glVertex3fv(v5);
      |         ^
/Applications/Xcode.app/Contents/Developer/Platforms/MacOSX.platform/Developer/SDKs/MacOSX.sdk/System/Library/Frameworks/OpenGL.framework/Headers/gl.h:2741:13: note: 'glVertex3fv' has been explicitly marked deprecated here
 2741 | extern void glVertex3fv (const GLfloat *v) OPENGL_DEPRECATED(10.0, 10.14);
      |             ^
/tmp/resinsight-p01-build/source/Fwk/VizFwk/LibRender/cvfOverlayColorLegend.cpp:525:9: warning: 'glVertex3fv' is deprecated: first deprecated in macOS 10.14 - OpenGL API deprecated. (Define GL_SILENCE_DEPRECATION to silence these warnings) [-Wdeprecated-declarations]
  525 |         glVertex3fv(v1);
      |         ^
/Applications/Xcode.app/Contents/Developer/Platforms/MacOSX.platform/Developer/SDKs/MacOSX.sdk/System/Library/Frameworks/OpenGL.framework/Headers/gl.h:2741:13: note: 'glVertex3fv' has been explicitly marked deprecated here
 2741 | extern void glVertex3fv (const GLfloat *v) OPENGL_DEPRECATED(10.0, 10.14);
      |             ^
/tmp/resinsight-p01-build/source/Fwk/VizFwk/LibRender/cvfOverlayColorLegend.cpp:526:9: warning: 'glVertex3fv' is deprecated: first deprecated in macOS 10.14 - OpenGL API deprecated. (Define GL_SILENCE_DEPRECATION to silence these warnings) [-Wdeprecated-declarations]
  526 |         glVertex3fv(v3);
      |         ^
/Applications/Xcode.app/Contents/Developer/Platforms/MacOSX.platform/Developer/SDKs/MacOSX.sdk/System/Library/Frameworks/OpenGL.framework/Headers/gl.h:2741:13: note: 'glVertex3fv' has been explicitly marked deprecated here
 2741 | extern void glVertex3fv (const GLfloat *v) OPENGL_DEPRECATED(10.0, 10.14);
      |             ^
/tmp/resinsight-p01-build/source/Fwk/VizFwk/LibRender/cvfOverlayColorLegend.cpp:527:9: warning: 'glVertex3fv' is deprecated: first deprecated in macOS 10.14 - OpenGL API deprecated. (Define GL_SILENCE_DEPRECATION to silence these warnings) [-Wdeprecated-declarations]
  527 |         glVertex3fv(v4);
      |         ^
/Applications/Xcode.app/Contents/Developer/Platforms/MacOSX.platform/Developer/SDKs/MacOSX.sdk/System/Library/Frameworks/OpenGL.framework/Headers/gl.h:2741:13: note: 'glVertex3fv' has been explicitly marked deprecated here
 2741 | extern void glVertex3fv (const GLfloat *v) OPENGL_DEPRECATED(10.0, 10.14);
      |             ^
/tmp/resinsight-p01-build/source/Fwk/VizFwk/LibRender/cvfOverlayColorLegend.cpp:528:9: warning: 'glVertex3fv' is deprecated: first deprecated in macOS 10.14 - OpenGL API deprecated. (Define GL_SILENCE_DEPRECATION to silence these warnings) [-Wdeprecated-declarations]
  528 |         glVertex3fv(v6);
      |         ^
/Applications/Xcode.app/Contents/Developer/Platforms/MacOSX.platform/Developer/SDKs/MacOSX.sdk/System/Library/Frameworks/OpenGL.framework/Headers/gl.h:2741:13: note: 'glVertex3fv' has been explicitly marked deprecated here
 2741 | extern void glVertex3fv (const GLfloat *v) OPENGL_DEPRECATED(10.0, 10.14);
      |             ^
/tmp/resinsight-p01-build/source/Fwk/VizFwk/LibRender/cvfOverlayColorLegend.cpp:529:9: warning: 'glEnd' is deprecated: first deprecated in macOS 10.14 - OpenGL API deprecated. (Define GL_SILENCE_DEPRECATION to silence these warnings) [-Wdeprecated-declarations]
  529 |         glEnd();
      |         ^
/Applications/Xcode.app/Contents/Developer/Platforms/MacOSX.platform/Developer/SDKs/MacOSX.sdk/System/Library/Frameworks/OpenGL.framework/Headers/gl.h:2474:13: note: 'glEnd' has been explicitly marked deprecated here
 2474 | extern void glEnd (void) OPENGL_DEPRECATED(10.0, 10.14);
      |             ^
18 warnings generated.
[95/3503] Building CXX object Fwk/VizFwk/LibRender/CMakeFiles/LibRender.dir/cvfOverlayItem.cpp.o
[96/3503] Building CXX object Fwk/VizFwk/LibRender/CMakeFiles/LibRender.dir/cvfOverlayImage.cpp.o
/tmp/resinsight-p01-build/source/Fwk/VizFwk/LibRender/cvfOverlayImage.cpp:285:9: warning: 'glColor4f' is deprecated: first deprecated in macOS 10.14 - OpenGL API deprecated. (Define GL_SILENCE_DEPRECATION to silence these warnings) [-Wdeprecated-declarations]
  285 |         glColor4f(1.0f, 1.0f, 1.0f, m_blendMode == GLOBAL_ALPHA ? m_alpha : 1.0f);
      |         ^
/Applications/Xcode.app/Contents/Developer/Platforms/MacOSX.platform/Developer/SDKs/MacOSX.sdk/System/Library/Frameworks/OpenGL.framework/Headers/gl.h:2421:13: note: 'glColor4f' has been explicitly marked deprecated here
 2421 | extern void glColor4f (GLfloat red, GLfloat green, GLfloat blue, GLfloat alpha) OPENGL_DEPRECATED(10.0, 10.14);
      |             ^
/tmp/resinsight-p01-build/source/Fwk/VizFwk/LibRender/cvfOverlayImage.cpp:286:9: warning: 'glBegin' is deprecated: first deprecated in macOS 10.14 - OpenGL API deprecated. (Define GL_SILENCE_DEPRECATION to silence these warnings) [-Wdeprecated-declarations]
  286 |         glBegin(GL_TRIANGLE_FAN);
      |         ^
/Applications/Xcode.app/Contents/Developer/Platforms/MacOSX.platform/Developer/SDKs/MacOSX.sdk/System/Library/Frameworks/OpenGL.framework/Headers/gl.h:2385:13: note: 'glBegin' has been explicitly marked deprecated here
 2385 | extern void glBegin (GLenum mode) OPENGL_DEPRECATED(10.0, 10.14);
      |             ^
/tmp/resinsight-p01-build/source/Fwk/VizFwk/LibRender/cvfOverlayImage.cpp:287:9: warning: 'glTexCoord2f' is deprecated: first deprecated in macOS 10.14 - OpenGL API deprecated. (Define GL_SILENCE_DEPRECATION to silence these warnings) [-Wdeprecated-declarations]
  287 |         glTexCoord2f(textureCoords[0], textureCoords[1]);
      |         ^
/Applications/Xcode.app/Contents/Developer/Platforms/MacOSX.platform/Developer/SDKs/MacOSX.sdk/System/Library/Frameworks/OpenGL.framework/Headers/gl.h:2685:13: note: 'glTexCoord2f' has been explicitly marked deprecated here
 2685 | extern void glTexCoord2f (GLfloat s, GLfloat t) OPENGL_DEPRECATED(10.0, 10.14);
      |             ^
/tmp/resinsight-p01-build/source/Fwk/VizFwk/LibRender/cvfOverlayImage.cpp:288:9: warning: 'glVertex3fv' is deprecated: first deprecated in macOS 10.14 - OpenGL API deprecated. (Define GL_SILENCE_DEPRECATION to silence these warnings) [-Wdeprecated-declarations]
  288 |         glVertex3fv(v1);
      |         ^
/Applications/Xcode.app/Contents/Developer/Platforms/MacOSX.platform/Developer/SDKs/MacOSX.sdk/System/Library/Frameworks/OpenGL.framework/Headers/gl.h:2741:13: note: 'glVertex3fv' has been explicitly marked deprecated here
 2741 | extern void glVertex3fv (const GLfloat *v) OPENGL_DEPRECATED(10.0, 10.14);
      |             ^
/tmp/resinsight-p01-build/source/Fwk/VizFwk/LibRender/cvfOverlayImage.cpp:289:9: warning: 'glTexCoord2f' is deprecated: first deprecated in macOS 10.14 - OpenGL API deprecated. (Define GL_SILENCE_DEPRECATION to silence these warnings) [-Wdeprecated-declarations]
  289 |         glTexCoord2f(textureCoords[2], textureCoords[3]);
      |         ^
/Applications/Xcode.app/Contents/Developer/Platforms/MacOSX.platform/Developer/SDKs/MacOSX.sdk/System/Library/Frameworks/OpenGL.framework/Headers/gl.h:2685:13: note: 'glTexCoord2f' has been explicitly marked deprecated here
 2685 | extern void glTexCoord2f (GLfloat s, GLfloat t) OPENGL_DEPRECATED(10.0, 10.14);
      |             ^
/tmp/resinsight-p01-build/source/Fwk/VizFwk/LibRender/cvfOverlayImage.cpp:290:9: warning: 'glVertex3fv' is deprecated: first deprecated in macOS 10.14 - OpenGL API deprecated. (Define GL_SILENCE_DEPRECATION to silence these warnings) [-Wdeprecated-declarations]
  290 |         glVertex3fv(v2);
      |         ^
/Applications/Xcode.app/Contents/Developer/Platforms/MacOSX.platform/Developer/SDKs/MacOSX.sdk/System/Library/Frameworks/OpenGL.framework/Headers/gl.h:2741:13: note: 'glVertex3fv' has been explicitly marked deprecated here
 2741 | extern void glVertex3fv (const GLfloat *v) OPENGL_DEPRECATED(10.0, 10.14);
      |             ^
/tmp/resinsight-p01-build/source/Fwk/VizFwk/LibRender/cvfOverlayImage.cpp:291:9: warning: 'glTexCoord2f' is deprecated: first deprecated in macOS 10.14 - OpenGL API deprecated. (Define GL_SILENCE_DEPRECATION to silence these warnings) [-Wdeprecated-declarations]
  291 |         glTexCoord2f(textureCoords[4], textureCoords[5]);
      |         ^
/Applications/Xcode.app/Contents/Developer/Platforms/MacOSX.platform/Developer/SDKs/MacOSX.sdk/System/Library/Frameworks/OpenGL.framework/Headers/gl.h:2685:13: note: 'glTexCoord2f' has been explicitly marked deprecated here
 2685 | extern void glTexCoord2f (GLfloat s, GLfloat t) OPENGL_DEPRECATED(10.0, 10.14);
      |             ^
/tmp/resinsight-p01-build/source/Fwk/VizFwk/LibRender/cvfOverlayImage.cpp:292:9: warning: 'glVertex3fv' is deprecated: first deprecated in macOS 10.14 - OpenGL API deprecated. (Define GL_SILENCE_DEPRECATION to silence these warnings) [-Wdeprecated-declarations]
  292 |         glVertex3fv(v3);
      |         ^
/Applications/Xcode.app/Contents/Developer/Platforms/MacOSX.platform/Developer/SDKs/MacOSX.sdk/System/Library/Frameworks/OpenGL.framework/Headers/gl.h:2741:13: note: 'glVertex3fv' has been explicitly marked deprecated here
 2741 | extern void glVertex3fv (const GLfloat *v) OPENGL_DEPRECATED(10.0, 10.14);
      |             ^
/tmp/resinsight-p01-build/source/Fwk/VizFwk/LibRender/cvfOverlayImage.cpp:293:9: warning: 'glTexCoord2f' is deprecated: first deprecated in macOS 10.14 - OpenGL API deprecated. (Define GL_SILENCE_DEPRECATION to silence these warnings) [-Wdeprecated-declarations]
  293 |         glTexCoord2f(textureCoords[6], textureCoords[7]);
      |         ^
/Applications/Xcode.app/Contents/Developer/Platforms/MacOSX.platform/Developer/SDKs/MacOSX.sdk/System/Library/Frameworks/OpenGL.framework/Headers/gl.h:2685:13: note: 'glTexCoord2f' has been explicitly marked deprecated here
 2685 | extern void glTexCoord2f (GLfloat s, GLfloat t) OPENGL_DEPRECATED(10.0, 10.14);
      |             ^
/tmp/resinsight-p01-build/source/Fwk/VizFwk/LibRender/cvfOverlayImage.cpp:294:9: warning: 'glVertex3fv' is deprecated: first deprecated in macOS 10.14 - OpenGL API deprecated. (Define GL_SILENCE_DEPRECATION to silence these warnings) [-Wdeprecated-declarations]
  294 |         glVertex3fv(v4);
      |         ^
/Applications/Xcode.app/Contents/Developer/Platforms/MacOSX.platform/Developer/SDKs/MacOSX.sdk/System/Library/Frameworks/OpenGL.framework/Headers/gl.h:2741:13: note: 'glVertex3fv' has been explicitly marked deprecated here
 2741 | extern void glVertex3fv (const GLfloat *v) OPENGL_DEPRECATED(10.0, 10.14);
      |             ^
/tmp/resinsight-p01-build/source/Fwk/VizFwk/LibRender/cvfOverlayImage.cpp:295:9: warning: 'glEnd' is deprecated: first deprecated in macOS 10.14 - OpenGL API deprecated. (Define GL_SILENCE_DEPRECATION to silence these warnings) [-Wdeprecated-declarations]
  295 |         glEnd();
      |         ^
/Applications/Xcode.app/Contents/Developer/Platforms/MacOSX.platform/Developer/SDKs/MacOSX.sdk/System/Library/Frameworks/OpenGL.framework/Headers/gl.h:2474:13: note: 'glEnd' has been explicitly marked deprecated here
 2474 | extern void glEnd (void) OPENGL_DEPRECATED(10.0, 10.14);
      |             ^
11 warnings generated.
[97/3503] Building CXX object Fwk/VizFwk/LibRender/CMakeFiles/LibRender.dir/cvfOverlayNavigationCube.cpp.o
/tmp/resinsight-p01-build/source/Fwk/VizFwk/LibRender/cvfOverlayNavigationCube.cpp:474:21: warning: 'glColor3fv' is deprecated: first deprecated in macOS 10.14 - OpenGL API deprecated. (Define GL_SILENCE_DEPRECATION to silence these warnings) [-Wdeprecated-declarations]
  474 |                     glColor3fv(renderFaceColor.ptr());
      |                     ^
/Applications/Xcode.app/Contents/Developer/Platforms/MacOSX.platform/Developer/SDKs/MacOSX.sdk/System/Library/Frameworks/OpenGL.framework/Headers/gl.h:2406:13: note: 'glColor3fv' has been explicitly marked deprecated here
 2406 | extern void glColor3fv (const GLfloat *v) OPENGL_DEPRECATED(10.0, 10.14);
      |             ^
/tmp/resinsight-p01-build/source/Fwk/VizFwk/LibRender/cvfOverlayNavigationCube.cpp:520:9: warning: 'glColor3fv' is deprecated: first deprecated in macOS 10.14 - OpenGL API deprecated. (Define GL_SILENCE_DEPRECATION to silence these warnings) [-Wdeprecated-declarations]
  520 |         glColor3fv(m_hightlightItem == NCI_HOME ? m_itemHighlightColor.ptr() : m_2dItemsColor.ptr());
      |         ^
/Applications/Xcode.app/Contents/Developer/Platforms/MacOSX.platform/Developer/SDKs/MacOSX.sdk/System/Library/Frameworks/OpenGL.framework/Headers/gl.h:2406:13: note: 'glColor3fv' has been explicitly marked deprecated here
 2406 | extern void glColor3fv (const GLfloat *v) OPENGL_DEPRECATED(10.0, 10.14);
      |             ^
/tmp/resinsight-p01-build/source/Fwk/VizFwk/LibRender/cvfOverlayNavigationCube.cpp:549:17: warning: 'glColor3fv' is deprecated: first deprecated in macOS 10.14 - OpenGL API deprecated. (Define GL_SILENCE_DEPRECATION to silence these warnings) [-Wdeprecated-declarations]
  549 |                 glColor3fv(renderFaceColor.ptr());
      |                 ^
/Applications/Xcode.app/Contents/Developer/Platforms/MacOSX.platform/Developer/SDKs/MacOSX.sdk/System/Library/Frameworks/OpenGL.framework/Headers/gl.h:2406:13: note: 'glColor3fv' has been explicitly marked deprecated here
 2406 | extern void glColor3fv (const GLfloat *v) OPENGL_DEPRECATED(10.0, 10.14);
      |             ^
3 warnings generated.
[98/3503] Building CXX object Fwk/VizFwk/LibRender/CMakeFiles/LibRender.dir/cvfOverlayTextBox.cpp.o
/tmp/resinsight-p01-build/source/Fwk/VizFwk/LibRender/cvfOverlayTextBox.cpp:224:13: warning: 'glColor4fv' is deprecated: first deprecated in macOS 10.14 - OpenGL API deprecated. (Define GL_SILENCE_DEPRECATION to silence these warnings) [-Wdeprecated-declarations]
  224 |             glColor4fv(m_backgroundColor.ptr());
      |             ^
/Applications/Xcode.app/Contents/Developer/Platforms/MacOSX.platform/Developer/SDKs/MacOSX.sdk/System/Library/Frameworks/OpenGL.framework/Headers/gl.h:2422:13: note: 'glColor4fv' has been explicitly marked deprecated here
 2422 | extern void glColor4fv (const GLfloat *v) OPENGL_DEPRECATED(10.0, 10.14);
      |             ^
/tmp/resinsight-p01-build/source/Fwk/VizFwk/LibRender/cvfOverlayTextBox.cpp:225:13: warning: 'glBegin' is deprecated: first deprecated in macOS 10.14 - OpenGL API deprecated. (Define GL_SILENCE_DEPRECATION to silence these warnings) [-Wdeprecated-declarations]
  225 |             glBegin(GL_TRIANGLE_FAN);
      |             ^
/Applications/Xcode.app/Contents/Developer/Platforms/MacOSX.platform/Developer/SDKs/MacOSX.sdk/System/Library/Frameworks/OpenGL.framework/Headers/gl.h:2385:13: note: 'glBegin' has been explicitly marked deprecated here
 2385 | extern void glBegin (GLenum mode) OPENGL_DEPRECATED(10.0, 10.14);
      |             ^
/tmp/resinsight-p01-build/source/Fwk/VizFwk/LibRender/cvfOverlayTextBox.cpp:226:13: warning: 'glVertex3fv' is deprecated: first deprecated in macOS 10.14 - OpenGL API deprecated. (Define GL_SILENCE_DEPRECATION to silence these warnings) [-Wdeprecated-declarations]
  226 |             glVertex3fv(v1);
      |             ^
/Applications/Xcode.app/Contents/Developer/Platforms/MacOSX.platform/Developer/SDKs/MacOSX.sdk/System/Library/Frameworks/OpenGL.framework/Headers/gl.h:2741:13: note: 'glVertex3fv' has been explicitly marked deprecated here
 2741 | extern void glVertex3fv (const GLfloat *v) OPENGL_DEPRECATED(10.0, 10.14);
      |             ^
/tmp/resinsight-p01-build/source/Fwk/VizFwk/LibRender/cvfOverlayTextBox.cpp:227:13: warning: 'glVertex3fv' is deprecated: first deprecated in macOS 10.14 - OpenGL API deprecated. (Define GL_SILENCE_DEPRECATION to silence these warnings) [-Wdeprecated-declarations]
  227 |             glVertex3fv(v2);
      |             ^
/Applications/Xcode.app/Contents/Developer/Platforms/MacOSX.platform/Developer/SDKs/MacOSX.sdk/System/Library/Frameworks/OpenGL.framework/Headers/gl.h:2741:13: note: 'glVertex3fv' has been explicitly marked deprecated here
 2741 | extern void glVertex3fv (const GLfloat *v) OPENGL_DEPRECATED(10.0, 10.14);
      |             ^
/tmp/resinsight-p01-build/source/Fwk/VizFwk/LibRender/cvfOverlayTextBox.cpp:228:13: warning: 'glVertex3fv' is deprecated: first deprecated in macOS 10.14 - OpenGL API deprecated. (Define GL_SILENCE_DEPRECATION to silence these warnings) [-Wdeprecated-declarations]
  228 |             glVertex3fv(v3);
      |             ^
/Applications/Xcode.app/Contents/Developer/Platforms/MacOSX.platform/Developer/SDKs/MacOSX.sdk/System/Library/Frameworks/OpenGL.framework/Headers/gl.h:2741:13: note: 'glVertex3fv' has been explicitly marked deprecated here
 2741 | extern void glVertex3fv (const GLfloat *v) OPENGL_DEPRECATED(10.0, 10.14);
      |             ^
/tmp/resinsight-p01-build/source/Fwk/VizFwk/LibRender/cvfOverlayTextBox.cpp:229:13: warning: 'glVertex3fv' is deprecated: first deprecated in macOS 10.14 - OpenGL API deprecated. (Define GL_SILENCE_DEPRECATION to silence these warnings) [-Wdeprecated-declarations]
  229 |             glVertex3fv(v4);
      |             ^
/Applications/Xcode.app/Contents/Developer/Platforms/MacOSX.platform/Developer/SDKs/MacOSX.sdk/System/Library/Frameworks/OpenGL.framework/Headers/gl.h:2741:13: note: 'glVertex3fv' has been explicitly marked deprecated here
 2741 | extern void glVertex3fv (const GLfloat *v) OPENGL_DEPRECATED(10.0, 10.14);
      |             ^
/tmp/resinsight-p01-build/source/Fwk/VizFwk/LibRender/cvfOverlayTextBox.cpp:230:13: warning: 'glEnd' is deprecated: first deprecated in macOS 10.14 - OpenGL API deprecated. (Define GL_SILENCE_DEPRECATION to silence these warnings) [-Wdeprecated-declarations]
  230 |             glEnd();
      |             ^
/Applications/Xcode.app/Contents/Developer/Platforms/MacOSX.platform/Developer/SDKs/MacOSX.sdk/System/Library/Frameworks/OpenGL.framework/Headers/gl.h:2474:13: note: 'glEnd' has been explicitly marked deprecated here
 2474 | extern void glEnd (void) OPENGL_DEPRECATED(10.0, 10.14);
      |             ^
/tmp/resinsight-p01-build/source/Fwk/VizFwk/LibRender/cvfOverlayTextBox.cpp:245:13: warning: 'glColor3fv' is deprecated: first deprecated in macOS 10.14 - OpenGL API deprecated. (Define GL_SILENCE_DEPRECATION to silence these warnings) [-Wdeprecated-declarations]
  245 |             glColor3fv(m_borderColor.ptr());
      |             ^
/Applications/Xcode.app/Contents/Developer/Platforms/MacOSX.platform/Developer/SDKs/MacOSX.sdk/System/Library/Frameworks/OpenGL.framework/Headers/gl.h:2406:13: note: 'glColor3fv' has been explicitly marked deprecated here
 2406 | extern void glColor3fv (const GLfloat *v) OPENGL_DEPRECATED(10.0, 10.14);
      |             ^
/tmp/resinsight-p01-build/source/Fwk/VizFwk/LibRender/cvfOverlayTextBox.cpp:246:13: warning: 'glBegin' is deprecated: first deprecated in macOS 10.14 - OpenGL API deprecated. (Define GL_SILENCE_DEPRECATION to silence these warnings) [-Wdeprecated-declarations]
  246 |             glBegin(GL_LINE_LOOP);
      |             ^
/Applications/Xcode.app/Contents/Developer/Platforms/MacOSX.platform/Developer/SDKs/MacOSX.sdk/System/Library/Frameworks/OpenGL.framework/Headers/gl.h:2385:13: note: 'glBegin' has been explicitly marked deprecated here
 2385 | extern void glBegin (GLenum mode) OPENGL_DEPRECATED(10.0, 10.14);
      |             ^
/tmp/resinsight-p01-build/source/Fwk/VizFwk/LibRender/cvfOverlayTextBox.cpp:247:13: warning: 'glVertex3fv' is deprecated: first deprecated in macOS 10.14 - OpenGL API deprecated. (Define GL_SILENCE_DEPRECATION to silence these warnings) [-Wdeprecated-declarations]
  247 |             glVertex3fv(v1);
      |             ^
/Applications/Xcode.app/Contents/Developer/Platforms/MacOSX.platform/Developer/SDKs/MacOSX.sdk/System/Library/Frameworks/OpenGL.framework/Headers/gl.h:2741:13: note: 'glVertex3fv' has been explicitly marked deprecated here
 2741 | extern void glVertex3fv (const GLfloat *v) OPENGL_DEPRECATED(10.0, 10.14);
      |             ^
/tmp/resinsight-p01-build/source/Fwk/VizFwk/LibRender/cvfOverlayTextBox.cpp:248:13: warning: 'glVertex3fv' is deprecated: first deprecated in macOS 10.14 - OpenGL API deprecated. (Define GL_SILENCE_DEPRECATION to silence these warnings) [-Wdeprecated-declarations]
  248 |             glVertex3fv(v2);
      |             ^
/Applications/Xcode.app/Contents/Developer/Platforms/MacOSX.platform/Developer/SDKs/MacOSX.sdk/System/Library/Frameworks/OpenGL.framework/Headers/gl.h:2741:13: note: 'glVertex3fv' has been explicitly marked deprecated here
 2741 | extern void glVertex3fv (const GLfloat *v) OPENGL_DEPRECATED(10.0, 10.14);
      |             ^
/tmp/resinsight-p01-build/source/Fwk/VizFwk/LibRender/cvfOverlayTextBox.cpp:249:13: warning: 'glVertex3fv' is deprecated: first deprecated in macOS 10.14 - OpenGL API deprecated. (Define GL_SILENCE_DEPRECATION to silence these warnings) [-Wdeprecated-declarations]
  249 |             glVertex3fv(v3);
      |             ^
/Applications/Xcode.app/Contents/Developer/Platforms/MacOSX.platform/Developer/SDKs/MacOSX.sdk/System/Library/Frameworks/OpenGL.framework/Headers/gl.h:2741:13: note: 'glVertex3fv' has been explicitly marked deprecated here
 2741 | extern void glVertex3fv (const GLfloat *v) OPENGL_DEPRECATED(10.0, 10.14);
      |             ^
/tmp/resinsight-p01-build/source/Fwk/VizFwk/LibRender/cvfOverlayTextBox.cpp:250:13: warning: 'glVertex3fv' is deprecated: first deprecated in macOS 10.14 - OpenGL API deprecated. (Define GL_SILENCE_DEPRECATION to silence these warnings) [-Wdeprecated-declarations]
  250 |             glVertex3fv(v4);
      |             ^
/Applications/Xcode.app/Contents/Developer/Platforms/MacOSX.platform/Developer/SDKs/MacOSX.sdk/System/Library/Frameworks/OpenGL.framework/Headers/gl.h:2741:13: note: 'glVertex3fv' has been explicitly marked deprecated here
 2741 | extern void glVertex3fv (const GLfloat *v) OPENGL_DEPRECATED(10.0, 10.14);
      |             ^
/tmp/resinsight-p01-build/source/Fwk/VizFwk/LibRender/cvfOverlayTextBox.cpp:251:13: warning: 'glEnd' is deprecated: first deprecated in macOS 10.14 - OpenGL API deprecated. (Define GL_SILENCE_DEPRECATION to silence these warnings) [-Wdeprecated-declarations]
  251 |             glEnd();
      |             ^
/Applications/Xcode.app/Contents/Developer/Platforms/MacOSX.platform/Developer/SDKs/MacOSX.sdk/System/Library/Frameworks/OpenGL.framework/Headers/gl.h:2474:13: note: 'glEnd' has been explicitly marked deprecated here
 2474 | extern void glEnd (void) OPENGL_DEPRECATED(10.0, 10.14);
      |             ^
14 warnings generated.
[99/3503] Building CXX object Fwk/VizFwk/LibRender/CMakeFiles/LibRender.dir/cvfPrimitiveSet.cpp.o
[100/3503] Building CXX object Fwk/VizFwk/LibRender/CMakeFiles/LibRender.dir/cvfPrimitiveSetDirect.cpp.o
/tmp/resinsight-p01-build/source/Fwk/VizFwk/LibRender/cvfPrimitiveSetDirect.cpp:81:5: warning: 'glDrawArrays' is deprecated: first deprecated in macOS 10.14 - OpenGL API deprecated. (Define GL_SILENCE_DEPRECATION to silence these warnings) [-Wdeprecated-declarations]
   81 |     glDrawArrays(primitiveTypeOpenGL(), first, count);
      |     ^
/Applications/Xcode.app/Contents/Developer/Platforms/MacOSX.platform/Developer/SDKs/MacOSX.sdk/System/Library/Frameworks/OpenGL.framework/Headers/gl.h:2464:13: note: 'glDrawArrays' has been explicitly marked deprecated here
 2464 | extern void glDrawArrays (GLenum mode, GLint first, GLsizei count) OPENGL_DEPRECATED(10.0, 10.14);
      |             ^
1 warning generated.
[101/3503] Building CXX object Fwk/VizFwk/LibRender/CMakeFiles/LibRender.dir/cvfPrimitiveSetIndexedUInt.cpp.o
[102/3503] Building CXX object Fwk/VizFwk/LibRender/CMakeFiles/LibRender.dir/cvfPrimitiveSetIndexedUShort.cpp.o
[103/3503] Building CXX object Fwk/VizFwk/LibRender/CMakeFiles/LibRender.dir/cvfPrimitiveSetIndexedUIntScoped.cpp.o
[104/3503] Building CXX object Fwk/VizFwk/LibRender/CMakeFiles/LibRender.dir/cvfPrimitiveSetIndexedUShortScoped.cpp.o
[105/3503] Building CXX object Fwk/VizFwk/LibRender/CMakeFiles/LibRender.dir/cvfRenderState.cpp.o
[106/3503] Building CXX object Fwk/VizFwk/LibRender/CMakeFiles/LibRender.dir/cvfRenderbufferObject.cpp.o
[107/3503] Building CXX object Fwk/VizFwk/LibRender/CMakeFiles/LibRender.dir/cvfRenderStateBlending.cpp.o
[108/3503] Building CXX object Fwk/VizFwk/LibRender/CMakeFiles/LibRender.dir/cvfRenderStateColorMask.cpp.o
[109/3503] Building CXX object Fwk/VizFwk/LibRender/CMakeFiles/LibRender.dir/cvfRenderStateCullFace.cpp.o
[110/3503] Building CXX object Fwk/VizFwk/LibRender/CMakeFiles/LibRender.dir/cvfRenderStateDepth.cpp.o
[111/3503] Building CXX object Fwk/VizFwk/LibRender/CMakeFiles/LibRender.dir/cvfRenderStateFrontFace.cpp.o
[112/3503] Building CXX object Fwk/VizFwk/LibRender/CMakeFiles/LibRender.dir/cvfRenderStateLine.cpp.o
[113/3503] Building CXX object Fwk/VizFwk/LibRender/CMakeFiles/LibRender.dir/cvfRenderStatePoint.cpp.o
[114/3503] Building CXX object Fwk/VizFwk/LibRender/CMakeFiles/LibRender.dir/cvfRenderStatePolygonMode.cpp.o
[115/3503] Building CXX object Fwk/VizFwk/LibRender/CMakeFiles/LibRender.dir/cvfRenderStatePolygonOffset.cpp.o
[116/3503] Building CXX object Fwk/VizFwk/LibRender/CMakeFiles/LibRender.dir/cvfRenderStateSet.cpp.o
[117/3503] Building CXX object Fwk/VizFwk/LibRender/CMakeFiles/LibRender.dir/cvfRenderStateStencil.cpp.o
[118/3503] Building CXX object Fwk/VizFwk/LibRender/CMakeFiles/LibRender.dir/cvfRenderStateTextureBindings.cpp.o
[119/3503] Building CXX object Fwk/VizFwk/LibRender/CMakeFiles/LibRender.dir/cvfRenderStateTracker.cpp.o
[120/3503] Building CXX object Fwk/VizFwk/LibRender/CMakeFiles/LibRender.dir/cvfScalarMapper.cpp.o
[121/3503] Building CXX object Fwk/VizFwk/LibRender/CMakeFiles/LibRender.dir/cvfRenderState_FF.cpp.o
/tmp/resinsight-p01-build/source/Fwk/VizFwk/LibRender/cvfRenderState_FF.cpp:157:9: warning: 'glLightModeli' is deprecated: first deprecated in macOS 10.14 - OpenGL API deprecated. (Define GL_SILENCE_DEPRECATION to silence these warnings) [-Wdeprecated-declarations]
  157 |         glLightModeli(GL_LIGHT_MODEL_TWO_SIDE, m_twoSided ? 1 : 0);
      |         ^
/Applications/Xcode.app/Contents/Developer/Platforms/MacOSX.platform/Developer/SDKs/MacOSX.sdk/System/Library/Frameworks/OpenGL.framework/Headers/gl.h:2562:13: note: 'glLightModeli' has been explicitly marked deprecated here
 2562 | extern void glLightModeli (GLenum pname, GLint param) OPENGL_DEPRECATED(10.0, 10.14);
      |             ^
/tmp/resinsight-p01-build/source/Fwk/VizFwk/LibRender/cvfRenderState_FF.cpp:158:9: warning: 'glLightModeli' is deprecated: first deprecated in macOS 10.14 - OpenGL API deprecated. (Define GL_SILENCE_DEPRECATION to silence these warnings) [-Wdeprecated-declarations]
  158 |         glLightModeli(GL_LIGHT_MODEL_LOCAL_VIEWER,  m_localViewer ? 1 : 0);
      |         ^
/Applications/Xcode.app/Contents/Developer/Platforms/MacOSX.platform/Developer/SDKs/MacOSX.sdk/System/Library/Frameworks/OpenGL.framework/Headers/gl.h:2562:13: note: 'glLightModeli' has been explicitly marked deprecated here
 2562 | extern void glLightModeli (GLenum pname, GLint param) OPENGL_DEPRECATED(10.0, 10.14);
      |             ^
/tmp/resinsight-p01-build/source/Fwk/VizFwk/LibRender/cvfRenderState_FF.cpp:161:9: warning: 'glLightModelfv' is deprecated: first deprecated in macOS 10.14 - OpenGL API deprecated. (Define GL_SILENCE_DEPRECATION to silence these warnings) [-Wdeprecated-declarations]
  161 |         glLightModelfv(GL_LIGHT_MODEL_AMBIENT, m_ambientIntensity.ptr());
      |         ^
/Applications/Xcode.app/Contents/Developer/Platforms/MacOSX.platform/Developer/SDKs/MacOSX.sdk/System/Library/Frameworks/OpenGL.framework/Headers/gl.h:2561:13: note: 'glLightModelfv' has been explicitly marked deprecated here
 2561 | extern void glLightModelfv (GLenum pname, const GLfloat *params) OPENGL_DEPRECATED(10.0, 10.14);
      |             ^
/tmp/resinsight-p01-build/source/Fwk/VizFwk/LibRender/cvfRenderState_FF.cpp:439:9: warning: 'glColorMaterial' is deprecated: first deprecated in macOS 10.14 - OpenGL API deprecated. (Define GL_SILENCE_DEPRECATION to silence these warnings) [-Wdeprecated-declarations]
  439 |         glColorMaterial(GL_FRONT_AND_BACK, GL_AMBIENT_AND_DIFFUSE);
      |         ^
/Applications/Xcode.app/Contents/Developer/Platforms/MacOSX.platform/Developer/SDKs/MacOSX.sdk/System/Library/Frameworks/OpenGL.framework/Headers/gl.h:2434:13: note: 'glColorMaterial' has been explicitly marked deprecated here
 2434 | extern void glColorMaterial (GLenum face, GLenum mode) OPENGL_DEPRECATED(10.0, 10.14);
      |             ^
/tmp/resinsight-p01-build/source/Fwk/VizFwk/LibRender/cvfRenderState_FF.cpp:447:5: warning: 'glMaterialfv' is deprecated: first deprecated in macOS 10.14 - OpenGL API deprecated. (Define GL_SILENCE_DEPRECATION to silence these warnings) [-Wdeprecated-declarations]
  447 |     glMaterialfv(GL_FRONT_AND_BACK, GL_AMBIENT, ambient.ptr());
      |     ^
/Applications/Xcode.app/Contents/Developer/Platforms/MacOSX.platform/Developer/SDKs/MacOSX.sdk/System/Library/Frameworks/OpenGL.framework/Headers/gl.h:2585:13: note: 'glMaterialfv' has been explicitly marked deprecated here
 2585 | extern void glMaterialfv (GLenum face, GLenum pname, const GLfloat *params) OPENGL_DEPRECATED(10.0, 10.14);
      |             ^
/tmp/resinsight-p01-build/source/Fwk/VizFwk/LibRender/cvfRenderState_FF.cpp:448:5: warning: 'glMaterialfv' is deprecated: first deprecated in macOS 10.14 - OpenGL API deprecated. (Define GL_SILENCE_DEPRECATION to silence these warnings) [-Wdeprecated-declarations]
  448 |     glMaterialfv(GL_FRONT_AND_BACK, GL_DIFFUSE, diffuse.ptr());
      |     ^
/Applications/Xcode.app/Contents/Developer/Platforms/MacOSX.platform/Developer/SDKs/MacOSX.sdk/System/Library/Frameworks/OpenGL.framework/Headers/gl.h:2585:13: note: 'glMaterialfv' has been explicitly marked deprecated here
 2585 | extern void glMaterialfv (GLenum face, GLenum pname, const GLfloat *params) OPENGL_DEPRECATED(10.0, 10.14);
      |             ^
/tmp/resinsight-p01-build/source/Fwk/VizFwk/LibRender/cvfRenderState_FF.cpp:449:5: warning: 'glMaterialfv' is deprecated: first deprecated in macOS 10.14 - OpenGL API deprecated. (Define GL_SILENCE_DEPRECATION to silence these warnings) [-Wdeprecated-declarations]
  449 |     glMaterialfv(GL_FRONT_AND_BACK, GL_SPECULAR, specular.ptr());
      |     ^
/Applications/Xcode.app/Contents/Developer/Platforms/MacOSX.platform/Developer/SDKs/MacOSX.sdk/System/Library/Frameworks/OpenGL.framework/Headers/gl.h:2585:13: note: 'glMaterialfv' has been explicitly marked deprecated here
 2585 | extern void glMaterialfv (GLenum face, GLenum pname, const GLfloat *params) OPENGL_DEPRECATED(10.0, 10.14);
      |             ^
/tmp/resinsight-p01-build/source/Fwk/VizFwk/LibRender/cvfRenderState_FF.cpp:450:5: warning: 'glMaterialfv' is deprecated: first deprecated in macOS 10.14 - OpenGL API deprecated. (Define GL_SILENCE_DEPRECATION to silence these warnings) [-Wdeprecated-declarations]
  450 |     glMaterialfv(GL_FRONT_AND_BACK, GL_EMISSION, emission.ptr());
      |     ^
/Applications/Xcode.app/Contents/Developer/Platforms/MacOSX.platform/Developer/SDKs/MacOSX.sdk/System/Library/Frameworks/OpenGL.framework/Headers/gl.h:2585:13: note: 'glMaterialfv' has been explicitly marked deprecated here
 2585 | extern void glMaterialfv (GLenum face, GLenum pname, const GLfloat *params) OPENGL_DEPRECATED(10.0, 10.14);
      |             ^
/tmp/resinsight-p01-build/source/Fwk/VizFwk/LibRender/cvfRenderState_FF.cpp:451:5: warning: 'glMaterialf' is deprecated: first deprecated in macOS 10.14 - OpenGL API deprecated. (Define GL_SILENCE_DEPRECATION to silence these warnings) [-Wdeprecated-declarations]
  451 |     glMaterialf(GL_FRONT_AND_BACK, GL_SHININESS, m_shininess);
      |     ^
/Applications/Xcode.app/Contents/Developer/Platforms/MacOSX.platform/Developer/SDKs/MacOSX.sdk/System/Library/Frameworks/OpenGL.framework/Headers/gl.h:2584:13: note: 'glMaterialf' has been explicitly marked deprecated here
 2584 | extern void glMaterialf (GLenum face, GLenum pname, GLfloat param) OPENGL_DEPRECATED(10.0, 10.14);
      |             ^
/tmp/resinsight-p01-build/source/Fwk/VizFwk/LibRender/cvfRenderState_FF.cpp:454:5: warning: 'glColor3fv' is deprecated: first deprecated in macOS 10.14 - OpenGL API deprecated. (Define GL_SILENCE_DEPRECATION to silence these warnings) [-Wdeprecated-declarations]
  454 |     glColor3fv(diffuse.ptr());
      |     ^
/Applications/Xcode.app/Contents/Developer/Platforms/MacOSX.platform/Developer/SDKs/MacOSX.sdk/System/Library/Frameworks/OpenGL.framework/Headers/gl.h:2406:13: note: 'glColor3fv' has been explicitly marked deprecated here
 2406 | extern void glColor3fv (const GLfloat *v) OPENGL_DEPRECATED(10.0, 10.14);
      |             ^
/tmp/resinsight-p01-build/source/Fwk/VizFwk/LibRender/cvfRenderState_FF.cpp:660:9: warning: 'glTexEnvi' is deprecated: first deprecated in macOS 10.14 - OpenGL API deprecated. (Define GL_SILENCE_DEPRECATION to silence these warnings) [-Wdeprecated-declarations]
  660 |         glTexEnvi(GL_TEXTURE_ENV, GL_TEXTURE_ENV_MODE, oglTexFunc);
      |         ^
/Applications/Xcode.app/Contents/Developer/Platforms/MacOSX.platform/Developer/SDKs/MacOSX.sdk/System/Library/Frameworks/OpenGL.framework/Headers/gl.h:2710:13: note: 'glTexEnvi' has been explicitly marked deprecated here
 2710 | extern void glTexEnvi (GLenum target, GLenum pname, GLint param) OPENGL_DEPRECATED(10.0, 10.14);
      |             ^
/tmp/resinsight-p01-build/source/Fwk/VizFwk/LibRender/cvfRenderState_FF.cpp:671:13: warning: 'glTexGeniv' is deprecated: first deprecated in macOS 10.14 - OpenGL API deprecated. (Define GL_SILENCE_DEPRECATION to silence these warnings) [-Wdeprecated-declarations]
  671 |             glTexGeniv(GL_S, GL_TEXTURE_GEN_MODE, piSphereMap);
      |             ^
/Applications/Xcode.app/Contents/Developer/Platforms/MacOSX.platform/Developer/SDKs/MacOSX.sdk/System/Library/Frameworks/OpenGL.framework/Headers/gl.h:2717:13: note: 'glTexGeniv' has been explicitly marked deprecated here
 2717 | extern void glTexGeniv (GLenum coord, GLenum pname, const GLint *params) OPENGL_DEPRECATED(10.0, 10.14);
      |             ^
/tmp/resinsight-p01-build/source/Fwk/VizFwk/LibRender/cvfRenderState_FF.cpp:672:13: warning: 'glTexGeniv' is deprecated: first deprecated in macOS 10.14 - OpenGL API deprecated. (Define GL_SILENCE_DEPRECATION to silence these warnings) [-Wdeprecated-declarations]
  672 |             glTexGeniv(GL_T, GL_TEXTURE_GEN_MODE, piSphereMap);
      |             ^
/Applications/Xcode.app/Contents/Developer/Platforms/MacOSX.platform/Developer/SDKs/MacOSX.sdk/System/Library/Frameworks/OpenGL.framework/Headers/gl.h:2717:13: note: 'glTexGeniv' has been explicitly marked deprecated here
 2717 | extern void glTexGeniv (GLenum coord, GLenum pname, const GLint *params) OPENGL_DEPRECATED(10.0, 10.14);
      |             ^
/tmp/resinsight-p01-build/source/Fwk/VizFwk/LibRender/cvfRenderState_FF.cpp:776:9: warning: 'glClipPlane' is deprecated: first deprecated in macOS 10.14 - OpenGL API deprecated. (Define GL_SILENCE_DEPRECATION to silence these warnings) [-Wdeprecated-declarations]
  776 |         glClipPlane((GLenum)(GL_CLIP_PLANE0 + idx), plane);
      |         ^
/Applications/Xcode.app/Contents/Developer/Platforms/MacOSX.platform/Developer/SDKs/MacOSX.sdk/System/Library/Frameworks/OpenGL.framework/Headers/gl.h:2400:13: note: 'glClipPlane' has been explicitly marked deprecated here
 2400 | extern void glClipPlane (GLenum plane, const GLdouble *equation) OPENGL_DEPRECATED(10.0, 10.14);
      |             ^
14 warnings generated.
[122/3503] Building CXX object Fwk/VizFwk/LibRender/CMakeFiles/LibRender.dir/cvfScalarMapperRangeBased.cpp.o
[123/3503] Building CXX object Fwk/VizFwk/LibRender/CMakeFiles/LibRender.dir/cvfScalarMapperContinuousLog.cpp.o
[124/3503] Building CXX object Fwk/VizFwk/LibRender/CMakeFiles/LibRender.dir/cvfScalarMapperContinuousLinear.cpp.o
[125/3503] Building CXX object Fwk/VizFwk/LibRender/CMakeFiles/LibRender.dir/cvfScalarMapperDiscreteLinear.cpp.o
[126/3503] Building CXX object Fwk/VizFwk/LibRender/CMakeFiles/LibRender.dir/cvfScalarMapperDiscreteLog.cpp.o
[127/3503] Building CXX object Fwk/VizFwk/LibRender/CMakeFiles/LibRender.dir/cvfScalarMapperUniformLevels.cpp.o
[128/3503] Building CXX object Fwk/VizFwk/LibRender/CMakeFiles/LibRender.dir/cvfSampler.cpp.o
[129/3503] Building CXX object Fwk/VizFwk/LibRender/CMakeFiles/LibRender.dir/cvfShader.cpp.o
[130/3503] Building CXX object Fwk/VizFwk/LibRender/CMakeFiles/LibRender.dir/cvfShaderSourceProvider.cpp.o
[131/3503] Building CXX object Fwk/VizFwk/LibRender/CMakeFiles/LibRender.dir/cvfShaderProgramGenerator.cpp.o
[132/3503] Building CXX object Fwk/VizFwk/LibRender/CMakeFiles/LibRender.dir/cvfShaderSourceRepository.cpp.o
[133/3503] Building CXX object Fwk/VizFwk/LibRender/CMakeFiles/LibRender.dir/cvfShaderProgram.cpp.o
[134/3503] Building CXX object Fwk/VizFwk/LibRender/CMakeFiles/LibRender.dir/cvfShaderSourceRepositoryFile.cpp.o
[135/3503] Building CXX object Fwk/VizFwk/LibRender/CMakeFiles/LibRender.dir/cvfTextDrawer.cpp.o
/tmp/resinsight-p01-build/source/Fwk/VizFwk/LibRender/cvfTextDrawer.cpp:390:21: warning: 'glColor3fv' is deprecated: first deprecated in macOS 10.14 - OpenGL API deprecated. (Define GL_SILENCE_DEPRECATION to silence these warnings) [-Wdeprecated-declarations]
  390 |                     glColor3fv(m_backgroundColor.ptr());
      |                     ^
/Applications/Xcode.app/Contents/Developer/Platforms/MacOSX.platform/Developer/SDKs/MacOSX.sdk/System/Library/Frameworks/OpenGL.framework/Headers/gl.h:2406:13: note: 'glColor3fv' has been explicitly marked deprecated here
 2406 | extern void glColor3fv (const GLfloat *v) OPENGL_DEPRECATED(10.0, 10.14);
      |             ^
/tmp/resinsight-p01-build/source/Fwk/VizFwk/LibRender/cvfTextDrawer.cpp:391:21: warning: 'glBegin' is deprecated: first deprecated in macOS 10.14 - OpenGL API deprecated. (Define GL_SILENCE_DEPRECATION to silence these warnings) [-Wdeprecated-declarations]
  391 |                     glBegin(GL_TRIANGLE_FAN);
      |                     ^
/Applications/Xcode.app/Contents/Developer/Platforms/MacOSX.platform/Developer/SDKs/MacOSX.sdk/System/Library/Frameworks/OpenGL.framework/Headers/gl.h:2385:13: note: 'glBegin' has been explicitly marked deprecated here
 2385 | extern void glBegin (GLenum mode) OPENGL_DEPRECATED(10.0, 10.14);
      |             ^
/tmp/resinsight-p01-build/source/Fwk/VizFwk/LibRender/cvfTextDrawer.cpp:394:25: warning: 'glVertex3fv' is deprecated: first deprecated in macOS 10.14 - OpenGL API deprecated. (Define GL_SILENCE_DEPRECATION to silence these warnings) [-Wdeprecated-declarations]
  394 |                         glVertex3fv(vertices[v]);
      |                         ^
/Applications/Xcode.app/Contents/Developer/Platforms/MacOSX.platform/Developer/SDKs/MacOSX.sdk/System/Library/Frameworks/OpenGL.framework/Headers/gl.h:2741:13: note: 'glVertex3fv' has been explicitly marked deprecated here
 2741 | extern void glVertex3fv (const GLfloat *v) OPENGL_DEPRECATED(10.0, 10.14);
      |             ^
/tmp/resinsight-p01-build/source/Fwk/VizFwk/LibRender/cvfTextDrawer.cpp:396:21: warning: 'glEnd' is deprecated: first deprecated in macOS 10.14 - OpenGL API deprecated. (Define GL_SILENCE_DEPRECATION to silence these warnings) [-Wdeprecated-declarations]
  396 |                     glEnd();
      |                     ^
/Applications/Xcode.app/Contents/Developer/Platforms/MacOSX.platform/Developer/SDKs/MacOSX.sdk/System/Library/Frameworks/OpenGL.framework/Headers/gl.h:2474:13: note: 'glEnd' has been explicitly marked deprecated here
 2474 | extern void glEnd (void) OPENGL_DEPRECATED(10.0, 10.14);
      |             ^
/tmp/resinsight-p01-build/source/Fwk/VizFwk/LibRender/cvfTextDrawer.cpp:412:21: warning: 'glColor3fv' is deprecated: first deprecated in macOS 10.14 - OpenGL API deprecated. (Define GL_SILENCE_DEPRECATION to silence these warnings) [-Wdeprecated-declarations]
  412 |                     glColor3fv(m_borderColor.ptr());
      |                     ^
/Applications/Xcode.app/Contents/Developer/Platforms/MacOSX.platform/Developer/SDKs/MacOSX.sdk/System/Library/Frameworks/OpenGL.framework/Headers/gl.h:2406:13: note: 'glColor3fv' has been explicitly marked deprecated here
 2406 | extern void glColor3fv (const GLfloat *v) OPENGL_DEPRECATED(10.0, 10.14);
      |             ^
/tmp/resinsight-p01-build/source/Fwk/VizFwk/LibRender/cvfTextDrawer.cpp:413:21: warning: 'glBegin' is deprecated: first deprecated in macOS 10.14 - OpenGL API deprecated. (Define GL_SILENCE_DEPRECATION to silence these warnings) [-Wdeprecated-declarations]
  413 |                     glBegin(GL_LINE_LOOP);
      |                     ^
/Applications/Xcode.app/Contents/Developer/Platforms/MacOSX.platform/Developer/SDKs/MacOSX.sdk/System/Library/Frameworks/OpenGL.framework/Headers/gl.h:2385:13: note: 'glBegin' has been explicitly marked deprecated here
 2385 | extern void glBegin (GLenum mode) OPENGL_DEPRECATED(10.0, 10.14);
      |             ^
/tmp/resinsight-p01-build/source/Fwk/VizFwk/LibRender/cvfTextDrawer.cpp:416:25: warning: 'glVertex3fv' is deprecated: first deprecated in macOS 10.14 - OpenGL API deprecated. (Define GL_SILENCE_DEPRECATION to silence these warnings) [-Wdeprecated-declarations]
  416 |                         glVertex3fv(vertices[v]);
      |                         ^
/Applications/Xcode.app/Contents/Developer/Platforms/MacOSX.platform/Developer/SDKs/MacOSX.sdk/System/Library/Frameworks/OpenGL.framework/Headers/gl.h:2741:13: note: 'glVertex3fv' has been explicitly marked deprecated here
 2741 | extern void glVertex3fv (const GLfloat *v) OPENGL_DEPRECATED(10.0, 10.14);
      |             ^
/tmp/resinsight-p01-build/source/Fwk/VizFwk/LibRender/cvfTextDrawer.cpp:418:21: warning: 'glEnd' is deprecated: first deprecated in macOS 10.14 - OpenGL API deprecated. (Define GL_SILENCE_DEPRECATION to silence these warnings) [-Wdeprecated-declarations]
  418 |                     glEnd();
      |                     ^
/Applications/Xcode.app/Contents/Developer/Platforms/MacOSX.platform/Developer/SDKs/MacOSX.sdk/System/Library/Frameworks/OpenGL.framework/Headers/gl.h:2474:13: note: 'glEnd' has been explicitly marked deprecated here
 2474 | extern void glEnd (void) OPENGL_DEPRECATED(10.0, 10.14);
      |             ^
/tmp/resinsight-p01-build/source/Fwk/VizFwk/LibRender/cvfTextDrawer.cpp:443:9: warning: 'glColor3fv' is deprecated: first deprecated in macOS 10.14 - OpenGL API deprecated. (Define GL_SILENCE_DEPRECATION to silence these warnings) [-Wdeprecated-declarations]
  443 |         glColor3fv(m_textColor.ptr());
      |         ^
/Applications/Xcode.app/Contents/Developer/Platforms/MacOSX.platform/Developer/SDKs/MacOSX.sdk/System/Library/Frameworks/OpenGL.framework/Headers/gl.h:2406:13: note: 'glColor3fv' has been explicitly marked deprecated here
 2406 | extern void glColor3fv (const GLfloat *v) OPENGL_DEPRECATED(10.0, 10.14);
      |             ^
/tmp/resinsight-p01-build/source/Fwk/VizFwk/LibRender/cvfTextDrawer.cpp:539:21: warning: 'glBegin' is deprecated: first deprecated in macOS 10.14 - OpenGL API deprecated. (Define GL_SILENCE_DEPRECATION to silence these warnings) [-Wdeprecated-declarations]
  539 |                     glBegin(GL_TRIANGLES);
      |                     ^
/Applications/Xcode.app/Contents/Developer/Platforms/MacOSX.platform/Developer/SDKs/MacOSX.sdk/System/Library/Frameworks/OpenGL.framework/Headers/gl.h:2385:13: note: 'glBegin' has been explicitly marked deprecated here
 2385 | extern void glBegin (GLenum mode) OPENGL_DEPRECATED(10.0, 10.14);
      |             ^
/tmp/resinsight-p01-build/source/Fwk/VizFwk/LibRender/cvfTextDrawer.cpp:542:21: warning: 'glTexCoord2fv' is deprecated: first deprecated in macOS 10.14 - OpenGL API deprecated. (Define GL_SILENCE_DEPRECATION to silence these warnings) [-Wdeprecated-declarations]
  542 |                     glTexCoord2fv(&textureCoordinatesPtr[0]);
      |                     ^
/Applications/Xcode.app/Contents/Developer/Platforms/MacOSX.platform/Developer/SDKs/MacOSX.sdk/System/Library/Frameworks/OpenGL.framework/Headers/gl.h:2686:13: note: 'glTexCoord2fv' has been explicitly marked deprecated here
 2686 | extern void glTexCoord2fv (const GLfloat *v) OPENGL_DEPRECATED(10.0, 10.14);
      |             ^
/tmp/resinsight-p01-build/source/Fwk/VizFwk/LibRender/cvfTextDrawer.cpp:543:21: warning: 'glVertex3fv' is deprecated: first deprecated in macOS 10.14 - OpenGL API deprecated. (Define GL_SILENCE_DEPRECATION to silence these warnings) [-Wdeprecated-declarations]
  543 |                     glVertex3fv(vertices[0]);
      |                     ^
/Applications/Xcode.app/Contents/Developer/Platforms/MacOSX.platform/Developer/SDKs/MacOSX.sdk/System/Library/Frameworks/OpenGL.framework/Headers/gl.h:2741:13: note: 'glVertex3fv' has been explicitly marked deprecated here
 2741 | extern void glVertex3fv (const GLfloat *v) OPENGL_DEPRECATED(10.0, 10.14);
      |             ^
/tmp/resinsight-p01-build/source/Fwk/VizFwk/LibRender/cvfTextDrawer.cpp:544:21: warning: 'glTexCoord2fv' is deprecated: first deprecated in macOS 10.14 - OpenGL API deprecated. (Define GL_SILENCE_DEPRECATION to silence these warnings) [-Wdeprecated-declarations]
  544 |                     glTexCoord2fv(&textureCoordinatesPtr[2]);
      |                     ^
/Applications/Xcode.app/Contents/Developer/Platforms/MacOSX.platform/Developer/SDKs/MacOSX.sdk/System/Library/Frameworks/OpenGL.framework/Headers/gl.h:2686:13: note: 'glTexCoord2fv' has been explicitly marked deprecated here
 2686 | extern void glTexCoord2fv (const GLfloat *v) OPENGL_DEPRECATED(10.0, 10.14);
      |             ^
/tmp/resinsight-p01-build/source/Fwk/VizFwk/LibRender/cvfTextDrawer.cpp:545:21: warning: 'glVertex3fv' is deprecated: first deprecated in macOS 10.14 - OpenGL API deprecated. (Define GL_SILENCE_DEPRECATION to silence these warnings) [-Wdeprecated-declarations]
  545 |                     glVertex3fv(vertices[1]);
      |                     ^
/Applications/Xcode.app/Contents/Developer/Platforms/MacOSX.platform/Developer/SDKs/MacOSX.sdk/System/Library/Frameworks/OpenGL.framework/Headers/gl.h:2741:13: note: 'glVertex3fv' has been explicitly marked deprecated here
 2741 | extern void glVertex3fv (const GLfloat *v) OPENGL_DEPRECATED(10.0, 10.14);
      |             ^
/tmp/resinsight-p01-build/source/Fwk/VizFwk/LibRender/cvfTextDrawer.cpp:546:21: warning: 'glTexCoord2fv' is deprecated: first deprecated in macOS 10.14 - OpenGL API deprecated. (Define GL_SILENCE_DEPRECATION to silence these warnings) [-Wdeprecated-declarations]
  546 |                     glTexCoord2fv(&textureCoordinatesPtr[4]);
      |                     ^
/Applications/Xcode.app/Contents/Developer/Platforms/MacOSX.platform/Developer/SDKs/MacOSX.sdk/System/Library/Frameworks/OpenGL.framework/Headers/gl.h:2686:13: note: 'glTexCoord2fv' has been explicitly marked deprecated here
 2686 | extern void glTexCoord2fv (const GLfloat *v) OPENGL_DEPRECATED(10.0, 10.14);
      |             ^
/tmp/resinsight-p01-build/source/Fwk/VizFwk/LibRender/cvfTextDrawer.cpp:547:21: warning: 'glVertex3fv' is deprecated: first deprecated in macOS 10.14 - OpenGL API deprecated. (Define GL_SILENCE_DEPRECATION to silence these warnings) [-Wdeprecated-declarations]
  547 |                     glVertex3fv(vertices[2]);
      |                     ^
/Applications/Xcode.app/Contents/Developer/Platforms/MacOSX.platform/Developer/SDKs/MacOSX.sdk/System/Library/Frameworks/OpenGL.framework/Headers/gl.h:2741:13: note: 'glVertex3fv' has been explicitly marked deprecated here
 2741 | extern void glVertex3fv (const GLfloat *v) OPENGL_DEPRECATED(10.0, 10.14);
      |             ^
/tmp/resinsight-p01-build/source/Fwk/VizFwk/LibRender/cvfTextDrawer.cpp:550:21: warning: 'glTexCoord2fv' is deprecated: first deprecated in macOS 10.14 - OpenGL API deprecated. (Define GL_SILENCE_DEPRECATION to silence these warnings) [-Wdeprecated-declarations]
  550 |                     glTexCoord2fv(&textureCoordinatesPtr[0]);
      |                     ^
/Applications/Xcode.app/Contents/Developer/Platforms/MacOSX.platform/Developer/SDKs/MacOSX.sdk/System/Library/Frameworks/OpenGL.framework/Headers/gl.h:2686:13: note: 'glTexCoord2fv' has been explicitly marked deprecated here
 2686 | extern void glTexCoord2fv (const GLfloat *v) OPENGL_DEPRECATED(10.0, 10.14);
      |             ^
/tmp/resinsight-p01-build/source/Fwk/VizFwk/LibRender/cvfTextDrawer.cpp:551:21: warning: 'glVertex3fv' is deprecated: first deprecated in macOS 10.14 - OpenGL API deprecated. (Define GL_SILENCE_DEPRECATION to silence these warnings) [-Wdeprecated-declarations]
  551 |                     glVertex3fv(vertices[0]);
      |                     ^
/Applications/Xcode.app/Contents/Developer/Platforms/MacOSX.platform/Developer/SDKs/MacOSX.sdk/System/Library/Frameworks/OpenGL.framework/Headers/gl.h:2741:13: note: 'glVertex3fv' has been explicitly marked deprecated here
 2741 | extern void glVertex3fv (const GLfloat *v) OPENGL_DEPRECATED(10.0, 10.14);
      |             ^
/tmp/resinsight-p01-build/source/Fwk/VizFwk/LibRender/cvfTextDrawer.cpp:552:21: warning: 'glTexCoord2fv' is deprecated: first deprecated in macOS 10.14 - OpenGL API deprecated. (Define GL_SILENCE_DEPRECATION to silence these warnings) [-Wdeprecated-declarations]
  552 |                     glTexCoord2fv(&textureCoordinatesPtr[4]);
      |                     ^
/Applications/Xcode.app/Contents/Developer/Platforms/MacOSX.platform/Developer/SDKs/MacOSX.sdk/System/Library/Frameworks/OpenGL.framework/Headers/gl.h:2686:13: note: 'glTexCoord2fv' has been explicitly marked deprecated here
 2686 | extern void glTexCoord2fv (const GLfloat *v) OPENGL_DEPRECATED(10.0, 10.14);
      |             ^
/tmp/resinsight-p01-build/source/Fwk/VizFwk/LibRender/cvfTextDrawer.cpp:553:21: warning: 'glVertex3fv' is deprecated: first deprecated in macOS 10.14 - OpenGL API deprecated. (Define GL_SILENCE_DEPRECATION to silence these warnings) [-Wdeprecated-declarations]
  553 |                     glVertex3fv(vertices[2]);
      |                     ^
/Applications/Xcode.app/Contents/Developer/Platforms/MacOSX.platform/Developer/SDKs/MacOSX.sdk/System/Library/Frameworks/OpenGL.framework/Headers/gl.h:2741:13: note: 'glVertex3fv' has been explicitly marked deprecated here
 2741 | extern void glVertex3fv (const GLfloat *v) OPENGL_DEPRECATED(10.0, 10.14);
      |             ^
/tmp/resinsight-p01-build/source/Fwk/VizFwk/LibRender/cvfTextDrawer.cpp:554:21: warning: 'glTexCoord2fv' is deprecated: first deprecated in macOS 10.14 - OpenGL API deprecated. (Define GL_SILENCE_DEPRECATION to silence these warnings) [-Wdeprecated-declarations]
  554 |                     glTexCoord2fv(&textureCoordinatesPtr[6]);
      |                     ^
/Applications/Xcode.app/Contents/Developer/Platforms/MacOSX.platform/Developer/SDKs/MacOSX.sdk/System/Library/Frameworks/OpenGL.framework/Headers/gl.h:2686:13: note: 'glTexCoord2fv' has been explicitly marked deprecated here
 2686 | extern void glTexCoord2fv (const GLfloat *v) OPENGL_DEPRECATED(10.0, 10.14);
      |             ^
/tmp/resinsight-p01-build/source/Fwk/VizFwk/LibRender/cvfTextDrawer.cpp:555:21: warning: 'glVertex3fv' is deprecated: first deprecated in macOS 10.14 - OpenGL API deprecated. (Define GL_SILENCE_DEPRECATION to silence these warnings) [-Wdeprecated-declarations]
  555 |                     glVertex3fv(vertices[3]);
      |                     ^
/Applications/Xcode.app/Contents/Developer/Platforms/MacOSX.platform/Developer/SDKs/MacOSX.sdk/System/Library/Frameworks/OpenGL.framework/Headers/gl.h:2741:13: note: 'glVertex3fv' has been explicitly marked deprecated here
 2741 | extern void glVertex3fv (const GLfloat *v) OPENGL_DEPRECATED(10.0, 10.14);
      |             ^
/tmp/resinsight-p01-build/source/Fwk/VizFwk/LibRender/cvfTextDrawer.cpp:557:21: warning: 'glEnd' is deprecated: first deprecated in macOS 10.14 - OpenGL API deprecated. (Define GL_SILENCE_DEPRECATION to silence these warnings) [-Wdeprecated-declarations]
  557 |                     glEnd();
      |                     ^
/Applications/Xcode.app/Contents/Developer/Platforms/MacOSX.platform/Developer/SDKs/MacOSX.sdk/System/Library/Frameworks/OpenGL.framework/Headers/gl.h:2474:13: note: 'glEnd' has been explicitly marked deprecated here
 2474 | extern void glEnd (void) OPENGL_DEPRECATED(10.0, 10.14);
      |             ^
/tmp/resinsight-p01-build/source/Fwk/VizFwk/LibRender/cvfTextDrawer.cpp:581:9: warning: 'glMatrixMode' is deprecated: first deprecated in macOS 10.14 - OpenGL API deprecated. (Define GL_SILENCE_DEPRECATION to silence these warnings) [-Wdeprecated-declarations]
  581 |         glMatrixMode(GL_PROJECTION);
      |         ^
/Applications/Xcode.app/Contents/Developer/Platforms/MacOSX.platform/Developer/SDKs/MacOSX.sdk/System/Library/Frameworks/OpenGL.framework/Headers/gl.h:2588:13: note: 'glMatrixMode' has been explicitly marked deprecated here
 2588 | extern void glMatrixMode (GLenum mode) OPENGL_DEPRECATED(10.0, 10.14);
      |             ^
/tmp/resinsight-p01-build/source/Fwk/VizFwk/LibRender/cvfTextDrawer.cpp:582:9: warning: 'glLoadMatrixf' is deprecated: first deprecated in macOS 10.14 - OpenGL API deprecated. (Define GL_SILENCE_DEPRECATION to silence these warnings) [-Wdeprecated-declarations]
  582 |         glLoadMatrixf(matrixState.projectionMatrix().ptr());
      |         ^
/Applications/Xcode.app/Contents/Developer/Platforms/MacOSX.platform/Developer/SDKs/MacOSX.sdk/System/Library/Frameworks/OpenGL.framework/Headers/gl.h:2573:13: note: 'glLoadMatrixf' has been explicitly marked deprecated here
 2573 | extern void glLoadMatrixf (const GLfloat *m) OPENGL_DEPRECATED(10.0, 10.14);
      |             ^
/tmp/resinsight-p01-build/source/Fwk/VizFwk/LibRender/cvfTextDrawer.cpp:585:9: warning: 'glMatrixMode' is deprecated: first deprecated in macOS 10.14 - OpenGL API deprecated. (Define GL_SILENCE_DEPRECATION to silence these warnings) [-Wdeprecated-declarations]
  585 |         glMatrixMode(GL_MODELVIEW);
      |         ^
/Applications/Xcode.app/Contents/Developer/Platforms/MacOSX.platform/Developer/SDKs/MacOSX.sdk/System/Library/Frameworks/OpenGL.framework/Headers/gl.h:2588:13: note: 'glMatrixMode' has been explicitly marked deprecated here
 2588 | extern void glMatrixMode (GLenum mode) OPENGL_DEPRECATED(10.0, 10.14);
      |             ^
/tmp/resinsight-p01-build/source/Fwk/VizFwk/LibRender/cvfTextDrawer.cpp:586:9: warning: 'glLoadMatrixf' is deprecated: first deprecated in macOS 10.14 - OpenGL API deprecated. (Define GL_SILENCE_DEPRECATION to silence these warnings) [-Wdeprecated-declarations]
  586 |         glLoadMatrixf(matrixState.viewMatrix().ptr());
      |         ^
/Applications/Xcode.app/Contents/Developer/Platforms/MacOSX.platform/Developer/SDKs/MacOSX.sdk/System/Library/Frameworks/OpenGL.framework/Headers/gl.h:2573:13: note: 'glLoadMatrixf' has been explicitly marked deprecated here
 2573 | extern void glLoadMatrixf (const GLfloat *m) OPENGL_DEPRECATED(10.0, 10.14);
      |             ^
27 warnings generated.
[136/3503] Building CXX object Fwk/VizFwk/LibRender/CMakeFiles/LibRender.dir/cvfTexture.cpp.o
[137/3503] Building CXX object Fwk/VizFwk/LibRender/CMakeFiles/LibRender.dir/cvfTextureImage.cpp.o
[138/3503] Building CXX object Fwk/VizFwk/LibRender/CMakeFiles/LibRender.dir/cvfTexture2D_FF.cpp.o
[139/3503] Building CXX object Fwk/VizFwk/LibRender/CMakeFiles/LibRender.dir/cvfUniform.cpp.o
[140/3503] Building CXX object Fwk/VizFwk/LibRender/CMakeFiles/LibRender.dir/cvfUniformSet.cpp.o
[141/3503] Building CXX object Fwk/VizFwk/LibRender/CMakeFiles/LibRender.dir/cvfVertexAttribute.cpp.o
[142/3503] Building CXX object Fwk/VizFwk/LibRender/CMakeFiles/LibRender.dir/cvfVertexBundle.cpp.o
/tmp/resinsight-p01-build/source/Fwk/VizFwk/LibRender/cvfVertexBundle.cpp:589:13: warning: 'glVertexPointer' is deprecated: first deprecated in macOS 10.14 - OpenGL API deprecated. (Define GL_SILENCE_DEPRECATION to silence these warnings) [-Wdeprecated-declarations]
  589 |             glVertexPointer(3, GL_FLOAT, 0, 0);
      |             ^
/Applications/Xcode.app/Contents/Developer/Platforms/MacOSX.platform/Developer/SDKs/MacOSX.sdk/System/Library/Frameworks/OpenGL.framework/Headers/gl.h:2754:13: note: 'glVertexPointer' has been explicitly marked deprecated here
 2754 | extern void glVertexPointer (GLint size, GLenum type, GLsizei stride, const GLvoid *pointer) OPENGL_DEPRECATED(10.0, 10.14);
      |             ^
/tmp/resinsight-p01-build/source/Fwk/VizFwk/LibRender/cvfVertexBundle.cpp:596:13: warning: 'glVertexPointer' is deprecated: first deprecated in macOS 10.14 - OpenGL API deprecated. (Define GL_SILENCE_DEPRECATION to silence these warnings) [-Wdeprecated-declarations]
  596 |             glVertexPointer(3, GL_FLOAT, 0, ptrOrOffset);
      |             ^
/Applications/Xcode.app/Contents/Developer/Platforms/MacOSX.platform/Developer/SDKs/MacOSX.sdk/System/Library/Frameworks/OpenGL.framework/Headers/gl.h:2754:13: note: 'glVertexPointer' has been explicitly marked deprecated here
 2754 | extern void glVertexPointer (GLint size, GLenum type, GLsizei stride, const GLvoid *pointer) OPENGL_DEPRECATED(10.0, 10.14);
      |             ^
/tmp/resinsight-p01-build/source/Fwk/VizFwk/LibRender/cvfVertexBundle.cpp:599:9: warning: 'glEnableClientState' is deprecated: first deprecated in macOS 10.14 - OpenGL API deprecated. (Define GL_SILENCE_DEPRECATION to silence these warnings) [-Wdeprecated-declarations]
  599 |         glEnableClientState(GL_VERTEX_ARRAY);
      |         ^
/Applications/Xcode.app/Contents/Developer/Platforms/MacOSX.platform/Developer/SDKs/MacOSX.sdk/System/Library/Frameworks/OpenGL.framework/Headers/gl.h:2473:13: note: 'glEnableClientState' has been explicitly marked deprecated here
 2473 | extern void glEnableClientState (GLenum array) OPENGL_DEPRECATED(10.0, 10.14);
      |             ^
/tmp/resinsight-p01-build/source/Fwk/VizFwk/LibRender/cvfVertexBundle.cpp:607:13: warning: 'glNormalPointer' is deprecated: first deprecated in macOS 10.14 - OpenGL API deprecated. (Define GL_SILENCE_DEPRECATION to silence these warnings) [-Wdeprecated-declarations]
  607 |             glNormalPointer(GL_FLOAT, 0, 0);
      |             ^
/Applications/Xcode.app/Contents/Developer/Platforms/MacOSX.platform/Developer/SDKs/MacOSX.sdk/System/Library/Frameworks/OpenGL.framework/Headers/gl.h:2603:13: note: 'glNormalPointer' has been explicitly marked deprecated here
 2603 | extern void glNormalPointer (GLenum type, GLsizei stride, const GLvoid *pointer) OPENGL_DEPRECATED(10.0, 10.14);
      |             ^
/tmp/resinsight-p01-build/source/Fwk/VizFwk/LibRender/cvfVertexBundle.cpp:614:13: warning: 'glNormalPointer' is deprecated: first deprecated in macOS 10.14 - OpenGL API deprecated. (Define GL_SILENCE_DEPRECATION to silence these warnings) [-Wdeprecated-declarations]
  614 |             glNormalPointer(GL_FLOAT, 0, ptrOrOffset);
      |             ^
/Applications/Xcode.app/Contents/Developer/Platforms/MacOSX.platform/Developer/SDKs/MacOSX.sdk/System/Library/Frameworks/OpenGL.framework/Headers/gl.h:2603:13: note: 'glNormalPointer' has been explicitly marked deprecated here
 2603 | extern void glNormalPointer (GLenum type, GLsizei stride, const GLvoid *pointer) OPENGL_DEPRECATED(10.0, 10.14);
      |             ^
/tmp/resinsight-p01-build/source/Fwk/VizFwk/LibRender/cvfVertexBundle.cpp:617:9: warning: 'glEnableClientState' is deprecated: first deprecated in macOS 10.14 - OpenGL API deprecated. (Define GL_SILENCE_DEPRECATION to silence these warnings) [-Wdeprecated-declarations]
  617 |         glEnableClientState(GL_NORMAL_ARRAY);
      |         ^
/Applications/Xcode.app/Contents/Developer/Platforms/MacOSX.platform/Developer/SDKs/MacOSX.sdk/System/Library/Frameworks/OpenGL.framework/Headers/gl.h:2473:13: note: 'glEnableClientState' has been explicitly marked deprecated here
 2473 | extern void glEnableClientState (GLenum array) OPENGL_DEPRECATED(10.0, 10.14);
      |             ^
/tmp/resinsight-p01-build/source/Fwk/VizFwk/LibRender/cvfVertexBundle.cpp:625:13: warning: 'glTexCoordPointer' is deprecated: first deprecated in macOS 10.14 - OpenGL API deprecated. (Define GL_SILENCE_DEPRECATION to silence these warnings) [-Wdeprecated-declarations]
  625 |             glTexCoordPointer(2, GL_FLOAT, 0, 0);
      |             ^
/Applications/Xcode.app/Contents/Developer/Platforms/MacOSX.platform/Developer/SDKs/MacOSX.sdk/System/Library/Frameworks/OpenGL.framework/Headers/gl.h:2707:13: note: 'glTexCoordPointer' has been explicitly marked deprecated here
 2707 | extern void glTexCoordPointer (GLint size, GLenum type, GLsizei stride, const GLvoid *pointer) OPENGL_DEPRECATED(10.0, 10.14);
      |             ^
/tmp/resinsight-p01-build/source/Fwk/VizFwk/LibRender/cvfVertexBundle.cpp:632:13: warning: 'glTexCoordPointer' is deprecated: first deprecated in macOS 10.14 - OpenGL API deprecated. (Define GL_SILENCE_DEPRECATION to silence these warnings) [-Wdeprecated-declarations]
  632 |             glTexCoordPointer(2, GL_FLOAT, 0, ptrOrOffset);
      |             ^
/Applications/Xcode.app/Contents/Developer/Platforms/MacOSX.platform/Developer/SDKs/MacOSX.sdk/System/Library/Frameworks/OpenGL.framework/Headers/gl.h:2707:13: note: 'glTexCoordPointer' has been explicitly marked deprecated here
 2707 | extern void glTexCoordPointer (GLint size, GLenum type, GLsizei stride, const GLvoid *pointer) OPENGL_DEPRECATED(10.0, 10.14);
      |             ^
/tmp/resinsight-p01-build/source/Fwk/VizFwk/LibRender/cvfVertexBundle.cpp:635:9: warning: 'glEnableClientState' is deprecated: first deprecated in macOS 10.14 - OpenGL API deprecated. (Define GL_SILENCE_DEPRECATION to silence these warnings) [-Wdeprecated-declarations]
  635 |         glEnableClientState(GL_TEXTURE_COORD_ARRAY);
      |         ^
/Applications/Xcode.app/Contents/Developer/Platforms/MacOSX.platform/Developer/SDKs/MacOSX.sdk/System/Library/Frameworks/OpenGL.framework/Headers/gl.h:2473:13: note: 'glEnableClientState' has been explicitly marked deprecated here
 2473 | extern void glEnableClientState (GLenum array) OPENGL_DEPRECATED(10.0, 10.14);
      |             ^
/tmp/resinsight-p01-build/source/Fwk/VizFwk/LibRender/cvfVertexBundle.cpp:643:13: warning: 'glColorPointer' is deprecated: first deprecated in macOS 10.14 - OpenGL API deprecated. (Define GL_SILENCE_DEPRECATION to silence these warnings) [-Wdeprecated-declarations]
  643 |             glColorPointer(3, GL_UNSIGNED_BYTE, 0, 0);
      |             ^
/Applications/Xcode.app/Contents/Developer/Platforms/MacOSX.platform/Developer/SDKs/MacOSX.sdk/System/Library/Frameworks/OpenGL.framework/Headers/gl.h:2435:13: note: 'glColorPointer' has been explicitly marked deprecated here
 2435 | extern void glColorPointer (GLint size, GLenum type, GLsizei stride, const GLvoid *pointer) OPENGL_DEPRECATED(10.0, 10.14);
      |             ^
/tmp/resinsight-p01-build/source/Fwk/VizFwk/LibRender/cvfVertexBundle.cpp:650:13: warning: 'glColorPointer' is deprecated: first deprecated in macOS 10.14 - OpenGL API deprecated. (Define GL_SILENCE_DEPRECATION to silence these warnings) [-Wdeprecated-declarations]
  650 |             glColorPointer(3, GL_UNSIGNED_BYTE, 0, ptrOrOffset);
      |             ^
/Applications/Xcode.app/Contents/Developer/Platforms/MacOSX.platform/Developer/SDKs/MacOSX.sdk/System/Library/Frameworks/OpenGL.framework/Headers/gl.h:2435:13: note: 'glColorPointer' has been explicitly marked deprecated here
 2435 | extern void glColorPointer (GLint size, GLenum type, GLsizei stride, const GLvoid *pointer) OPENGL_DEPRECATED(10.0, 10.14);
      |             ^
/tmp/resinsight-p01-build/source/Fwk/VizFwk/LibRender/cvfVertexBundle.cpp:653:9: warning: 'glEnableClientState' is deprecated: first deprecated in macOS 10.14 - OpenGL API deprecated. (Define GL_SILENCE_DEPRECATION to silence these warnings) [-Wdeprecated-declarations]
  653 |         glEnableClientState(GL_COLOR_ARRAY);
      |         ^
/Applications/Xcode.app/Contents/Developer/Platforms/MacOSX.platform/Developer/SDKs/MacOSX.sdk/System/Library/Frameworks/OpenGL.framework/Headers/gl.h:2473:13: note: 'glEnableClientState' has been explicitly marked deprecated here
 2473 | extern void glEnableClientState (GLenum array) OPENGL_DEPRECATED(10.0, 10.14);
      |             ^
/tmp/resinsight-p01-build/source/Fwk/VizFwk/LibRender/cvfVertexBundle.cpp:672:33: warning: 'glDisableClientState' is deprecated: first deprecated in macOS 10.14 - OpenGL API deprecated. (Define GL_SILENCE_DEPRECATION to silence these warnings) [-Wdeprecated-declarations]
  672 |         if (m_vertexCount > 0)  glDisableClientState(GL_VERTEX_ARRAY);
      |                                 ^
/Applications/Xcode.app/Contents/Developer/Platforms/MacOSX.platform/Developer/SDKs/MacOSX.sdk/System/Library/Frameworks/OpenGL.framework/Headers/gl.h:2463:13: note: 'glDisableClientState' has been explicitly marked deprecated here
 2463 | extern void glDisableClientState (GLenum array) OPENGL_DEPRECATED(10.0, 10.14);
      |             ^
/tmp/resinsight-p01-build/source/Fwk/VizFwk/LibRender/cvfVertexBundle.cpp:673:33: warning: 'glDisableClientState' is deprecated: first deprecated in macOS 10.14 - OpenGL API deprecated. (Define GL_SILENCE_DEPRECATION to silence these warnings) [-Wdeprecated-declarations]
  673 |         if (m_hasNormals)       glDisableClientState(GL_NORMAL_ARRAY);
      |                                 ^
/Applications/Xcode.app/Contents/Developer/Platforms/MacOSX.platform/Developer/SDKs/MacOSX.sdk/System/Library/Frameworks/OpenGL.framework/Headers/gl.h:2463:13: note: 'glDisableClientState' has been explicitly marked deprecated here
 2463 | extern void glDisableClientState (GLenum array) OPENGL_DEPRECATED(10.0, 10.14);
      |             ^
/tmp/resinsight-p01-build/source/Fwk/VizFwk/LibRender/cvfVertexBundle.cpp:674:33: warning: 'glDisableClientState' is deprecated: first deprecated in macOS 10.14 - OpenGL API deprecated. (Define GL_SILENCE_DEPRECATION to silence these warnings) [-Wdeprecated-declarations]
  674 |         if (m_hasTexCoords)     glDisableClientState(GL_TEXTURE_COORD_ARRAY);
      |                                 ^
/Applications/Xcode.app/Contents/Developer/Platforms/MacOSX.platform/Developer/SDKs/MacOSX.sdk/System/Library/Frameworks/OpenGL.framework/Headers/gl.h:2463:13: note: 'glDisableClientState' has been explicitly marked deprecated here
 2463 | extern void glDisableClientState (GLenum array) OPENGL_DEPRECATED(10.0, 10.14);
      |             ^
/tmp/resinsight-p01-build/source/Fwk/VizFwk/LibRender/cvfVertexBundle.cpp:675:33: warning: 'glDisableClientState' is deprecated: first deprecated in macOS 10.14 - OpenGL API deprecated. (Define GL_SILENCE_DEPRECATION to silence these warnings) [-Wdeprecated-declarations]
  675 |         if (m_hasColors)        glDisableClientState(GL_COLOR_ARRAY);
      |                                 ^
/Applications/Xcode.app/Contents/Developer/Platforms/MacOSX.platform/Developer/SDKs/MacOSX.sdk/System/Library/Frameworks/OpenGL.framework/Headers/gl.h:2463:13: note: 'glDisableClientState' has been explicitly marked deprecated here
 2463 | extern void glDisableClientState (GLenum array) OPENGL_DEPRECATED(10.0, 10.14);
      |             ^
16 warnings generated.
[143/3503] Building CXX object Fwk/VizFwk/LibRender/CMakeFiles/LibRender.dir/cvfViewport.cpp.o
[144/3503] Building CXX object Fwk/AppFwk/cafProjectDataModel/cafPdmXml/CMakeFiles/cafPdmXml.dir/cafPdmXml_autogen/mocs_compilation.cpp.o
[145/3503] Building CXX object Fwk/VizFwk/LibRender/CMakeFiles/LibRender.dir/cvfRenderingScissor.cpp.o
[146/3503] Building CXX object Fwk/AppFwk/cafProjectDataModel/cafPdmXml/CMakeFiles/cafPdmXml.dir/cafInternalPdmFieldIoHelper.cpp.o
[147/3503] Building CXX object Fwk/AppFwk/cafProjectDataModel/cafPdmXml/CMakeFiles/cafPdmXml.dir/cafInternalPdmFilePathStreamOperators.cpp.o
[148/3503] Building CXX object Fwk/AppFwk/cafProjectDataModel/cafPdmXml/CMakeFiles/cafPdmXml.dir/cafInternalPdmStreamOperators.cpp.o
[149/3503] Building CXX object Fwk/AppFwk/cafProjectDataModel/cafPdmXml/CMakeFiles/cafPdmXml.dir/cafPdmXmlFieldHandle.cpp.o
[150/3503] Building CXX object Fwk/AppFwk/cafProjectDataModel/cafPdmXml/CMakeFiles/cafPdmXml.dir/cafPdmXmlObjectHandle.cpp.o
[151/3503] Building CXX object Fwk/AppFwk/cafProjectDataModel/cafPdmXml/CMakeFiles/cafPdmXml.dir/cafPdmDefaultObjectFactory.cpp.o
[152/3503] Linking CXX static library Fwk/VizFwk/LibRender/libLibRender.a
[153/3503] Automatic MOC and UIC for target LibViewing
[154/3503] Automatic MOC and UIC for target cafPdmUiCore
[155/3503] Building CXX object Fwk/VizFwk/LibViewing/CMakeFiles/LibViewing.dir/LibViewing_autogen/mocs_compilation.cpp.o
[156/3503] Building CXX object Fwk/AppFwk/cafProjectDataModel/cafPdmXml/CMakeFiles/cafPdmXml.dir/cafPdmSettings.cpp.o
[157/3503] Linking CXX static library Fwk/AppFwk/cafProjectDataModel/cafPdmXml/libcafPdmXml.a
[158/3503] Automatic MOC and UIC for target cafProjectDataModel
[159/3503] Building CXX object Fwk/VizFwk/LibViewing/CMakeFiles/LibViewing.dir/cvfClipPlaneSet.cpp.o
[160/3503] Building CXX object Fwk/VizFwk/LibViewing/CMakeFiles/LibViewing.dir/cvfCullSettings.cpp.o
[161/3503] Building CXX object Fwk/VizFwk/LibViewing/CMakeFiles/LibViewing.dir/cvfConstantFrameRate.cpp.o
[162/3503] Building CXX object Fwk/VizFwk/LibViewing/CMakeFiles/LibViewing.dir/cvfDynamicUniformSet.cpp.o
[163/3503] Building CXX object Fwk/VizFwk/LibViewing/CMakeFiles/LibViewing.dir/cvfEffect.cpp.o
[164/3503] Building CXX object Fwk/VizFwk/LibViewing/CMakeFiles/LibViewing.dir/cvfFixedSizeTransform.cpp.o
[165/3503] Building CXX object Fwk/VizFwk/LibViewing/CMakeFiles/LibViewing.dir/cvfGaussianBlur.cpp.o
[166/3503] Building CXX object Fwk/VizFwk/LibViewing/CMakeFiles/LibViewing.dir/cvfHitItem.cpp.o
[167/3503] Building CXX object Fwk/VizFwk/LibViewing/CMakeFiles/LibViewing.dir/cvfLocators.cpp.o
[168/3503] Building CXX object Fwk/VizFwk/LibViewing/CMakeFiles/LibViewing.dir/cvfHitItemCollection.cpp.o
[169/3503] Building CXX object Fwk/VizFwk/LibViewing/CMakeFiles/LibViewing.dir/cvfManipulatorTrackball.cpp.o
[170/3503] Building CXX object Fwk/VizFwk/LibViewing/CMakeFiles/LibViewing.dir/cvfModel.cpp.o
[171/3503] Building CXX object Fwk/VizFwk/LibViewing/CMakeFiles/LibViewing.dir/cvfModelBasicList.cpp.o
[172/3503] Building CXX object Fwk/VizFwk/LibViewing/CMakeFiles/LibViewing.dir/cvfModelBasicTree.cpp.o
[173/3503] Building CXX object Fwk/VizFwk/LibViewing/CMakeFiles/LibViewing.dir/cvfPart.cpp.o
[174/3503] Building CXX object Fwk/VizFwk/LibViewing/CMakeFiles/LibViewing.dir/cvfPartHighlighter.cpp.o
[175/3503] Building CXX object Fwk/VizFwk/LibViewing/CMakeFiles/LibViewing.dir/cvfPerformanceInfo.cpp.o
[176/3503] Building CXX object Fwk/VizFwk/LibViewing/CMakeFiles/LibViewing.dir/cvfPartRenderHintCollection.cpp.o
[177/3503] Building CXX object Fwk/VizFwk/LibViewing/CMakeFiles/LibViewing.dir/cvfRayIntersectSpec.cpp.o
[178/3503] Building CXX object Fwk/VizFwk/LibViewing/CMakeFiles/LibViewing.dir/cvfRenderEngine.cpp.o
/tmp/resinsight-p01-build/source/Fwk/VizFwk/LibViewing/cvfRenderEngine.cpp:267:17: warning: 'glLoadMatrixf' is deprecated: first deprecated in macOS 10.14 - OpenGL API deprecated. (Define GL_SILENCE_DEPRECATION to silence these warnings) [-Wdeprecated-declarations]
  267 |                 glLoadMatrixf(matrixState.modelViewMatrix().ptr());
      |                 ^
/Applications/Xcode.app/Contents/Developer/Platforms/MacOSX.platform/Developer/SDKs/MacOSX.sdk/System/Library/Frameworks/OpenGL.framework/Headers/gl.h:2573:13: note: 'glLoadMatrixf' has been explicitly marked deprecated here
 2573 | extern void glLoadMatrixf (const GLfloat *m) OPENGL_DEPRECATED(10.0, 10.14);
      |             ^
1 warning generated.
[179/3503] Building CXX object Fwk/VizFwk/LibViewing/CMakeFiles/LibViewing.dir/cvfRenderQueue.cpp.o
[180/3503] Building CXX object Fwk/VizFwk/LibViewing/CMakeFiles/LibViewing.dir/cvfRendering.cpp.o
[181/3503] Building CXX object Fwk/VizFwk/LibViewing/CMakeFiles/LibViewing.dir/cvfRenderQueueBuilder.cpp.o
[182/3503] Building CXX object Fwk/VizFwk/LibViewing/CMakeFiles/LibViewing.dir/cvfRenderQueueSorter.cpp.o
[183/3503] Building CXX object Fwk/VizFwk/LibViewing/CMakeFiles/LibViewing.dir/cvfScene.cpp.o
[184/3503] Building CXX object Fwk/VizFwk/LibViewing/CMakeFiles/LibViewing.dir/cvfRenderSequence.cpp.o
/tmp/resinsight-p01-build/source/Fwk/VizFwk/LibViewing/cvfRenderSequence.cpp:340:9: warning: 'glMatrixMode' is deprecated: first deprecated in macOS 10.14 - OpenGL API deprecated. (Define GL_SILENCE_DEPRECATION to silence these warnings) [-Wdeprecated-declarations]
  340 |         glMatrixMode(GL_TEXTURE);
      |         ^
/Applications/Xcode.app/Contents/Developer/Platforms/MacOSX.platform/Developer/SDKs/MacOSX.sdk/System/Library/Frameworks/OpenGL.framework/Headers/gl.h:2588:13: note: 'glMatrixMode' has been explicitly marked deprecated here
 2588 | extern void glMatrixMode (GLenum mode) OPENGL_DEPRECATED(10.0, 10.14);
      |             ^
/tmp/resinsight-p01-build/source/Fwk/VizFwk/LibViewing/cvfRenderSequence.cpp:341:9: warning: 'glLoadIdentity' is deprecated: first deprecated in macOS 10.14 - OpenGL API deprecated. (Define GL_SILENCE_DEPRECATION to silence these warnings) [-Wdeprecated-declarations]
  341 |         glLoadIdentity();
      |         ^
/Applications/Xcode.app/Contents/Developer/Platforms/MacOSX.platform/Developer/SDKs/MacOSX.sdk/System/Library/Frameworks/OpenGL.framework/Headers/gl.h:2571:13: note: 'glLoadIdentity' has been explicitly marked deprecated here
 2571 | extern void glLoadIdentity (void) OPENGL_DEPRECATED(10.0, 10.14);
      |             ^
/tmp/resinsight-p01-build/source/Fwk/VizFwk/LibViewing/cvfRenderSequence.cpp:343:9: warning: 'glMatrixMode' is deprecated: first deprecated in macOS 10.14 - OpenGL API deprecated. (Define GL_SILENCE_DEPRECATION to silence these warnings) [-Wdeprecated-declarations]
  343 |         glMatrixMode(GL_PROJECTION);
      |         ^
/Applications/Xcode.app/Contents/Developer/Platforms/MacOSX.platform/Developer/SDKs/MacOSX.sdk/System/Library/Frameworks/OpenGL.framework/Headers/gl.h:2588:13: note: 'glMatrixMode' has been explicitly marked deprecated here
 2588 | extern void glMatrixMode (GLenum mode) OPENGL_DEPRECATED(10.0, 10.14);
      |             ^
/tmp/resinsight-p01-build/source/Fwk/VizFwk/LibViewing/cvfRenderSequence.cpp:344:9: warning: 'glLoadIdentity' is deprecated: first deprecated in macOS 10.14 - OpenGL API deprecated. (Define GL_SILENCE_DEPRECATION to silence these warnings) [-Wdeprecated-declarations]
  344 |         glLoadIdentity();
      |         ^
/Applications/Xcode.app/Contents/Developer/Platforms/MacOSX.platform/Developer/SDKs/MacOSX.sdk/System/Library/Frameworks/OpenGL.framework/Headers/gl.h:2571:13: note: 'glLoadIdentity' has been explicitly marked deprecated here
 2571 | extern void glLoadIdentity (void) OPENGL_DEPRECATED(10.0, 10.14);
      |             ^
/tmp/resinsight-p01-build/source/Fwk/VizFwk/LibViewing/cvfRenderSequence.cpp:346:9: warning: 'glMatrixMode' is deprecated: first deprecated in macOS 10.14 - OpenGL API deprecated. (Define GL_SILENCE_DEPRECATION to silence these warnings) [-Wdeprecated-declarations]
  346 |         glMatrixMode(GL_MODELVIEW);
      |         ^
/Applications/Xcode.app/Contents/Developer/Platforms/MacOSX.platform/Developer/SDKs/MacOSX.sdk/System/Library/Frameworks/OpenGL.framework/Headers/gl.h:2588:13: note: 'glMatrixMode' has been explicitly marked deprecated here
 2588 | extern void glMatrixMode (GLenum mode) OPENGL_DEPRECATED(10.0, 10.14);
      |             ^
/tmp/resinsight-p01-build/source/Fwk/VizFwk/LibViewing/cvfRenderSequence.cpp:347:9: warning: 'glLoadIdentity' is deprecated: first deprecated in macOS 10.14 - OpenGL API deprecated. (Define GL_SILENCE_DEPRECATION to silence these warnings) [-Wdeprecated-declarations]
  347 |         glLoadIdentity();
      |         ^
/Applications/Xcode.app/Contents/Developer/Platforms/MacOSX.platform/Developer/SDKs/MacOSX.sdk/System/Library/Frameworks/OpenGL.framework/Headers/gl.h:2571:13: note: 'glLoadIdentity' has been explicitly marked deprecated here
 2571 | extern void glLoadIdentity (void) OPENGL_DEPRECATED(10.0, 10.14);
      |             ^
/tmp/resinsight-p01-build/source/Fwk/VizFwk/LibViewing/cvfRenderSequence.cpp:349:9: warning: 'glShadeModel' is deprecated: first deprecated in macOS 10.14 - OpenGL API deprecated. (Define GL_SILENCE_DEPRECATION to silence these warnings) [-Wdeprecated-declarations]
  349 |         glShadeModel(GL_SMOOTH);
      |         ^
/Applications/Xcode.app/Contents/Developer/Platforms/MacOSX.platform/Developer/SDKs/MacOSX.sdk/System/Library/Frameworks/OpenGL.framework/Headers/gl.h:2671:13: note: 'glShadeModel' has been explicitly marked deprecated here
 2671 | extern void glShadeModel (GLenum mode) OPENGL_DEPRECATED(10.0, 10.14);
      |             ^
/tmp/resinsight-p01-build/source/Fwk/VizFwk/LibViewing/cvfRenderSequence.cpp:353:9: warning: 'glTexEnvf' is deprecated: first deprecated in macOS 10.14 - OpenGL API deprecated. (Define GL_SILENCE_DEPRECATION to silence these warnings) [-Wdeprecated-declarations]
  353 |         glTexEnvf(GL_TEXTURE_ENV, GL_TEXTURE_ENV_MODE, GL_MODULATE);
      |         ^
/Applications/Xcode.app/Contents/Developer/Platforms/MacOSX.platform/Developer/SDKs/MacOSX.sdk/System/Library/Frameworks/OpenGL.framework/Headers/gl.h:2708:13: note: 'glTexEnvf' has been explicitly marked deprecated here
 2708 | extern void glTexEnvf (GLenum target, GLenum pname, GLfloat param) OPENGL_DEPRECATED(10.0, 10.14);
      |             ^
/tmp/resinsight-p01-build/source/Fwk/VizFwk/LibViewing/cvfRenderSequence.cpp:365:9: warning: 'glLightfv' is deprecated: first deprecated in macOS 10.14 - OpenGL API deprecated. (Define GL_SILENCE_DEPRECATION to silence these warnings) [-Wdeprecated-declarations]
  365 |         glLightfv(GL_LIGHT0, GL_POSITION, m_defaultGlLightPosition.ptr());
      |         ^
/Applications/Xcode.app/Contents/Developer/Platforms/MacOSX.platform/Developer/SDKs/MacOSX.sdk/System/Library/Frameworks/OpenGL.framework/Headers/gl.h:2565:13: note: 'glLightfv' has been explicitly marked deprecated here
 2565 | extern void glLightfv (GLenum light, GLenum pname, const GLfloat *params) OPENGL_DEPRECATED(10.0, 10.14);
      |             ^
/tmp/resinsight-p01-build/source/Fwk/VizFwk/LibViewing/cvfRenderSequence.cpp:368:9: warning: 'glLightfv' is deprecated: first deprecated in macOS 10.14 - OpenGL API deprecated. (Define GL_SILENCE_DEPRECATION to silence these warnings) [-Wdeprecated-declarations]
  368 |         glLightfv(GL_LIGHT0, GL_SPOT_DIRECTION, spotDirection.ptr());
      |         ^
/Applications/Xcode.app/Contents/Developer/Platforms/MacOSX.platform/Developer/SDKs/MacOSX.sdk/System/Library/Frameworks/OpenGL.framework/Headers/gl.h:2565:13: note: 'glLightfv' has been explicitly marked deprecated here
 2565 | extern void glLightfv (GLenum light, GLenum pname, const GLfloat *params) OPENGL_DEPRECATED(10.0, 10.14);
      |             ^
/tmp/resinsight-p01-build/source/Fwk/VizFwk/LibViewing/cvfRenderSequence.cpp:369:9: warning: 'glLightf' is deprecated: first deprecated in macOS 10.14 - OpenGL API deprecated. (Define GL_SILENCE_DEPRECATION to silence these warnings) [-Wdeprecated-declarations]
  369 |         glLightf( GL_LIGHT0, GL_SPOT_EXPONENT,  0.0f);
      |         ^
/Applications/Xcode.app/Contents/Developer/Platforms/MacOSX.platform/Developer/SDKs/MacOSX.sdk/System/Library/Frameworks/OpenGL.framework/Headers/gl.h:2564:13: note: 'glLightf' has been explicitly marked deprecated here
 2564 | extern void glLightf (GLenum light, GLenum pname, GLfloat param) OPENGL_DEPRECATED(10.0, 10.14);
      |             ^
/tmp/resinsight-p01-build/source/Fwk/VizFwk/LibViewing/cvfRenderSequence.cpp:370:9: warning: 'glLightf' is deprecated: first deprecated in macOS 10.14 - OpenGL API deprecated. (Define GL_SILENCE_DEPRECATION to silence these warnings) [-Wdeprecated-declarations]
  370 |         glLightf( GL_LIGHT0, GL_SPOT_CUTOFF,    180.0f);
      |         ^
/Applications/Xcode.app/Contents/Developer/Platforms/MacOSX.platform/Developer/SDKs/MacOSX.sdk/System/Library/Frameworks/OpenGL.framework/Headers/gl.h:2564:13: note: 'glLightf' has been explicitly marked deprecated here
 2564 | extern void glLightf (GLenum light, GLenum pname, GLfloat param) OPENGL_DEPRECATED(10.0, 10.14);
      |             ^
/tmp/resinsight-p01-build/source/Fwk/VizFwk/LibViewing/cvfRenderSequence.cpp:375:9: warning: 'glLightfv' is deprecated: first deprecated in macOS 10.14 - OpenGL API deprecated. (Define GL_SILENCE_DEPRECATION to silence these warnings) [-Wdeprecated-declarations]
  375 |         glLightfv(GL_LIGHT0, GL_AMBIENT,        amb.ptr());
      |         ^
/Applications/Xcode.app/Contents/Developer/Platforms/MacOSX.platform/Developer/SDKs/MacOSX.sdk/System/Library/Frameworks/OpenGL.framework/Headers/gl.h:2565:13: note: 'glLightfv' has been explicitly marked deprecated here
 2565 | extern void glLightfv (GLenum light, GLenum pname, const GLfloat *params) OPENGL_DEPRECATED(10.0, 10.14);
      |             ^
/tmp/resinsight-p01-build/source/Fwk/VizFwk/LibViewing/cvfRenderSequence.cpp:376:9: warning: 'glLightfv' is deprecated: first deprecated in macOS 10.14 - OpenGL API deprecated. (Define GL_SILENCE_DEPRECATION to silence these warnings) [-Wdeprecated-declarations]
  376 |         glLightfv(GL_LIGHT0, GL_DIFFUSE,        diff.ptr());
      |         ^
/Applications/Xcode.app/Contents/Developer/Platforms/MacOSX.platform/Developer/SDKs/MacOSX.sdk/System/Library/Frameworks/OpenGL.framework/Headers/gl.h:2565:13: note: 'glLightfv' has been explicitly marked deprecated here
 2565 | extern void glLightfv (GLenum light, GLenum pname, const GLfloat *params) OPENGL_DEPRECATED(10.0, 10.14);
      |             ^
/tmp/resinsight-p01-build/source/Fwk/VizFwk/LibViewing/cvfRenderSequence.cpp:377:9: warning: 'glLightfv' is deprecated: first deprecated in macOS 10.14 - OpenGL API deprecated. (Define GL_SILENCE_DEPRECATION to silence these warnings) [-Wdeprecated-declarations]
  377 |         glLightfv(GL_LIGHT0, GL_SPECULAR,   spec.ptr());
      |         ^
/Applications/Xcode.app/Contents/Developer/Platforms/MacOSX.platform/Developer/SDKs/MacOSX.sdk/System/Library/Frameworks/OpenGL.framework/Headers/gl.h:2565:13: note: 'glLightfv' has been explicitly marked deprecated here
 2565 | extern void glLightfv (GLenum light, GLenum pname, const GLfloat *params) OPENGL_DEPRECATED(10.0, 10.14);
      |             ^
/tmp/resinsight-p01-build/source/Fwk/VizFwk/LibViewing/cvfRenderSequence.cpp:379:9: warning: 'glLightf' is deprecated: first deprecated in macOS 10.14 - OpenGL API deprecated. (Define GL_SILENCE_DEPRECATION to silence these warnings) [-Wdeprecated-declarations]
  379 |         glLightf(GL_LIGHT0, GL_CONSTANT_ATTENUATION,    1.0f);
      |         ^
/Applications/Xcode.app/Contents/Developer/Platforms/MacOSX.platform/Developer/SDKs/MacOSX.sdk/System/Library/Frameworks/OpenGL.framework/Headers/gl.h:2564:13: note: 'glLightf' has been explicitly marked deprecated here
 2564 | extern void glLightf (GLenum light, GLenum pname, GLfloat param) OPENGL_DEPRECATED(10.0, 10.14);
      |             ^
/tmp/resinsight-p01-build/source/Fwk/VizFwk/LibViewing/cvfRenderSequence.cpp:380:9: warning: 'glLightf' is deprecated: first deprecated in macOS 10.14 - OpenGL API deprecated. (Define GL_SILENCE_DEPRECATION to silence these warnings) [-Wdeprecated-declarations]
  380 |         glLightf(GL_LIGHT0, GL_LINEAR_ATTENUATION,              0.0f);
      |         ^
/Applications/Xcode.app/Contents/Developer/Platforms/MacOSX.platform/Developer/SDKs/MacOSX.sdk/System/Library/Frameworks/OpenGL.framework/Headers/gl.h:2564:13: note: 'glLightf' has been explicitly marked deprecated here
 2564 | extern void glLightf (GLenum light, GLenum pname, GLfloat param) OPENGL_DEPRECATED(10.0, 10.14);
      |             ^
/tmp/resinsight-p01-build/source/Fwk/VizFwk/LibViewing/cvfRenderSequence.cpp:381:9: warning: 'glLightf' is deprecated: first deprecated in macOS 10.14 - OpenGL API deprecated. (Define GL_SILENCE_DEPRECATION to silence these warnings) [-Wdeprecated-declarations]
  381 |         glLightf(GL_LIGHT0, GL_QUADRATIC_ATTENUATION,   0.0f);
      |         ^
/Applications/Xcode.app/Contents/Developer/Platforms/MacOSX.platform/Developer/SDKs/MacOSX.sdk/System/Library/Frameworks/OpenGL.framework/Headers/gl.h:2564:13: note: 'glLightf' has been explicitly marked deprecated here
 2564 | extern void glLightf (GLenum light, GLenum pname, GLfloat param) OPENGL_DEPRECATED(10.0, 10.14);
      |             ^
18 warnings generated.
[185/3503] Building CXX object Fwk/VizFwk/LibViewing/CMakeFiles/LibViewing.dir/cvfSingleQuadRenderingGenerator.cpp.o
[186/3503] Building CXX object Fwk/AppFwk/cafProjectDataModel/CMakeFiles/cafProjectDataModel.dir/cafProjectDataModel_autogen/mocs_compilation.cpp.o
[187/3503] Building CXX object Fwk/VizFwk/LibViewing/CMakeFiles/LibViewing.dir/cvfTransform.cpp.o
[188/3503] Building CXX object Fwk/AppFwk/cafProjectDataModel/CMakeFiles/cafProjectDataModel.dir/cafPdmObjectGroup.cpp.o
[189/3503] Building CXX object Fwk/AppFwk/cafProjectDataModel/CMakeFiles/cafProjectDataModel.dir/cafPdmDocument.cpp.o
[190/3503] Building CXX object Fwk/AppFwk/cafProjectDataModel/CMakeFiles/cafProjectDataModel.dir/cafPdmObject.cpp.o
[191/3503] Linking CXX static library Fwk/VizFwk/LibViewing/libLibViewing.a
[192/3503] Building CXX object Fwk/AppFwk/cafProjectDataModel/CMakeFiles/cafProjectDataModel.dir/cafPdmNestedCollectionBase.cpp.o
[193/3503] Building CXX object Fwk/AppFwk/cafProjectDataModel/cafPdmUiCore/CMakeFiles/cafPdmUiCore.dir/cafPdmUiEditorHandle.cpp.o
[194/3503] Building CXX object Fwk/AppFwk/cafProjectDataModel/cafPdmUiCore/CMakeFiles/cafPdmUiCore.dir/cafPdmUiCore_autogen/mocs_compilation.cpp.o
[195/3503] Building CXX object Fwk/AppFwk/cafProjectDataModel/cafPdmUiCore/CMakeFiles/cafPdmUiCore.dir/cafPdmUiFieldHandle.cpp.o
[196/3503] Building CXX object Fwk/AppFwk/cafProjectDataModel/cafPdmUiCore/CMakeFiles/cafPdmUiCore.dir/cafPdmUiFieldEditorHandle.cpp.o
[197/3503] Building CXX object Fwk/AppFwk/cafProjectDataModel/cafPdmUiCore/CMakeFiles/cafPdmUiCore.dir/cafPdmUiItemInfo.cpp.o
[198/3503] Building CXX object Fwk/AppFwk/cafProjectDataModel/cafPdmUiCore/CMakeFiles/cafPdmUiCore.dir/cafPdmUiItem.cpp.o
[199/3503] Building CXX object Fwk/AppFwk/cafProjectDataModel/cafPdmUiCore/CMakeFiles/cafPdmUiCore.dir/cafPdmUiModelChangeDetector.cpp.o
[200/3503] Building CXX object Fwk/AppFwk/cafProjectDataModel/cafPdmUiCore/CMakeFiles/cafPdmUiCore.dir/cafPdmOptionItemInfo.cpp.o
[201/3503] Building CXX object Fwk/AppFwk/cafProjectDataModel/cafPdmUiCore/CMakeFiles/cafPdmUiCore.dir/cafPdmUiObjectEditorHandle.cpp.o
[202/3503] Building CXX object Fwk/AppFwk/cafProjectDataModel/cafPdmUiCore/CMakeFiles/cafPdmUiCore.dir/cafPdmUiWidgetObjectEditorHandle.cpp.o
[203/3503] Building CXX object Fwk/AppFwk/cafProjectDataModel/cafPdmUiCore/CMakeFiles/cafPdmUiCore.dir/cafPdmUi3dObjectEditorHandle.cpp.o
[204/3503] Building CXX object Fwk/AppFwk/cafProjectDataModel/cafPdmUiCore/CMakeFiles/cafPdmUiCore.dir/cafPdmUiObjectHandle.cpp.o
[205/3503] Building CXX object Fwk/AppFwk/cafProjectDataModel/cafPdmUiCore/CMakeFiles/cafPdmUiCore.dir/cafPdmUiOrdering.cpp.o
[206/3503] Building CXX object Fwk/AppFwk/cafProjectDataModel/cafPdmUiCore/CMakeFiles/cafPdmUiCore.dir/cafPdmUiCommandSystemProxy.cpp.o
[207/3503] Building CXX object Fwk/AppFwk/cafProjectDataModel/cafPdmUiCore/CMakeFiles/cafPdmUiCore.dir/cafPdmUiTreeOrdering.cpp.o
[208/3503] Building CXX object Fwk/AppFwk/cafProjectDataModel/cafPdmUiCore/CMakeFiles/cafPdmUiCore.dir/cafPdmUiGroup.cpp.o
[209/3503] Building CXX object Fwk/AppFwk/cafProjectDataModel/cafPdmUiCore/CMakeFiles/cafPdmUiCore.dir/cafPdmUiLabel.cpp.o
[210/3503] Building CXX object Fwk/AppFwk/cafProjectDataModel/cafPdmUiCore/CMakeFiles/cafPdmUiCore.dir/cafPdmUiButton.cpp.o
[211/3503] Building CXX object Fwk/AppFwk/cafProjectDataModel/cafPdmUiCore/CMakeFiles/cafPdmUiCore.dir/cafSelectionChangedReceiver.cpp.o
[212/3503] Building CXX object Fwk/AppFwk/cafProjectDataModel/cafPdmUiCore/CMakeFiles/cafPdmUiCore.dir/cafSelectionManager.cpp.o
[213/3503] Building CXX object Fwk/AppFwk/cafProjectDataModel/cafPdmUiCore/CMakeFiles/cafPdmUiCore.dir/cafQShortenedLabel.cpp.o
[214/3503] Building CXX object Fwk/AppFwk/cafProjectDataModel/cafPdmUiCore/CMakeFiles/cafPdmUiCore.dir/cafPdmUiSelection3dEditorVisualizer.cpp.o
[215/3503] Building CXX object Fwk/AppFwk/cafProjectDataModel/cafPdmUiCore/CMakeFiles/cafPdmUiCore.dir/cafIconProvider.cpp.o
[216/3503] Building CXX object Fwk/AppFwk/cafProjectDataModel/cafPdmUiCore/CMakeFiles/cafPdmUiCore.dir/cafFontTools.cpp.o
[217/3503] Building CXX object Fwk/AppFwk/cafProjectDataModel/cafPdmUiCore/CMakeFiles/cafPdmUiCore.dir/caf.cpp.o
[218/3503] Building CXX object Fwk/AppFwk/cafProjectDataModel/cafPdmUiCore/CMakeFiles/cafPdmUiCore.dir/cafScheduler.cpp.o
[219/3503] Linking CXX static library Fwk/AppFwk/cafProjectDataModel/libcafProjectDataModel.a
[220/3503] Automatic MOC and UIC for target LibGuiQt
[221/3503] Building CXX object Fwk/VizFwk/LibGuiQt/CMakeFiles/LibGuiQt.dir/LibGuiQt_autogen/mocs_compilation.cpp.o
[222/3503] Building CXX object Fwk/AppFwk/cafProjectDataModel/cafPdmUiCore/CMakeFiles/cafPdmUiCore.dir/cafUpdateEditorsScheduler.cpp.o
[223/3503] Linking CXX static library Fwk/AppFwk/cafProjectDataModel/cafPdmUiCore/libcafPdmUiCore.a
[224/3503] Building CXX object Fwk/VizFwk/LibGuiQt/CMakeFiles/LibGuiQt.dir/cvfqtBasicAboutDialog.cpp.o
[225/3503] Building CXX object Fwk/VizFwk/LibGuiQt/CMakeFiles/LibGuiQt.dir/cvfqtMouseState.cpp.o
[226/3503] Building CXX object Fwk/VizFwk/LibGuiQt/CMakeFiles/LibGuiQt.dir/cvfqtOpenGLWidget.cpp.o
[227/3503] Building CXX object Fwk/VizFwk/LibGuiQt/CMakeFiles/LibGuiQt.dir/cvfqtPerformanceInfoHud.cpp.o
[228/3503] Building CXX object Fwk/VizFwk/LibGuiQt/CMakeFiles/LibGuiQt.dir/cvfqtUtils.cpp.o
[229/3503] Automatic MOC and UIC for target cafPdmCvf
[230/3503] Automatic MOC and UIC for target cafPdmScripting
[231/3503] Linking CXX static library Fwk/VizFwk/LibGuiQt/libLibGuiQt.a
[232/3503] Automatic MOC and UIC for target cafAnimControl
[233/3503] Automatic MOC and UIC for target CommonCode
[234/3503] Building CXX object Fwk/AppFwk/cafAnimControl/CMakeFiles/cafAnimControl.dir/cafAnimControl_autogen/mocs_compilation.cpp.o
[235/3503] Automatic MOC and UIC for target cafUserInterface
[236/3503] Building CXX object Fwk/AppFwk/cafPdmScripting/CMakeFiles/cafPdmScripting.dir/cafPdmScripting_autogen/mocs_compilation.cpp.o
[237/3503] Building CXX object Fwk/AppFwk/cafAnimControl/CMakeFiles/cafAnimControl.dir/cafFrameAnimationControl.cpp.o
[238/3503] Building CXX object Fwk/AppFwk/cafPdmScripting/CMakeFiles/cafPdmScripting.dir/cafPdmAbstractFieldScriptingCapability.cpp.o
[239/3503] Building CXX object Fwk/AppFwk/cafPdmScripting/CMakeFiles/cafPdmScripting.dir/cafPdmFieldScriptingCapability.cpp.o
[240/3503] Building CXX object Fwk/AppFwk/cafPdmScripting/CMakeFiles/cafPdmScripting.dir/cafPdmDataContainerEnum.cpp.o
[241/3503] Building CXX object Fwk/AppFwk/cafPdmScripting/CMakeFiles/cafPdmScripting.dir/cafPdmObjectMethod.cpp.o
[242/3503] Building CXX object Fwk/AppFwk/cafPdmScripting/CMakeFiles/cafPdmScripting.dir/cafPdmObjectScriptingCapabilityRegister.cpp.o
[243/3503] Building CXX object Fwk/AppFwk/cafPdmScripting/CMakeFiles/cafPdmScripting.dir/cafPdmScriptIOMessages.cpp.o
[244/3503] Building CXX object Fwk/AppFwk/cafPdmScripting/CMakeFiles/cafPdmScripting.dir/cafPdmObjectScriptingCapability.cpp.o
[245/3503] Building CXX object Fwk/AppFwk/cafPdmScripting/CMakeFiles/cafPdmScripting.dir/cafPdmPythonGenerator.cpp.o
[246/3503] Building CXX object Fwk/AppFwk/cafPdmScripting/CMakeFiles/cafPdmScripting.dir/cafPdmScriptResponse.cpp.o
[247/3503] Building CXX object Fwk/AppFwk/cafPdmScripting/CMakeFiles/cafPdmScripting.dir/cafPdmMarkdownGenerator.cpp.o
[248/3503] Building CXX object Fwk/AppFwk/cafPdmScripting/CMakeFiles/cafPdmScripting.dir/cafPdmFieldScriptingCapabilityCvfColor3.cpp.o
[249/3503] Building CXX object Fwk/AppFwk/cafPdmScripting/CMakeFiles/cafPdmScripting.dir/cafPdmMarkdownBuilder.cpp.o
[250/3503] Building CXX object Fwk/AppFwk/cafPdmCvf/CMakeFiles/cafPdmCvf.dir/cafPdmCvf_autogen/mocs_compilation.cpp.o
[251/3503] Building CXX object Fwk/AppFwk/cafPdmScripting/CMakeFiles/cafPdmScripting.dir/cafPdmFieldScriptingCapabilityCvfVec3d.cpp.o
[252/3503] Building CXX object Fwk/AppFwk/cafPdmCvf/CMakeFiles/cafPdmCvf.dir/cafPdmXmlColor3f.cpp.o
[253/3503] Building CXX object Fwk/AppFwk/cafPdmCvf/CMakeFiles/cafPdmCvf.dir/cafPdmUiCoreColor3f.cpp.o
[254/3503] Building CXX object Fwk/AppFwk/cafPdmCvf/CMakeFiles/cafPdmCvf.dir/cafPdmXmlVec3d.cpp.o
[255/3503] Building CXX object Fwk/AppFwk/cafPdmCvf/CMakeFiles/cafPdmCvf.dir/cafPdmXmlMat4d.cpp.o
[256/3503] Building CXX object Fwk/AppFwk/cafPdmCvf/CMakeFiles/cafPdmCvf.dir/cafPdmUiCoreVec3d.cpp.o
[257/3503] Linking CXX static library Fwk/AppFwk/cafPdmScripting/libcafPdmScripting.a
[258/3503] Building CXX object Fwk/AppFwk/cafPdmCvf/CMakeFiles/cafPdmCvf.dir/cafPdmMat3d/cafPdmXmlMat3d.cpp.o
[259/3503] Building CXX object Fwk/AppFwk/cafAnimControl/CMakeFiles/cafAnimControl.dir/cafAnimationToolBar.cpp.o
[260/3503] Building CXX object Fwk/AppFwk/cafAnimControl/CMakeFiles/cafAnimControl.dir/cafPopupMenuButton.cpp.o
[261/3503] Automatic MOC and UIC for target cafCommand
[262/3503] Building CXX object Fwk/AppFwk/cafUserInterface/CMakeFiles/cafUserInterface.dir/cafPdmUiCheckBoxDelegate.cpp.o
[263/3503] Building CXX object Fwk/AppFwk/cafUserInterface/CMakeFiles/cafUserInterface.dir/cafUserInterface_autogen/mocs_compilation.cpp.o
[264/3503] Building CXX object Fwk/AppFwk/cafUserInterface/CMakeFiles/cafUserInterface.dir/cafPdmUiCheckBoxEditor.cpp.o
[265/3503] Building CXX object Fwk/AppFwk/cafUserInterface/CMakeFiles/cafUserInterface.dir/cafPdmUiCheckBoxTristateEditor.cpp.o
[266/3503] Building CXX object Fwk/AppFwk/cafUserInterface/CMakeFiles/cafUserInterface.dir/cafPdmUiColorEditor.cpp.o
[267/3503] Building CXX object Fwk/AppFwk/cafUserInterface/CMakeFiles/cafUserInterface.dir/cafPdmUiComboBoxEditor.cpp.o
[268/3503] Building CXX object Fwk/AppFwk/cafUserInterface/CMakeFiles/cafUserInterface.dir/cafPdmUiRadioButtonEditor.cpp.o
[269/3503] Building CXX object Fwk/AppFwk/cafUserInterface/CMakeFiles/cafUserInterface.dir/cafPdmUiDateEditor.cpp.o
[270/3503] Building CXX object Fwk/AppFwk/cafUserInterface/CMakeFiles/cafUserInterface.dir/cafPdmUiTimeEditor.cpp.o
[271/3503] Building CXX object Fwk/AppFwk/cafUserInterface/CMakeFiles/cafUserInterface.dir/cafPdmUiDoubleSliderEditor.cpp.o
[272/3503] Building CXX object Fwk/AppFwk/cafUserInterface/CMakeFiles/cafUserInterface.dir/cafPdmUiFilePathEditor.cpp.o
[273/3503] Building CXX object Fwk/AppFwk/cafUserInterface/CMakeFiles/cafUserInterface.dir/cafPdmUiLineEditor.cpp.o
[274/3503] Building CXX object Fwk/AppFwk/cafUserInterface/CMakeFiles/cafUserInterface.dir/cafPdmUiListEditor.cpp.o
[275/3503] Building CXX object Fwk/AppFwk/cafUserInterface/CMakeFiles/cafUserInterface.dir/cafPdmUiPushButtonEditor.cpp.o
[276/3503] Building CXX object Fwk/AppFwk/cafUserInterface/CMakeFiles/cafUserInterface.dir/cafPdmUiSliderEditor.cpp.o
[277/3503] Building CXX object Fwk/AppFwk/cafUserInterface/CMakeFiles/cafUserInterface.dir/cafPdmUiTextEditor.cpp.o
[278/3503] Building CXX object Fwk/AppFwk/cafUserInterface/CMakeFiles/cafUserInterface.dir/cafPdmUiToolBarEditor.cpp.o
[279/3503] Building CXX object Fwk/AppFwk/cafUserInterface/CMakeFiles/cafUserInterface.dir/cafPdmUiToolButtonEditor.cpp.o
[280/3503] Building CXX object Fwk/AppFwk/cafUserInterface/CMakeFiles/cafUserInterface.dir/cafPdmUiToolButtonCallbackEditor.cpp.o
[281/3503] Building CXX object Fwk/AppFwk/cafUserInterface/CMakeFiles/cafUserInterface.dir/cafPdmUiTreeSelectionEditor.cpp.o
[282/3503] Building CXX object Fwk/AppFwk/cafUserInterface/CMakeFiles/cafUserInterface.dir/cafPdmUiTreeSelectionQModel.cpp.o
[283/3503] Building CXX object Fwk/AppFwk/cafUserInterface/CMakeFiles/cafUserInterface.dir/cafPdmUiFieldEditorHelper.cpp.o
[284/3503] Building CXX object Fwk/AppFwk/cafUserInterface/CMakeFiles/cafUserInterface.dir/cafPdmUiLabelEditor.cpp.o
[285/3503] Building CXX object Fwk/AppFwk/cafUserInterface/CMakeFiles/cafUserInterface.dir/cafPdmUiNumberFormat.cpp.o
[286/3503] Building CXX object Fwk/AppFwk/cafUserInterface/CMakeFiles/cafUserInterface.dir/cafPdmUiCheckBoxAndTextEditor.cpp.o
[287/3503] Building CXX object Fwk/AppFwk/cafUserInterface/CMakeFiles/cafUserInterface.dir/cafPdmUiDefaultObjectEditor.cpp.o
[288/3503] Building CXX object Fwk/AppFwk/cafUserInterface/CMakeFiles/cafUserInterface.dir/cafPdmUiValueRangeEditor.cpp.o
[289/3503] Building CXX object Fwk/AppFwk/cafUserInterface/CMakeFiles/cafUserInterface.dir/cafPdmUiTableRowEditor.cpp.o
[290/3503] Building CXX object Fwk/AppFwk/cafUserInterface/CMakeFiles/cafUserInterface.dir/cafPdmUiTableView.cpp.o
[291/3503] Building CXX object Fwk/AppFwk/cafUserInterface/CMakeFiles/cafUserInterface.dir/cafPdmUiTableViewDelegate.cpp.o
[292/3503] Building CXX object Fwk/AppFwk/cafUserInterface/CMakeFiles/cafUserInterface.dir/cafPdmUiTableViewEditor.cpp.o
[293/3503] Building CXX object Fwk/AppFwk/cafUserInterface/CMakeFiles/cafUserInterface.dir/cafPdmUiTableViewQModel.cpp.o
[294/3503] Building CXX object Fwk/AppFwk/cafUserInterface/CMakeFiles/cafUserInterface.dir/cafPdmUiTreeEditorHandle.cpp.o
[295/3503] Building CXX object Fwk/AppFwk/cafUserInterface/CMakeFiles/cafUserInterface.dir/cafPdmUiTreeItemEditor.cpp.o
[296/3503] Building CXX object Fwk/AppFwk/cafUserInterface/CMakeFiles/cafUserInterface.dir/cafPdmUiTreeView.cpp.o
[297/3503] Building CXX object Fwk/AppFwk/cafUserInterface/CMakeFiles/cafUserInterface.dir/cafPdmUiTreeViewEditor.cpp.o
[298/3503] Building CXX object Fwk/AppFwk/cafUserInterface/CMakeFiles/cafUserInterface.dir/cafPdmUiTreeViewQModel.cpp.o
[299/3503] Building CXX object Fwk/AppFwk/cafUserInterface/CMakeFiles/cafUserInterface.dir/cafPdmUiPropertyView.cpp.o
[300/3503] Building CXX object Fwk/AppFwk/cafUserInterface/CMakeFiles/cafUserInterface.dir/cafPdmUiPropertyViewDialog.cpp.o
[301/3503] Building CXX object Fwk/AppFwk/cafUserInterface/CMakeFiles/cafUserInterface.dir/cafPdmUiFormLayoutObjectEditor.cpp.o
[302/3503] Building CXX object Fwk/AppFwk/cafUserInterface/CMakeFiles/cafUserInterface.dir/cafPdmUiDoubleValueEditor.cpp.o
[303/3503] Building CXX object Fwk/AppFwk/cafUserInterface/CMakeFiles/cafUserInterface.dir/cafAboutDialog.cpp.o
[304/3503] Building CXX object Fwk/AppFwk/cafUserInterface/CMakeFiles/cafUserInterface.dir/cafProgressInfo.cpp.o
[305/3503] Building CXX object Fwk/AppFwk/cafUserInterface/CMakeFiles/cafUserInterface.dir/cafUiProcess.cpp.o
[306/3503] Building CXX object Fwk/AppFwk/cafUserInterface/CMakeFiles/cafUserInterface.dir/QMinimizePanel.cpp.o
[307/3503] Building CXX object Fwk/AppFwk/cafUserInterface/CMakeFiles/cafUserInterface.dir/cafQStyledProgressBar.cpp.o
[308/3503] Building CXX object Fwk/AppFwk/cafUserInterface/CMakeFiles/cafUserInterface.dir/cafQTreeViewStateSerializer.cpp.o
[309/3503] Building CXX object Fwk/AppFwk/cafUserInterface/CMakeFiles/cafUserInterface.dir/cafMemoryInspector.cpp.o
[310/3503] Building CXX object Fwk/AppFwk/cafUserInterface/CMakeFiles/cafUserInterface.dir/cafPdmUniqueIdValidator.cpp.o
[311/3503] Building CXX object Fwk/AppFwk/cafUserInterface/CMakeFiles/cafUserInterface.dir/cafPdmDoubleStringValidator.cpp.o
[312/3503] Building CXX object Fwk/AppFwk/cafUserInterface/CMakeFiles/cafUserInterface.dir/cafStyleSheetTools.cpp.o
[313/3503] Building CXX object Fwk/AppFwk/cafUserInterface/CMakeFiles/cafUserInterface.dir/cafPdmUiPickableLineEditor.cpp.o
[314/3503] Building CXX object Fwk/AppFwk/cafUserInterface/CMakeFiles/cafUserInterface.dir/cafPdmUiTabbedPropertyViewDialog.cpp.o
[315/3503] Building CXX object Fwk/AppFwk/cafUserInterface/CMakeFiles/cafUserInterface.dir/cafPdmUiTreeViewItemDelegate.cpp.o
[316/3503] Building CXX object Fwk/AppFwk/cafUserInterface/CMakeFiles/cafUserInterface.dir/cafPdmUiTreeAttributes.cpp.o
[317/3503] Building CXX object Fwk/AppFwk/cafUserInterface/CMakeFiles/cafUserInterface.dir/cafUiAppearanceSettings.cpp.o
[318/3503] Building CXX object Fwk/AppFwk/cafUserInterface/CMakeFiles/cafUserInterface.dir/cafUiIconFactory.cpp.o
[319/3503] Building CXX object Fwk/AppFwk/cafUserInterface/CMakeFiles/cafUserInterface.dir/cafPdmUiSliderTools.cpp.o
[320/3503] Linking CXX static library Fwk/AppFwk/cafPdmCvf/libcafPdmCvf.a
[321/3503] Building CXX object Fwk/AppFwk/cafUserInterface/CMakeFiles/cafUserInterface.dir/cafPdmUiFieldLabelEditorHandle.cpp.o
[322/3503] Building CXX object Fwk/AppFwk/CommonCode/CMakeFiles/CommonCode.dir/cafEffectCache.cpp.o
[323/3503] Building CXX object Fwk/AppFwk/CommonCode/CMakeFiles/CommonCode.dir/CommonCode_autogen/mocs_compilation.cpp.o
[324/3503] Building CXX object Fwk/AppFwk/CommonCode/CMakeFiles/CommonCode.dir/cafEffectGenerator.cpp.o
[325/3503] Building CXX object Fwk/AppFwk/CommonCode/CMakeFiles/CommonCode.dir/cafLog.cpp.o
[326/3503] Building CXX object Fwk/AppFwk/CommonCode/CMakeFiles/CommonCode.dir/cafMessagePanel.cpp.o
[327/3503] Building CXX object Fwk/AppFwk/CommonCode/CMakeFiles/CommonCode.dir/cafMouseState.cpp.o
[328/3503] Building CXX object Fwk/AppFwk/CommonCode/CMakeFiles/CommonCode.dir/cvfStructGrid.cpp.o
[329/3503] Building CXX object Fwk/AppFwk/CommonCode/CMakeFiles/CommonCode.dir/cafUtils.cpp.o
[330/3503] Building CXX object Fwk/AppFwk/CommonCode/CMakeFiles/CommonCode.dir/cvfCellRange.cpp.o
[331/3503] Building CXX object Fwk/AppFwk/CommonCode/CMakeFiles/CommonCode.dir/cafContourLines.cpp.o
[332/3503] Building CXX object Fwk/AppFwk/CommonCode/CMakeFiles/CommonCode.dir/cafColorTable.cpp.o
[333/3503] Building CXX object Fwk/AppFwk/CommonCode/CMakeFiles/CommonCode.dir/cafVecIjk.cpp.o
[334/3503] Building CXX object ThirdParty/Ert/lib/CMakeFiles/resdata.dir/util/rng.cpp.o
[335/3503] Building CXX object ThirdParty/Ert/lib/CMakeFiles/resdata.dir/util/lookup_table.cpp.o
[336/3503] Building CXX object ThirdParty/Ert/lib/CMakeFiles/resdata.dir/util/statistics.cpp.o
[337/3503] Building CXX object ThirdParty/Ert/lib/CMakeFiles/resdata.dir/util/mzran.cpp.o
[338/3503] Building CXX object ThirdParty/Ert/lib/CMakeFiles/resdata.dir/util/hash_node.cpp.o
[339/3503] Building CXX object ThirdParty/Ert/lib/CMakeFiles/resdata.dir/util/hash_sll.cpp.o
[340/3503] Building CXX object ThirdParty/Ert/lib/CMakeFiles/resdata.dir/util/path.cpp.o
[341/3503] Building CXX object ThirdParty/Ert/lib/CMakeFiles/resdata.dir/util/hash.cpp.o
[342/3503] Building CXX object ThirdParty/Ert/lib/CMakeFiles/resdata.dir/util/node_data.cpp.o
[343/3503] Building CXX object ThirdParty/Ert/lib/CMakeFiles/resdata.dir/util/node_ctype.cpp.o
[344/3503] Building CXX object Fwk/AppFwk/CommonCode/CMakeFiles/CommonCode.dir/cvfStructGridGeometryGenerator.cpp.o
[345/3503] Building C object ThirdParty/Ert/lib/CMakeFiles/resdata.dir/util/util.c.o
[346/3503] Building CXX object ThirdParty/Ert/lib/CMakeFiles/resdata.dir/util/util_symlink.cpp.o
[347/3503] Building C object ThirdParty/Ert/lib/CMakeFiles/resdata.dir/util/util_lfs.c.o
[348/3503] Building CXX object ThirdParty/Ert/lib/CMakeFiles/resdata.dir/util/util_unlink.cpp.o
[349/3503] Building CXX object ThirdParty/Ert/lib/CMakeFiles/resdata.dir/util/vector.cpp.o
[350/3503] Building CXX object ThirdParty/Ert/lib/CMakeFiles/resdata.dir/util/parser.cpp.o
[351/3503] Building CXX object ThirdParty/Ert/lib/CMakeFiles/resdata.dir/util/stringlist.cpp.o
[352/3503] Building CXX object ThirdParty/Ert/lib/CMakeFiles/resdata.dir/util/buffer.cpp.o
[353/3503] Building CXX object ThirdParty/Ert/lib/CMakeFiles/resdata.dir/util/string_util.cpp.o
[354/3503] Building CXX object ThirdParty/Ert/lib/CMakeFiles/resdata.dir/util/timer.cpp.o
[355/3503] Building CXX object ThirdParty/Ert/lib/CMakeFiles/resdata.dir/util/type_vector_functions.cpp.o
[356/3503] Building CXX object ThirdParty/Ert/lib/CMakeFiles/resdata.dir/util/ecl_version.cpp.o
[357/3503] Building CXX object ThirdParty/Ert/lib/CMakeFiles/resdata.dir/util/perm_vector.cpp.o
[358/3503] Building CXX object ThirdParty/Ert/lib/CMakeFiles/resdata.dir/util/test_util.cpp.o
[359/3503] Building C object ThirdParty/Ert/lib/CMakeFiles/resdata.dir/util/util_abort_gnu.c.o
[360/3503] Building CXX object ThirdParty/Ert/lib/CMakeFiles/resdata.dir/util/cxx_string_util.cpp.o
[361/3503] Building CXX object ThirdParty/Ert/lib/CMakeFiles/resdata.dir/util/util_getuid.cpp.o
[362/3503] Building CXX object ThirdParty/Ert/lib/CMakeFiles/resdata.dir/util/util_opendir.cpp.o
[363/3503] Building CXX object ThirdParty/Ert/lib/CMakeFiles/resdata.dir/util/util_spawn.cpp.o
[364/3503] Building CXX object ThirdParty/Ert/lib/CMakeFiles/resdata.dir/util/test_work_area.cpp.o
[365/3503] Building CXX object ThirdParty/Ert/lib/CMakeFiles/resdata.dir/util/util_lockf.cpp.o
[366/3503] Building CXX object ThirdParty/Ert/lib/CMakeFiles/resdata.dir/int_vector.cpp.o
[367/3503] Building CXX object ThirdParty/Ert/lib/CMakeFiles/resdata.dir/util/path_stack.cpp.o
[368/3503] Building CXX object ThirdParty/Ert/lib/CMakeFiles/resdata.dir/double_vector.cpp.o
[369/3503] Building CXX object ThirdParty/Ert/lib/CMakeFiles/resdata.dir/long_vector.cpp.o
[370/3503] Building CXX object ThirdParty/Ert/lib/CMakeFiles/resdata.dir/time_t_vector.cpp.o
[371/3503] Building CXX object ThirdParty/Ert/lib/CMakeFiles/resdata.dir/float_vector.cpp.o
[372/3503] Building CXX object ThirdParty/Ert/lib/CMakeFiles/resdata.dir/bool_vector.cpp.o
[373/3503] Building CXX object ThirdParty/Ert/lib/CMakeFiles/resdata.dir/util/util_zlib.cpp.o
[374/3503] Building CXX object ThirdParty/Ert/lib/CMakeFiles/resdata.dir/ecl/ecl_rsthead.cpp.o
[375/3503] Building CXX object ThirdParty/Ert/lib/CMakeFiles/resdata.dir/size_t_vector.cpp.o
[376/3503] Building CXX object ThirdParty/Ert/lib/CMakeFiles/resdata.dir/ecl/ecl_rst_file.cpp.o
[377/3503] Building CXX object ThirdParty/Ert/lib/CMakeFiles/resdata.dir/ecl/ecl_sum_tstep.cpp.o
[378/3503] Building CXX object ThirdParty/Ert/lib/CMakeFiles/resdata.dir/ecl/ecl_init_file.cpp.o
[379/3503] Building CXX object ThirdParty/Ert/lib/CMakeFiles/resdata.dir/ecl/ecl_grid_cache.cpp.o
[380/3503] Building CXX object ThirdParty/Ert/lib/CMakeFiles/resdata.dir/ecl/ecl_kw_grdecl.cpp.o
[381/3503] Building CXX object ThirdParty/Ert/lib/CMakeFiles/resdata.dir/ecl/ecl_file_kw.cpp.o
[382/3503] Building CXX object ThirdParty/Ert/lib/CMakeFiles/resdata.dir/ecl/smspec_node.cpp.o
[383/3503] Building CXX object ThirdParty/Ert/lib/CMakeFiles/resdata.dir/ecl/ecl_file_view.cpp.o
[384/3503] Building CXX object ThirdParty/Ert/lib/CMakeFiles/resdata.dir/ecl/ecl_grav.cpp.o
[385/3503] Building CXX object ThirdParty/Ert/lib/CMakeFiles/resdata.dir/ecl/ecl_grav_calc.cpp.o
[386/3503] Building CXX object ThirdParty/Ert/lib/CMakeFiles/resdata.dir/ecl/ecl_unsmry_loader.cpp.o
[387/3503] Building CXX object ThirdParty/Ert/lib/CMakeFiles/resdata.dir/ecl/ecl_smspec.cpp.o
[388/3503] Building CXX object ThirdParty/Ert/lib/CMakeFiles/resdata.dir/ecl/ecl_sum_data.cpp.o
[389/3503] Building CXX object ThirdParty/Ert/lib/CMakeFiles/resdata.dir/ecl/ecl_sum_file_data.cpp.o
[390/3503] Building CXX object ThirdParty/Ert/lib/CMakeFiles/resdata.dir/ecl/ecl_util.cpp.o
[391/3503] Building CXX object ThirdParty/Ert/lib/CMakeFiles/resdata.dir/ecl/ecl_kw.cpp.o
[392/3503] Building CXX object ThirdParty/Ert/lib/CMakeFiles/resdata.dir/ecl/ecl_sum.cpp.o
[393/3503] Building C object ThirdParty/Ert/lib/CMakeFiles/resdata.dir/ecl/fortio.c.o
[394/3503] Building CXX object ThirdParty/Ert/lib/CMakeFiles/resdata.dir/ecl/ecl_sum_vector.cpp.o
[395/3503] Building CXX object ThirdParty/Ert/lib/CMakeFiles/resdata.dir/ecl/ecl_rft_file.cpp.o
[396/3503] Building CXX object ThirdParty/Ert/lib/CMakeFiles/resdata.dir/ecl/ecl_rft_cell.cpp.o
[397/3503] Building CXX object ThirdParty/Ert/lib/CMakeFiles/resdata.dir/ecl/ecl_rft_node.cpp.o
[398/3503] Building CXX object ThirdParty/Ert/lib/CMakeFiles/resdata.dir/ecl/ecl_coarse_cell.cpp.o
[399/3503] Building CXX object ThirdParty/Ert/lib/CMakeFiles/resdata.dir/ecl/ecl_box.cpp.o
[400/3503] Building CXX object ThirdParty/Ert/lib/CMakeFiles/resdata.dir/ecl/ecl_io_config.cpp.o
[401/3503] Building CXX object ThirdParty/Ert/lib/CMakeFiles/resdata.dir/ecl/ecl_file.cpp.o
[402/3503] Building CXX object ThirdParty/Ert/lib/CMakeFiles/resdata.dir/ecl/ecl_grid.cpp.o
[403/3503] Building CXX object ThirdParty/Ert/lib/CMakeFiles/resdata.dir/ecl/ecl_region.cpp.o
[404/3503] Building CXX object ThirdParty/Ert/lib/CMakeFiles/resdata.dir/ecl/ecl_grid_dims.cpp.o
[405/3503] Building CXX object ThirdParty/Ert/lib/CMakeFiles/resdata.dir/ecl/grid_dims.cpp.o
[406/3503] Building CXX object ThirdParty/Ert/lib/CMakeFiles/resdata.dir/ecl/ecl_subsidence.cpp.o
[407/3503] Building CXX object ThirdParty/Ert/lib/CMakeFiles/resdata.dir/ecl/nnc_info.cpp.o
[408/3503] Building CXX object ThirdParty/Ert/lib/CMakeFiles/resdata.dir/ecl/ecl_grav_common.cpp.o
[409/3503] Building CXX object ThirdParty/Ert/lib/CMakeFiles/resdata.dir/ecl/nnc_vector.cpp.o
[410/3503] Building CXX object ThirdParty/Ert/lib/CMakeFiles/resdata.dir/ecl/ecl_nnc_export.cpp.o
[411/3503] Building CXX object ThirdParty/Ert/lib/CMakeFiles/resdata.dir/ecl/ecl_nnc_data.cpp.o
[412/3503] Building CXX object ThirdParty/Ert/lib/CMakeFiles/resdata.dir/ecl/ecl_nnc_geometry.cpp.o
[413/3503] Building CXX object ThirdParty/Ert/lib/CMakeFiles/resdata.dir/ecl/layer.cpp.o
[414/3503] Building CXX object ThirdParty/Ert/lib/CMakeFiles/resdata.dir/ecl/fault_block.cpp.o
[415/3503] Building CXX object ThirdParty/Ert/lib/CMakeFiles/resdata.dir/ecl/ecl_type.cpp.o
[416/3503] Building CXX object ThirdParty/Ert/lib/CMakeFiles/resdata.dir/ecl/fault_block_layer.cpp.o
[417/3503] Building CXX object ThirdParty/Ert/lib/CMakeFiles/resdata.dir/ecl/ecl_type_python.cpp.o
[418/3503] Building CXX object ThirdParty/Ert/lib/CMakeFiles/resdata.dir/ecl/well_conn.cpp.o
[419/3503] Building CXX object ThirdParty/Ert/lib/CMakeFiles/resdata.dir/ecl/well_state.cpp.o
[420/3503] Building CXX object ThirdParty/Ert/lib/CMakeFiles/resdata.dir/ecl/well_info.cpp.o
[421/3503] Building CXX object ThirdParty/Ert/lib/CMakeFiles/resdata.dir/ecl/well_conn_collection.cpp.o
[422/3503] Building CXX object ThirdParty/Ert/lib/CMakeFiles/resdata.dir/ecl/well_ts.cpp.o
[423/3503] Building CXX object ThirdParty/Ert/lib/CMakeFiles/resdata.dir/ecl/well_segment_collection.cpp.o
[424/3503] Building CXX object ThirdParty/Ert/lib/CMakeFiles/resdata.dir/ecl/well_segment.cpp.o
[425/3503] Building CXX object ThirdParty/Ert/lib/CMakeFiles/resdata.dir/ecl/well_rseg_loader.cpp.o
[426/3503] Building CXX object ThirdParty/Ert/lib/CMakeFiles/resdata.dir/ecl/well_branch_collection.cpp.o
[427/3503] Building CXX object ThirdParty/Ert/lib/CMakeFiles/resdata.dir/ecl/EclFilename.cpp.o
[428/3503] Building CXX object ThirdParty/Ert/lib/CMakeFiles/resdata.dir/ecl/FortIO.cpp.o
[429/3503] Building CXX object ThirdParty/Ert/lib/CMakeFiles/resdata.dir/geometry/geo_surface.cpp.o
[430/3503] Building CXX object ThirdParty/Ert/lib/CMakeFiles/resdata.dir/geometry/geo_util.cpp.o
[431/3503] Building CXX object ThirdParty/Ert/lib/CMakeFiles/resdata.dir/geometry/geo_region.cpp.o
[432/3503] Building CXX object ThirdParty/Ert/lib/CMakeFiles/resdata.dir/geometry/geo_pointset.cpp.o
[433/3503] Building CXX object ThirdParty/Ert/lib/CMakeFiles/resdata.dir/geometry/geo_polygon.cpp.o
[434/3503] Building CXX object ThirdParty/Ert/lib/CMakeFiles/resdata.dir/src/fortio.cpp.o
[435/3503] Building CXX object ThirdParty/Ert/lib/CMakeFiles/resdata.dir/geometry/geo_polygon_collection.cpp.o
[436/3503] Linking CXX static library Fwk/AppFwk/cafAnimControl/libcafAnimControl.a
[437/3503] Automatic MOC and UIC for target qtadvanceddocking-qt6
[438/3503] Building CXX object Fwk/AppFwk/cafCommand/CMakeFiles/cafCommand.dir/cafCommand_autogen/mocs_compilation.cpp.o
[439/3503] Building CXX object Fwk/AppFwk/cafCommand/CMakeFiles/cafCommand.dir/cafCmdExecCommandManager.cpp.o
[440/3503] Building CXX object Fwk/AppFwk/cafCommand/CMakeFiles/cafCommand.dir/cafCmdUiCommandSystemImpl.cpp.o
[441/3503] Building CXX object Fwk/AppFwk/cafCommand/CMakeFiles/cafCommand.dir/cafCmdFieldChangeExec.cpp.o
[442/3503] Building CXX object Fwk/AppFwk/cafCommand/CMakeFiles/cafCommand.dir/cafCmdSelectionHelper.cpp.o
[443/3503] Building CXX object Fwk/AppFwk/cafCommand/CMakeFiles/cafCommand.dir/cafCmdFeature.cpp.o
[444/3503] Building CXX object Fwk/AppFwk/cafCommand/CMakeFiles/cafCommand.dir/cafCmdSelectionChangeExec.cpp.o
[445/3503] Building CXX object Fwk/AppFwk/cafCommand/CMakeFiles/cafCommand.dir/cafCmdFeatureManager.cpp.o
[446/3503] Linking CXX static library Fwk/AppFwk/cafUserInterface/libcafUserInterface.a
[447/3503] Linking CXX static library Fwk/AppFwk/CommonCode/libCommonCode.a
[448/3503] Linking CXX shared library ThirdParty/Ert/lib/libresdata.2.4.dylib
[449/3503] Building CXX object Fwk/AppFwk/cafCommand/CMakeFiles/cafCommand.dir/cafCmdFeatureMenuBuilder.cpp.o
[450/3503] Automatic RCC for ads.qrc
[451/3503] Automatic MOC and UIC for target nightcharts
[452/3503] Automatic MOC and UIC for target expressionparser
[453/3503] Automatic MOC and UIC for target roffcpp
[454/3503] Automatic MOC and UIC for target regression-analysis
[455/3503] Automatic MOC and UIC for target surfio_lib
[456/3503] Automatic MOC and UIC for target cafViewer
[457/3503] Automatic MOC and UIC for target cafDataLoader
[458/3503] Linking CXX static library Fwk/AppFwk/cafCommand/libcafCommand.a
[459/3503] Automatic MOC and UIC for target cafVizExtensions
[460/3503] Automatic MOC and UIC for target cafTensor
[461/3503] Automatic MOC and UIC for target ResultStatisticsCache
[462/3503] Creating library symlink ThirdParty/Ert/lib/libresdata.2.dylib ThirdParty/Ert/lib/libresdata.dylib
[463/3503] Building CXX object ThirdParty/custom-opm-flowdiagnostics/CMakeFiles/custom-opm-flowdiagnostics.dir/opm-flowdiagnostics/opm/flowdiagnostics/CellSet.cpp.o
[464/3503] Automatic MOC and UIC for target qwt
[465/3503] Building CXX object ThirdParty/custom-opm-flowdiagnostics/CMakeFiles/custom-opm-flowdiagnostics.dir/opm-flowdiagnostics/opm/flowdiagnostics/ConnectionValues.cpp.o
[466/3503] Building CXX object ThirdParty/custom-opm-flowdiagnostics/CMakeFiles/custom-opm-flowdiagnostics.dir/opm-flowdiagnostics/opm/flowdiagnostics/ConnectivityGraph.cpp.o
[467/3503] Building CXX object ThirdParty/custom-opm-flowdiagnostics/CMakeFiles/custom-opm-flowdiagnostics.dir/opm-flowdiagnostics/opm/flowdiagnostics/DerivedQuantities.cpp.o
[468/3503] Building CXX object ThirdParty/custom-opm-flowdiagnostics/CMakeFiles/custom-opm-flowdiagnostics.dir/opm-flowdiagnostics/opm/flowdiagnostics/Solution.cpp.o
[469/3503] Building CXX object ThirdParty/custom-opm-flowdiagnostics/CMakeFiles/custom-opm-flowdiagnostics.dir/opm-flowdiagnostics/opm/flowdiagnostics/TracerTofSolver.cpp.o
[470/3503] Building CXX object ThirdParty/custom-opm-flowdiagnostics/CMakeFiles/custom-opm-flowdiagnostics.dir/opm-flowdiagnostics/opm/flowdiagnostics/Toolbox.cpp.o
[471/3503] Building C object ThirdParty/custom-opm-flowdiagnostics/CMakeFiles/custom-opm-flowdiagnostics.dir/opm-flowdiagnostics/opm/utility/graph/tarjan.c.o
[472/3503] Building CXX object ThirdParty/custom-opm-flowdiagnostics/CMakeFiles/custom-opm-flowdiagnostics.dir/opm-flowdiagnostics/opm/utility/numeric/RandomVector.cpp.o
[473/3503] Building CXX object ThirdParty/custom-opm-flowdiagnostics/CMakeFiles/custom-opm-flowdiagnostics.dir/opm-flowdiagnostics/opm/utility/graph/AssembledConnections.cpp.o
[474/3503] Building CXX object ThirdParty/custom-opm-flowdiag-app/CMakeFiles/custom-opm-flowdiag-app.dir/opm-flowdiagnostics-applications/opm/utility/ECLCaseUtilities.cpp.o
[475/3503] Building CXX object ThirdParty/custom-opm-flowdiag-app/CMakeFiles/custom-opm-flowdiag-app.dir/opm-flowdiagnostics-applications/opm/utility/ECLEndPointScaling.cpp.o
[476/3503] Building CXX object ThirdParty/custom-opm-flowdiag-app/CMakeFiles/custom-opm-flowdiag-app.dir/opm-flowdiagnostics-applications/opm/utility/ECLFluxCalc.cpp.o
[477/3503] Building CXX object ThirdParty/custom-opm-flowdiag-app/CMakeFiles/custom-opm-flowdiag-app.dir/opm-flowdiagnostics-applications/opm/utility/ECLPropertyUnitConversion.cpp.o
[478/3503] Building CXX object ThirdParty/custom-opm-flowdiag-app/CMakeFiles/custom-opm-flowdiag-app.dir/opm-flowdiagnostics-applications/opm/utility/ECLPropTable.cpp.o
[479/3503] Building CXX object ThirdParty/custom-opm-flowdiag-app/CMakeFiles/custom-opm-flowdiag-app.dir/opm-flowdiagnostics-applications/opm/utility/ECLGraph.cpp.o
[480/3503] Building CXX object ThirdParty/custom-opm-flowdiag-app/CMakeFiles/custom-opm-flowdiag-app.dir/opm-flowdiagnostics-applications/opm/utility/ECLPvtCommon.cpp.o
[481/3503] Building CXX object ThirdParty/custom-opm-flowdiag-app/CMakeFiles/custom-opm-flowdiag-app.dir/opm-flowdiagnostics-applications/opm/utility/ECLPvtCurveCollection.cpp.o
[482/3503] Building CXX object ThirdParty/custom-opm-flowdiag-app/CMakeFiles/custom-opm-flowdiag-app.dir/opm-flowdiagnostics-applications/opm/utility/ECLPvtGas.cpp.o
[483/3503] Building CXX object ThirdParty/custom-opm-flowdiag-app/CMakeFiles/custom-opm-flowdiag-app.dir/opm-flowdiagnostics-applications/opm/utility/ECLPvtOil.cpp.o
[484/3503] Building CXX object ThirdParty/custom-opm-flowdiag-app/CMakeFiles/custom-opm-flowdiag-app.dir/opm-flowdiagnostics-applications/opm/utility/ECLRegionMapping.cpp.o
[485/3503] Building CXX object ThirdParty/custom-opm-flowdiag-app/CMakeFiles/custom-opm-flowdiag-app.dir/opm-flowdiagnostics-applications/opm/utility/ECLPvtWater.cpp.o
[486/3503] Building CXX object ThirdParty/custom-opm-flowdiag-app/CMakeFiles/custom-opm-flowdiag-app.dir/opm-flowdiagnostics-applications/opm/utility/ECLResultData.cpp.o
[487/3503] Building CXX object ThirdParty/custom-opm-flowdiag-app/CMakeFiles/custom-opm-flowdiag-app.dir/opm-flowdiagnostics-applications/opm/utility/ECLTableInterpolation1D.cpp.o
[488/3503] Building CXX object ThirdParty/custom-opm-flowdiag-app/CMakeFiles/custom-opm-flowdiag-app.dir/opm-flowdiagnostics-applications/opm/utility/ECLUnitHandling.cpp.o
[489/3503] Building CXX object ThirdParty/custom-opm-flowdiag-app/CMakeFiles/custom-opm-flowdiag-app.dir/opm-flowdiagnostics-applications/opm/utility/ECLSaturationFunc.cpp.o
[490/3503] Building CXX object ThirdParty/custom-opm-flowdiag-app/CMakeFiles/custom-opm-flowdiag-app.dir/opm-flowdiagnostics-applications/opm/utility/ECLWellSolution.cpp.o
[491/3503] Building CXX object ThirdParty/custom-opm-common/CMakeFiles/custom-opm-common.dir/opm-common/opm/common/OpmLog/CounterLog.cpp.o
[492/3503] Building CXX object ThirdParty/custom-opm-common/CMakeFiles/custom-opm-common.dir/opm-common/opm/common/OpmLog/EclipsePRTLog.cpp.o
[493/3503] Building CXX object ThirdParty/custom-opm-common/CMakeFiles/custom-opm-common.dir/opm-common/opm/common/OpmLog/LogBackend.cpp.o
[494/3503] Building CXX object ThirdParty/custom-opm-common/CMakeFiles/custom-opm-common.dir/opm-common/opm/common/OpmLog/Logger.cpp.o
[495/3503] Building CXX object ThirdParty/custom-opm-common/CMakeFiles/custom-opm-common.dir/opm-common/opm/common/OpmLog/LogUtil.cpp.o
[496/3503] Building CXX object ThirdParty/custom-opm-common/CMakeFiles/custom-opm-common.dir/opm-common/opm/common/OpmLog/KeywordLocation.cpp.o
[497/3503] Building CXX object ThirdParty/custom-opm-common/CMakeFiles/custom-opm-common.dir/opm-common/opm/common/OpmLog/InfoLogger.cpp.o
[498/3503] Building CXX object ThirdParty/custom-opm-common/CMakeFiles/custom-opm-common.dir/opm-common/opm/common/OpmLog/OpmLog.cpp.o
[499/3503] Building CXX object ThirdParty/custom-opm-common/CMakeFiles/custom-opm-common.dir/opm-common/opm/common/OpmLog/StreamLog.cpp.o
[500/3503] Building CXX object ThirdParty/custom-opm-common/CMakeFiles/custom-opm-common.dir/opm-common/opm/common/utility/ActiveGridCells.cpp.o
[501/3503] Building CXX object ThirdParty/custom-opm-common/CMakeFiles/custom-opm-common.dir/opm-common/opm/common/OpmLog/TimerLog.cpp.o
[502/3503] Building CXX object ThirdParty/custom-opm-common/CMakeFiles/custom-opm-common.dir/opm-common/opm/common/utility/DemangledType.cpp.o
[503/3503] Building CXX object ThirdParty/custom-opm-common/CMakeFiles/custom-opm-common.dir/opm-common/opm/common/utility/FileSystem.cpp.o
[504/3503] Building CXX object ThirdParty/custom-opm-common/CMakeFiles/custom-opm-common.dir/opm-common/opm/common/utility/MemPacker.cpp.o
[505/3503] Building CXX object ThirdParty/custom-opm-common/CMakeFiles/custom-opm-common.dir/opm-common/opm/common/utility/shmatch.cpp.o
[506/3503] Building CXX object ThirdParty/custom-opm-common/CMakeFiles/custom-opm-common.dir/opm-common/opm/common/utility/OpmInputError.cpp.o
[507/3503] Building CXX object ThirdParty/custom-opm-common/CMakeFiles/custom-opm-common.dir/opm-common/opm/common/utility/String.cpp.o
[508/3503] Building CXX object ThirdParty/custom-opm-common/CMakeFiles/custom-opm-common.dir/opm-common/opm/common/utility/SymmTensor.cpp.o
[509/3503] Building CXX object ThirdParty/custom-opm-common/CMakeFiles/custom-opm-common.dir/opm-common/opm/common/utility/VoigtArray.cpp.o
[510/3503] Building CXX object ThirdParty/custom-opm-common/CMakeFiles/custom-opm-common.dir/opm-common/opm/common/utility/TimeService.cpp.o
[511/3503] Building CXX object ThirdParty/custom-opm-common/CMakeFiles/custom-opm-common.dir/opm-common/opm/common/utility/parameters/Parameter.cpp.o
[512/3503] Building CXX object ThirdParty/custom-opm-common/CMakeFiles/custom-opm-common.dir/opm-common/opm/common/utility/parameters/ParameterRequirement.cpp.o
[513/3503] Building CXX object ThirdParty/custom-opm-common/CMakeFiles/custom-opm-common.dir/opm-common/opm/common/utility/parameters/ParameterGroup.cpp.o
[514/3503] Building CXX object ThirdParty/custom-opm-common/CMakeFiles/custom-opm-common.dir/opm-common/opm/common/utility/numeric/calculateCellVol.cpp.o
[515/3503] Building CXX object ThirdParty/custom-opm-common/CMakeFiles/custom-opm-common.dir/opm-common/opm/common/utility/parameters/ParameterTools.cpp.o
[516/3503] Building CXX object ThirdParty/custom-opm-common/CMakeFiles/custom-opm-common.dir/opm-common/opm/common/utility/numeric/VectorUtil.cpp.o
[517/3503] Building CXX object ThirdParty/custom-opm-common/CMakeFiles/custom-opm-common.dir/opm-common/opm/common/utility/numeric/GeometryUtil.cpp.o
[518/3503] Building CXX object ThirdParty/custom-opm-common/CMakeFiles/custom-opm-common.dir/opm-common/opm/common/utility/numeric/GridUtil.cpp.o
[519/3503] Building CXX object ThirdParty/custom-opm-common/CMakeFiles/custom-opm-common.dir/opm-common/opm/common/utility/numeric/MonotCubicInterpolator.cpp.o
[520/3503] Building CXX object ThirdParty/custom-opm-common/CMakeFiles/custom-opm-common.dir/opm-common/opm/material/common/Spline.cpp.o
[521/3503] Building CXX object ThirdParty/custom-opm-common/CMakeFiles/custom-opm-common.dir/opm-common/opm/material/common/Tabulated1DFunction.cpp.o
[522/3503] Building CXX object ThirdParty/custom-opm-common/CMakeFiles/custom-opm-common.dir/opm-common/opm/common/utility/numeric/RootFinders.cpp.o
[523/3503] Building CXX object ThirdParty/custom-opm-common/CMakeFiles/custom-opm-common.dir/opm-common/opm/material/common/TridiagonalMatrix.cpp.o
[524/3503] Building CXX object ThirdParty/custom-opm-common/CMakeFiles/custom-opm-common.dir/opm-common/opm/material/common/UniformXTabulated2DFunction.cpp.o
[525/3503] Building CXX object ThirdParty/custom-opm-common/CMakeFiles/custom-opm-common.dir/opm-common/opm/material/components/CO2Tables.cpp.o
[526/3503] Building CXX object ThirdParty/custom-opm-common/CMakeFiles/custom-opm-common.dir/opm-common/opm/material/components/H2.cpp.o
[527/3503] Building CXX object ThirdParty/custom-opm-common/CMakeFiles/custom-opm-common.dir/opm-common/opm/material/densead/Evaluation.cpp.o
[528/3503] Building CXX object ThirdParty/custom-opm-common/CMakeFiles/custom-opm-common.dir/opm-common/opm/material/fluidmatrixinteractions/EclEpsScalingPoints.cpp.o
[529/3503] Building CXX object ThirdParty/custom-opm-common/CMakeFiles/custom-opm-common.dir/opm-common/opm/material/fluidsystems/PhaseUsageInfo.cpp.o
[530/3503] Building CXX object ThirdParty/custom-opm-common/CMakeFiles/custom-opm-common.dir/opm-common/opm/material/fluidsystems/BlackOilFluidSystem.cpp.o
[531/3503] Building CXX object ThirdParty/custom-opm-common/CMakeFiles/custom-opm-common.dir/opm-common/opm/material/fluidsystems/blackoilpvt/BrineCo2Pvt.cpp.o
[532/3503] Building CXX object ThirdParty/custom-opm-common/CMakeFiles/custom-opm-common.dir/opm-common/opm/material/fluidsystems/blackoilpvt/BrineH2Pvt.cpp.o
[533/3503] Building CXX object ThirdParty/custom-opm-common/CMakeFiles/custom-opm-common.dir/opm-common/opm/material/fluidsystems/blackoilpvt/Co2GasPvt.cpp.o
[534/3503] Building CXX object ThirdParty/custom-opm-common/CMakeFiles/custom-opm-common.dir/opm-common/opm/material/fluidsystems/blackoilpvt/ConstantCompressibilityOilPvt.cpp.o
[535/3503] Building CXX object ThirdParty/custom-opm-common/CMakeFiles/custom-opm-common.dir/opm-common/opm/material/fluidsystems/blackoilpvt/ConstantCompressibilityBrinePvt.cpp.o
[536/3503] Building CXX object ThirdParty/custom-opm-common/CMakeFiles/custom-opm-common.dir/opm-common/opm/material/fluidsystems/blackoilpvt/ConstantCompressibilityWaterPvt.cpp.o
[537/3503] Building CXX object ThirdParty/custom-opm-common/CMakeFiles/custom-opm-common.dir/opm-common/opm/material/fluidsystems/blackoilpvt/DeadOilPvt.cpp.o
[538/3503] Building CXX object ThirdParty/custom-opm-common/CMakeFiles/custom-opm-common.dir/opm-common/opm/material/fluidsystems/blackoilpvt/DryGasPvt.cpp.o
[539/3503] Building CXX object ThirdParty/custom-opm-common/CMakeFiles/custom-opm-common.dir/opm-common/opm/material/fluidsystems/blackoilpvt/DryHumidGasPvt.cpp.o
[540/3503] Building CXX object ThirdParty/custom-opm-common/CMakeFiles/custom-opm-common.dir/opm-common/opm/material/fluidsystems/blackoilpvt/GasPvtMultiplexer.cpp.o
[541/3503] Building CXX object ThirdParty/custom-opm-common/CMakeFiles/custom-opm-common.dir/opm-common/opm/material/fluidsystems/blackoilpvt/GasPvtThermal.cpp.o
[542/3503] Building CXX object ThirdParty/custom-opm-common/CMakeFiles/custom-opm-common.dir/opm-common/opm/material/fluidsystems/blackoilpvt/H2GasPvt.cpp.o
[543/3503] Building CXX object ThirdParty/custom-opm-common/CMakeFiles/custom-opm-common.dir/opm-common/opm/material/fluidsystems/blackoilpvt/OilPvtMultiplexer.cpp.o
[544/3503] Building CXX object ThirdParty/custom-opm-common/CMakeFiles/custom-opm-common.dir/opm-common/opm/material/fluidsystems/blackoilpvt/LiveOilPvt.cpp.o
[545/3503] Building CXX object ThirdParty/custom-opm-common/CMakeFiles/custom-opm-common.dir/opm-common/opm/material/fluidsystems/blackoilpvt/OilPvtThermal.cpp.o
[546/3503] Building CXX object ThirdParty/custom-opm-common/CMakeFiles/custom-opm-common.dir/opm-common/opm/material/fluidsystems/blackoilpvt/SolventPvt.cpp.o
[547/3503] Building CXX object ThirdParty/custom-opm-common/CMakeFiles/custom-opm-common.dir/opm-common/opm/material/fluidsystems/blackoilpvt/WaterPvtMultiplexer.cpp.o
[548/3503] Building CXX object ThirdParty/custom-opm-common/CMakeFiles/custom-opm-common.dir/opm-common/opm/material/fluidsystems/blackoilpvt/WaterPvtThermal.cpp.o
[549/3503] Building CXX object ThirdParty/custom-opm-common/CMakeFiles/custom-opm-common.dir/opm-common/opm/material/fluidsystems/blackoilpvt/WetGasPvt.cpp.o
[550/3503] Building CXX object ThirdParty/custom-opm-common/CMakeFiles/custom-opm-common.dir/opm-common/opm/material/fluidsystems/blackoilpvt/WetHumidGasPvt.cpp.o
[551/3503] Building CXX object ThirdParty/custom-opm-common/CMakeFiles/custom-opm-common.dir/opm-common/external/resinsight/LibCore/cvfAssert.cpp.o
[552/3503] Building CXX object ThirdParty/custom-opm-common/CMakeFiles/custom-opm-common.dir/opm-common/external/resinsight/LibCore/cvfAtomicCounter.cpp.o
/tmp/resinsight-p01-build/source/ThirdParty/custom-opm-common/opm-common/external/resinsight/LibCore/cvfAtomicCounter.cpp:101:12: warning: 'OSAtomicIncrement32' is deprecated: first deprecated in macOS 10.12 - Use std::atomic_fetch_add_explicit(std::memory_order_relaxed) from <atomic> instead [-Wdeprecated-declarations]
  101 |     return OSAtomicIncrement32(&m_counter);
      |            ^
/Applications/Xcode.app/Contents/Developer/Platforms/MacOSX.platform/Developer/SDKs/MacOSX.sdk/usr/include/libkern/OSAtomicDeprecated.h:172:9: note: 'OSAtomicIncrement32' has been explicitly marked deprecated here
  172 | int32_t OSAtomicIncrement32( volatile int32_t *__theValue );
      |         ^
/tmp/resinsight-p01-build/source/ThirdParty/custom-opm-common/opm-common/external/resinsight/LibCore/cvfAtomicCounter.cpp:107:18: warning: 'OSAtomicIncrement32' is deprecated: first deprecated in macOS 10.12 - Use std::atomic_fetch_add_explicit(std::memory_order_relaxed) from <atomic> instead [-Wdeprecated-declarations]
  107 |     int result = OSAtomicIncrement32(&m_counter);
      |                  ^
/Applications/Xcode.app/Contents/Developer/Platforms/MacOSX.platform/Developer/SDKs/MacOSX.sdk/usr/include/libkern/OSAtomicDeprecated.h:172:9: note: 'OSAtomicIncrement32' has been explicitly marked deprecated here
  172 | int32_t OSAtomicIncrement32( volatile int32_t *__theValue );
      |         ^
/tmp/resinsight-p01-build/source/ThirdParty/custom-opm-common/opm-common/external/resinsight/LibCore/cvfAtomicCounter.cpp:114:12: warning: 'OSAtomicDecrement32' is deprecated: first deprecated in macOS 10.12 - Use std::atomic_fetch_sub_explicit(std::memory_order_relaxed) from <atomic> instead [-Wdeprecated-declarations]
  114 |     return OSAtomicDecrement32(&m_counter);
      |            ^
/Applications/Xcode.app/Contents/Developer/Platforms/MacOSX.platform/Developer/SDKs/MacOSX.sdk/usr/include/libkern/OSAtomicDeprecated.h:191:9: note: 'OSAtomicDecrement32' has been explicitly marked deprecated here
  191 | int32_t OSAtomicDecrement32( volatile int32_t *__theValue );
      |         ^
/tmp/resinsight-p01-build/source/ThirdParty/custom-opm-common/opm-common/external/resinsight/LibCore/cvfAtomicCounter.cpp:120:18: warning: 'OSAtomicDecrement32' is deprecated: first deprecated in macOS 10.12 - Use std::atomic_fetch_sub_explicit(std::memory_order_relaxed) from <atomic> instead [-Wdeprecated-declarations]
  120 |     int result = OSAtomicDecrement32(&m_counter);
      |                  ^
/Applications/Xcode.app/Contents/Developer/Platforms/MacOSX.platform/Developer/SDKs/MacOSX.sdk/usr/include/libkern/OSAtomicDeprecated.h:191:9: note: 'OSAtomicDecrement32' has been explicitly marked deprecated here
  191 | int32_t OSAtomicDecrement32( volatile int32_t *__theValue );
      |         ^
4 warnings generated.
[553/3503] Building CXX object ThirdParty/custom-opm-common/CMakeFiles/custom-opm-common.dir/opm-common/external/resinsight/LibCore/cvfCharArray.cpp.o
[554/3503] Building CXX object ThirdParty/custom-opm-common/CMakeFiles/custom-opm-common.dir/opm-common/external/resinsight/LibCore/cvfMath.cpp.o
[555/3503] Building CXX object ThirdParty/custom-opm-common/CMakeFiles/custom-opm-common.dir/opm-common/opm/ml/ml_model.cpp.o
[556/3503] Building CXX object ThirdParty/custom-opm-common/CMakeFiles/custom-opm-common.dir/opm-common/external/resinsight/LibCore/cvfObject.cpp.o
[557/3503] Building CXX object ThirdParty/custom-opm-common/CMakeFiles/custom-opm-common.dir/opm-common/external/resinsight/LibCore/cvfPlane.cpp.o
[558/3503] Building CXX object ThirdParty/custom-opm-common/CMakeFiles/custom-opm-common.dir/opm-common/external/resinsight/LibCore/cvfString.cpp.o
[559/3503] Building CXX object ThirdParty/custom-opm-common/CMakeFiles/custom-opm-common.dir/opm-common/external/resinsight/LibCore/cvfSystem.cpp.o
[560/3503] Building CXX object ThirdParty/custom-opm-common/CMakeFiles/custom-opm-common.dir/opm-common/external/resinsight/LibCore/cvfVector3.cpp.o
[561/3503] Building CXX object ThirdParty/custom-opm-common/CMakeFiles/custom-opm-common.dir/opm-common/external/resinsight/LibCore/cvfTrace.cpp.o
[562/3503] Building CXX object ThirdParty/custom-opm-common/CMakeFiles/custom-opm-common.dir/opm-common/external/resinsight/LibGeometry/cvfBoundingBox.cpp.o
[563/3503] Building CXX object ThirdParty/custom-opm-common/CMakeFiles/custom-opm-common.dir/opm-common/external/resinsight/LibGeometry/cvfBoundingBoxTree.cpp.o
[564/3503] Building CXX object ThirdParty/custom-opm-common/CMakeFiles/custom-opm-common.dir/opm-common/external/resinsight/LibGeometry/cvfRay.cpp.o
[565/3503] Building CXX object ThirdParty/custom-opm-common/CMakeFiles/custom-opm-common.dir/opm-common/external/resinsight/ReservoirDataModel/RigHexIntersectionTools.cpp.o
[566/3503] Building CXX object ThirdParty/custom-opm-common/CMakeFiles/custom-opm-common.dir/opm-common/external/resinsight/ReservoirDataModel/cvfGeometryTools.cpp.o
[567/3503] Building CXX object ThirdParty/custom-opm-common/CMakeFiles/custom-opm-common.dir/opm-common/external/resinsight/ReservoirDataModel/RigWellLogExtractor.cpp.o
[568/3503] Building CXX object ThirdParty/custom-opm-common/CMakeFiles/custom-opm-common.dir/opm-common/external/resinsight/ReservoirDataModel/RigWellPath.cpp.o
[569/3503] Building CXX object ThirdParty/custom-opm-common/CMakeFiles/custom-opm-common.dir/opm-common/external/resinsight/CommonCode/cvfStructGrid.cpp.o
[570/3503] Building CXX object ThirdParty/custom-opm-common/CMakeFiles/custom-opm-common.dir/opm-common/external/resinsight/cafPdmCore/cafSignal.cpp.o
[571/3503] Building CXX object ThirdParty/custom-opm-common/CMakeFiles/custom-opm-common.dir/opm-common/external/resinsight/cafHexGridIntersectionTools/cafHexGridIntersectionTools.cpp.o
[572/3503] Building CXX object ThirdParty/custom-opm-common/CMakeFiles/custom-opm-common.dir/opm-common/opm/json/JsonObject.cpp.o
[573/3503] Building CXX object ThirdParty/custom-opm-common/CMakeFiles/custom-opm-common.dir/opm-common/opm/io/eclipse/SummaryNode.cpp.o
[574/3503] Building CXX object ThirdParty/custom-opm-common/CMakeFiles/custom-opm-common.dir/opm-common/opm/input/eclipse/Deck/DeckView.cpp.o
[575/3503] Building CXX object ThirdParty/custom-opm-common/CMakeFiles/custom-opm-common.dir/opm-common/opm/input/eclipse/Deck/Deck.cpp.o
[576/3503] Building CXX object ThirdParty/custom-opm-common/CMakeFiles/custom-opm-common.dir/opm-common/opm/input/eclipse/Deck/DeckTree.cpp.o
[577/3503] Building CXX object ThirdParty/custom-opm-common/CMakeFiles/custom-opm-common.dir/opm-common/opm/input/eclipse/Deck/DeckItem.cpp.o
[578/3503] Building CXX object ThirdParty/custom-opm-common/CMakeFiles/custom-opm-common.dir/opm-common/opm/input/eclipse/Deck/DeckValue.cpp.o
[579/3503] Building CXX object ThirdParty/custom-opm-common/CMakeFiles/custom-opm-common.dir/opm-common/opm/input/eclipse/Deck/DeckKeyword.cpp.o
[580/3503] Building CXX object ThirdParty/custom-opm-common/CMakeFiles/custom-opm-common.dir/opm-common/opm/input/eclipse/Deck/FileDeck.cpp.o
[581/3503] Building CXX object ThirdParty/custom-opm-common/CMakeFiles/custom-opm-common.dir/opm-common/opm/input/eclipse/Deck/DeckOutput.cpp.o
[582/3503] Building CXX object ThirdParty/custom-opm-common/CMakeFiles/custom-opm-common.dir/opm-common/opm/input/eclipse/Deck/DeckRecord.cpp.o
[583/3503] Building CXX object ThirdParty/custom-opm-common/CMakeFiles/custom-opm-common.dir/opm-common/opm/input/eclipse/Deck/DeckSection.cpp.o
[584/3503] Building CXX object ThirdParty/custom-opm-common/CMakeFiles/custom-opm-common.dir/opm-common/opm/input/eclipse/Deck/ImportContainer.cpp.o
[585/3503] Building CXX object ThirdParty/custom-opm-common/CMakeFiles/custom-opm-common.dir/opm-common/opm/input/eclipse/Deck/UDAValue.cpp.o
[586/3503] Building CXX object ThirdParty/custom-opm-common/CMakeFiles/custom-opm-common.dir/opm-common/opm/input/eclipse/EclipseState/checkDeck.cpp.o
[587/3503] Building CXX object ThirdParty/custom-opm-common/CMakeFiles/custom-opm-common.dir/opm-common/opm/input/eclipse/EclipseState/Co2StoreConfig.cpp.o
[588/3503] Building CXX object ThirdParty/custom-opm-common/CMakeFiles/custom-opm-common.dir/opm-common/opm/input/eclipse/EclipseState/EclipseConfig.cpp.o
[589/3503] Building CXX object ThirdParty/custom-opm-common/CMakeFiles/custom-opm-common.dir/opm-common/opm/input/eclipse/EclipseState/EndpointScaling.cpp.o
[590/3503] Building CXX object ThirdParty/custom-opm-common/CMakeFiles/custom-opm-common.dir/opm-common/opm/input/eclipse/EclipseState/Phase.cpp.o
[591/3503] Building CXX object ThirdParty/custom-opm-common/CMakeFiles/custom-opm-common.dir/opm-common/opm/input/eclipse/EclipseState/Runspec.cpp.o
[592/3503] Building CXX object ThirdParty/custom-opm-common/CMakeFiles/custom-opm-common.dir/opm-common/opm/input/eclipse/EclipseState/EclipseState.cpp.o
[593/3503] Building CXX object ThirdParty/custom-opm-common/CMakeFiles/custom-opm-common.dir/opm-common/opm/input/eclipse/EclipseState/WagHysteresisConfig.cpp.o
[594/3503] Building CXX object ThirdParty/custom-opm-common/CMakeFiles/custom-opm-common.dir/opm-common/opm/input/eclipse/EclipseState/Aquifer/AquiferConfig.cpp.o
[595/3503] Building CXX object ThirdParty/custom-opm-common/CMakeFiles/custom-opm-common.dir/opm-common/opm/input/eclipse/EclipseState/TracerConfig.cpp.o
[596/3503] Building CXX object ThirdParty/custom-opm-common/CMakeFiles/custom-opm-common.dir/opm-common/opm/input/eclipse/EclipseState/Aquifer/AquiferFlux.cpp.o
[597/3503] Building CXX object ThirdParty/custom-opm-common/CMakeFiles/custom-opm-common.dir/opm-common/opm/input/eclipse/EclipseState/Aquifer/AquiferCT.cpp.o
[598/3503] Building CXX object ThirdParty/custom-opm-common/CMakeFiles/custom-opm-common.dir/opm-common/opm/input/eclipse/EclipseState/Aquifer/Aquifetp.cpp.o
[599/3503] Building CXX object ThirdParty/custom-opm-common/CMakeFiles/custom-opm-common.dir/opm-common/opm/input/eclipse/EclipseState/Aquifer/AquiferHelpers.cpp.o
[600/3503] Building CXX object ThirdParty/custom-opm-common/CMakeFiles/custom-opm-common.dir/opm-common/opm/input/eclipse/EclipseState/Aquifer/NumericalAquifer/NumericalAquiferCell.cpp.o
[601/3503] Building CXX object ThirdParty/custom-opm-common/CMakeFiles/custom-opm-common.dir/opm-common/opm/input/eclipse/EclipseState/Aquifer/Aquancon.cpp.o
[602/3503] Building CXX object ThirdParty/custom-opm-common/CMakeFiles/custom-opm-common.dir/opm-common/opm/input/eclipse/EclipseState/Aquifer/NumericalAquifer/NumericalAquiferConnection.cpp.o
[603/3503] Building CXX object ThirdParty/custom-opm-common/CMakeFiles/custom-opm-common.dir/opm-common/opm/input/eclipse/EclipseState/Aquifer/NumericalAquifer/SingleNumericalAquifer.cpp.o
[604/3503] Building CXX object ThirdParty/custom-opm-common/CMakeFiles/custom-opm-common.dir/opm-common/opm/input/eclipse/EclipseState/Aquifer/NumericalAquifer/NumericalAquifers.cpp.o
[605/3503] Building CXX object ThirdParty/custom-opm-common/CMakeFiles/custom-opm-common.dir/opm-common/opm/input/eclipse/EclipseState/Grid/Box.cpp.o
[606/3503] Building CXX object ThirdParty/custom-opm-common/CMakeFiles/custom-opm-common.dir/opm-common/opm/input/eclipse/EclipseState/Compositional/CompositionalConfig.cpp.o
[607/3503] Building CXX object ThirdParty/custom-opm-common/CMakeFiles/custom-opm-common.dir/opm-common/opm/input/eclipse/EclipseState/Grid/BoxManager.cpp.o
[608/3503] Building CXX object ThirdParty/custom-opm-common/CMakeFiles/custom-opm-common.dir/opm-common/opm/input/eclipse/EclipseState/Grid/Carfin.cpp.o
[609/3503] Building CXX object ThirdParty/custom-opm-common/CMakeFiles/custom-opm-common.dir/opm-common/opm/input/eclipse/EclipseState/Grid/CarfinManager.cpp.o
[610/3503] Building CXX object ThirdParty/custom-opm-common/CMakeFiles/custom-opm-common.dir/opm-common/opm/input/eclipse/EclipseState/Grid/LgrCollection.cpp.o
[611/3503] Building CXX object ThirdParty/custom-opm-common/CMakeFiles/custom-opm-common.dir/opm-common/opm/input/eclipse/EclipseState/Grid/FieldData.cpp.o
[612/3503] Building CXX object ThirdParty/custom-opm-common/CMakeFiles/custom-opm-common.dir/opm-common/opm/input/eclipse/EclipseState/Grid/EclipseGrid.cpp.o
[613/3503] Building CXX object ThirdParty/custom-opm-common/CMakeFiles/custom-opm-common.dir/opm-common/opm/input/eclipse/EclipseState/Grid/FieldProps.cpp.o
[614/3503] Building CXX object ThirdParty/custom-opm-common/CMakeFiles/custom-opm-common.dir/opm-common/opm/input/eclipse/EclipseState/Grid/FieldPropsManager.cpp.o
[615/3503] Building CXX object ThirdParty/custom-opm-common/CMakeFiles/custom-opm-common.dir/opm-common/opm/input/eclipse/EclipseState/Grid/Fault.cpp.o
[616/3503] Building CXX object ThirdParty/custom-opm-common/CMakeFiles/custom-opm-common.dir/opm-common/opm/input/eclipse/EclipseState/Grid/FaceDir.cpp.o
[617/3503] Building CXX object ThirdParty/custom-opm-common/CMakeFiles/custom-opm-common.dir/opm-common/opm/input/eclipse/EclipseState/Grid/FaultCollection.cpp.o
[618/3503] Building CXX object ThirdParty/custom-opm-common/CMakeFiles/custom-opm-common.dir/opm-common/opm/input/eclipse/EclipseState/Grid/FaultFace.cpp.o
[619/3503] Building CXX object ThirdParty/custom-opm-common/CMakeFiles/custom-opm-common.dir/opm-common/opm/input/eclipse/EclipseState/Grid/FIPRegionStatistics.cpp.o
[620/3503] Building CXX object ThirdParty/custom-opm-common/CMakeFiles/custom-opm-common.dir/opm-common/opm/input/eclipse/EclipseState/Grid/MapAxes.cpp.o
[621/3503] Building CXX object ThirdParty/custom-opm-common/CMakeFiles/custom-opm-common.dir/opm-common/opm/input/eclipse/EclipseState/Grid/MinpvMode.cpp.o
[622/3503] Building CXX object ThirdParty/custom-opm-common/CMakeFiles/custom-opm-common.dir/opm-common/opm/input/eclipse/EclipseState/Grid/GridDims.cpp.o
[623/3503] Building CXX object ThirdParty/custom-opm-common/CMakeFiles/custom-opm-common.dir/opm-common/opm/input/eclipse/EclipseState/Grid/MULTREGTScanner.cpp.o
[624/3503] Building CXX object ThirdParty/custom-opm-common/CMakeFiles/custom-opm-common.dir/opm-common/opm/input/eclipse/EclipseState/Grid/NNC.cpp.o
[625/3503] Building CXX object ThirdParty/custom-opm-common/CMakeFiles/custom-opm-common.dir/opm-common/opm/input/eclipse/EclipseState/Grid/Operate.cpp.o
[626/3503] Building CXX object ThirdParty/custom-opm-common/CMakeFiles/custom-opm-common.dir/opm-common/opm/input/eclipse/EclipseState/Grid/PinchMode.cpp.o
[627/3503] Building CXX object ThirdParty/custom-opm-common/CMakeFiles/custom-opm-common.dir/opm-common/opm/input/eclipse/EclipseState/Grid/readKeywordCarfin.cpp.o
[628/3503] Building CXX object ThirdParty/custom-opm-common/CMakeFiles/custom-opm-common.dir/opm-common/opm/input/eclipse/EclipseState/Grid/SatfuncPropertyInitializers.cpp.o
[629/3503] Building CXX object ThirdParty/custom-opm-common/CMakeFiles/custom-opm-common.dir/opm-common/opm/input/eclipse/EclipseState/Grid/setKeywordBox.cpp.o
[630/3503] Building CXX object ThirdParty/custom-opm-common/CMakeFiles/custom-opm-common.dir/opm-common/opm/input/eclipse/EclipseState/Grid/RegionSetMatcher.cpp.o
[631/3503] Building CXX object ThirdParty/custom-opm-common/CMakeFiles/custom-opm-common.dir/opm-common/opm/input/eclipse/EclipseState/Grid/TranCalculator.cpp.o
[632/3503] Building CXX object ThirdParty/custom-opm-common/CMakeFiles/custom-opm-common.dir/opm-common/opm/input/eclipse/EclipseState/InitConfig/Equil.cpp.o
[633/3503] Building CXX object ThirdParty/custom-opm-common/CMakeFiles/custom-opm-common.dir/opm-common/opm/input/eclipse/EclipseState/Grid/TransMult.cpp.o
[634/3503] Building CXX object ThirdParty/custom-opm-common/CMakeFiles/custom-opm-common.dir/opm-common/opm/input/eclipse/EclipseState/InitConfig/FoamConfig.cpp.o
[635/3503] Building CXX object ThirdParty/custom-opm-common/CMakeFiles/custom-opm-common.dir/opm-common/opm/input/eclipse/EclipseState/InitConfig/InitConfig.cpp.o
[636/3503] Building CXX object ThirdParty/custom-opm-common/CMakeFiles/custom-opm-common.dir/opm-common/opm/input/eclipse/EclipseState/IOConfig/FIPConfig.cpp.o
[637/3503] Building CXX object ThirdParty/custom-opm-common/CMakeFiles/custom-opm-common.dir/opm-common/opm/input/eclipse/EclipseState/SimulationConfig/BCConfig.cpp.o
[638/3503] Building CXX object ThirdParty/custom-opm-common/CMakeFiles/custom-opm-common.dir/opm-common/opm/input/eclipse/EclipseState/IOConfig/IOConfig.cpp.o
[639/3503] Building CXX object ThirdParty/custom-opm-common/CMakeFiles/custom-opm-common.dir/opm-common/opm/input/eclipse/EclipseState/SimulationConfig/RockConfig.cpp.o
[640/3503] Building CXX object ThirdParty/custom-opm-common/CMakeFiles/custom-opm-common.dir/opm-common/opm/input/eclipse/EclipseState/SimulationConfig/SimulationConfig.cpp.o
[641/3503] Building CXX object ThirdParty/custom-opm-common/CMakeFiles/custom-opm-common.dir/opm-common/opm/input/eclipse/EclipseState/SimulationConfig/DatumDepth.cpp.o
[642/3503] Building CXX object ThirdParty/custom-opm-common/CMakeFiles/custom-opm-common.dir/opm-common/opm/input/eclipse/EclipseState/SimulationConfig/ThresholdPressure.cpp.o
[643/3503] Building CXX object ThirdParty/custom-opm-common/CMakeFiles/custom-opm-common.dir/opm-common/opm/input/eclipse/EclipseState/Tables/Aqudims.cpp.o
[644/3503] Building CXX object ThirdParty/custom-opm-common/CMakeFiles/custom-opm-common.dir/opm-common/opm/input/eclipse/EclipseState/Tables/ColumnSchema.cpp.o
[645/3503] Building CXX object ThirdParty/custom-opm-common/CMakeFiles/custom-opm-common.dir/opm-common/opm/input/eclipse/EclipseState/Tables/DenT.cpp.o
[646/3503] Building CXX object ThirdParty/custom-opm-common/CMakeFiles/custom-opm-common.dir/opm-common/opm/input/eclipse/EclipseState/Tables/JouleThomson.cpp.o
[647/3503] Building CXX object ThirdParty/custom-opm-common/CMakeFiles/custom-opm-common.dir/opm-common/opm/input/eclipse/EclipseState/Tables/Eqldims.cpp.o
[648/3503] Building CXX object ThirdParty/custom-opm-common/CMakeFiles/custom-opm-common.dir/opm-common/opm/input/eclipse/EclipseState/Tables/JFunc.cpp.o
[649/3503] Building CXX object ThirdParty/custom-opm-common/CMakeFiles/custom-opm-common.dir/opm-common/opm/input/eclipse/EclipseState/Tables/PvtxTable.cpp.o
[650/3503] Building CXX object ThirdParty/custom-opm-common/CMakeFiles/custom-opm-common.dir/opm-common/opm/input/eclipse/EclipseState/SummaryConfig/SummaryConfig.cpp.o
[651/3503] Building CXX object ThirdParty/custom-opm-common/CMakeFiles/custom-opm-common.dir/opm-common/opm/input/eclipse/EclipseState/Tables/Regdims.cpp.o
[652/3503] Building CXX object ThirdParty/custom-opm-common/CMakeFiles/custom-opm-common.dir/opm-common/opm/input/eclipse/EclipseState/Tables/PolyInjTables.cpp.o
[653/3503] Building CXX object ThirdParty/custom-opm-common/CMakeFiles/custom-opm-common.dir/opm-common/opm/input/eclipse/EclipseState/Tables/StandardCond.cpp.o
[654/3503] Building CXX object ThirdParty/custom-opm-common/CMakeFiles/custom-opm-common.dir/opm-common/opm/input/eclipse/EclipseState/Tables/TableColumn.cpp.o
[655/3503] Building CXX object ThirdParty/custom-opm-common/CMakeFiles/custom-opm-common.dir/opm-common/opm/input/eclipse/EclipseState/Tables/SimpleTable.cpp.o
[656/3503] Building CXX object ThirdParty/custom-opm-common/CMakeFiles/custom-opm-common.dir/opm-common/opm/input/eclipse/EclipseState/Tables/TableIndex.cpp.o
[657/3503] Building CXX object ThirdParty/custom-opm-common/CMakeFiles/custom-opm-common.dir/opm-common/opm/input/eclipse/EclipseState/Tables/TLMixpar.cpp.o
[658/3503] Building CXX object ThirdParty/custom-opm-common/CMakeFiles/custom-opm-common.dir/opm-common/opm/input/eclipse/EclipseState/Tables/Ppcwmax.cpp.o
[659/3503] Building CXX object ThirdParty/custom-opm-common/CMakeFiles/custom-opm-common.dir/opm-common/opm/input/eclipse/EclipseState/Tables/TableContainer.cpp.o
[660/3503] Building CXX object ThirdParty/custom-opm-common/CMakeFiles/custom-opm-common.dir/opm-common/opm/input/eclipse/EclipseState/Tables/EzrokhiTable.cpp.o
[661/3503] Building CXX object ThirdParty/custom-opm-common/CMakeFiles/custom-opm-common.dir/opm-common/opm/input/eclipse/EclipseState/Tables/TableSchema.cpp.o
[662/3503] Building CXX object ThirdParty/custom-opm-common/CMakeFiles/custom-opm-common.dir/opm-common/opm/input/eclipse/EclipseState/Tables/Tables.cpp.o
[663/3503] Building CXX object ThirdParty/custom-opm-common/CMakeFiles/custom-opm-common.dir/opm-common/opm/input/eclipse/EclipseState/Tables/Rock2dTable.cpp.o
[664/3503] Building CXX object ThirdParty/custom-opm-common/CMakeFiles/custom-opm-common.dir/opm-common/opm/input/eclipse/EclipseState/Tables/Rock2dtrTable.cpp.o
[665/3503] Building CXX object ThirdParty/custom-opm-common/CMakeFiles/custom-opm-common.dir/opm-common/opm/input/eclipse/EclipseState/Tables/PvtwsaltTable.cpp.o
[666/3503] Building CXX object ThirdParty/custom-opm-common/CMakeFiles/custom-opm-common.dir/opm-common/opm/input/eclipse/EclipseState/Tables/BrineDensityTable.cpp.o
[667/3503] Building CXX object ThirdParty/custom-opm-common/CMakeFiles/custom-opm-common.dir/opm-common/opm/input/eclipse/EclipseState/Tables/TableManager.cpp.o
[668/3503] Building CXX object ThirdParty/custom-opm-common/CMakeFiles/custom-opm-common.dir/opm-common/opm/input/eclipse/EclipseState/Tables/SolventDensityTable.cpp.o
[669/3503] Building CXX object ThirdParty/custom-opm-common/CMakeFiles/custom-opm-common.dir/opm-common/opm/input/eclipse/EclipseState/Tables/Tabdims.cpp.o
[670/3503] Building CXX object ThirdParty/custom-opm-common/CMakeFiles/custom-opm-common.dir/opm-common/opm/input/eclipse/Parser/InputErrorAction.cpp.o
[671/3503] Building CXX object ThirdParty/custom-opm-common/CMakeFiles/custom-opm-common.dir/opm-common/opm/input/eclipse/Parser/ParseContext.cpp.o
[672/3503] Building CXX object ThirdParty/custom-opm-common/CMakeFiles/custom-opm-common.dir/opm-common/opm/input/eclipse/Parser/ErrorGuard.cpp.o
[673/3503] Building CXX object ThirdParty/custom-opm-common/CMakeFiles/custom-opm-common.dir/opm-common/opm/input/eclipse/Parser/ParserEnums.cpp.o
[674/3503] Building CXX object ThirdParty/custom-opm-common/CMakeFiles/custom-opm-common.dir/opm-common/opm/input/eclipse/Parser/ParserItem.cpp.o
[675/3503] Building CXX object ThirdParty/custom-opm-common/CMakeFiles/custom-opm-common.dir/opm-common/opm/input/eclipse/Parser/ParserKeyword.cpp.o
[676/3503] Building CXX object ThirdParty/custom-opm-common/CMakeFiles/custom-opm-common.dir/opm-common/opm/input/eclipse/Parser/Parser.cpp.o
[677/3503] Building CXX object ThirdParty/custom-opm-common/CMakeFiles/custom-opm-common.dir/opm-common/opm/input/eclipse/Parser/ParserRecord.cpp.o
[678/3503] Building CXX object ThirdParty/custom-opm-common/CMakeFiles/custom-opm-common.dir/opm-common/opm/input/eclipse/Parser/raw/RawKeyword.cpp.o
[679/3503] Building CXX object ThirdParty/custom-opm-common/CMakeFiles/custom-opm-common.dir/opm-common/opm/input/eclipse/Parser/raw/RawRecord.cpp.o
[680/3503] Building CXX object ThirdParty/custom-opm-common/CMakeFiles/custom-opm-common.dir/opm-common/opm/input/eclipse/Parser/raw/StarToken.cpp.o
[681/3503] Building CXX object ThirdParty/custom-opm-common/CMakeFiles/custom-opm-common.dir/opm-common/opm/input/eclipse/Python/Python.cpp.o
[682/3503] Building CXX object ThirdParty/custom-opm-common/CMakeFiles/custom-opm-common.dir/opm-common/opm/input/eclipse/Schedule/BCProp.cpp.o
[683/3503] Building CXX object ThirdParty/custom-opm-common/CMakeFiles/custom-opm-common.dir/opm-common/opm/input/eclipse/Schedule/CompletedCells.cpp.o
[684/3503] Building CXX object ThirdParty/custom-opm-common/CMakeFiles/custom-opm-common.dir/opm-common/opm/input/eclipse/Schedule/eval_uda.cpp.o
[685/3503] Building CXX object ThirdParty/custom-opm-common/CMakeFiles/custom-opm-common.dir/opm-common/opm/input/eclipse/Schedule/ArrayDimChecker.cpp.o
[686/3503] Building CXX object ThirdParty/custom-opm-common/CMakeFiles/custom-opm-common.dir/opm-common/opm/input/eclipse/Schedule/GasLiftOpt.cpp.o
[687/3503] Building CXX object ThirdParty/custom-opm-common/CMakeFiles/custom-opm-common.dir/opm-common/opm/input/eclipse/Schedule/Events.cpp.o
[688/3503] Building CXX object ThirdParty/custom-opm-common/CMakeFiles/custom-opm-common.dir/opm-common/opm/input/eclipse/Schedule/GasLiftOptKeywordHandlers.cpp.o
[689/3503] Building CXX object ThirdParty/custom-opm-common/CMakeFiles/custom-opm-common.dir/opm-common/opm/input/eclipse/Schedule/HandlerContext.cpp.o
[690/3503] Building CXX object ThirdParty/custom-opm-common/CMakeFiles/custom-opm-common.dir/opm-common/opm/input/eclipse/Schedule/MessageLimits.cpp.o
[691/3503] Building CXX object ThirdParty/custom-opm-common/CMakeFiles/custom-opm-common.dir/opm-common/opm/input/eclipse/Schedule/MixingRateControlKeywordHandlers.cpp.o
[692/3503] Building CXX object ThirdParty/custom-opm-common/CMakeFiles/custom-opm-common.dir/opm-common/opm/input/eclipse/Schedule/KeywordHandlers.cpp.o
[693/3503] Building CXX object ThirdParty/custom-opm-common/CMakeFiles/custom-opm-common.dir/opm-common/opm/input/eclipse/Schedule/OilVaporizationProperties.cpp.o
[694/3503] Building CXX object ThirdParty/custom-opm-common/CMakeFiles/custom-opm-common.dir/opm-common/opm/input/eclipse/Schedule/RFTConfig.cpp.o
[695/3503] Building CXX object ThirdParty/custom-opm-common/CMakeFiles/custom-opm-common.dir/opm-common/opm/input/eclipse/Schedule/RPTConfig.cpp.o
[696/3503] Building CXX object ThirdParty/custom-opm-common/CMakeFiles/custom-opm-common.dir/opm-common/opm/input/eclipse/Schedule/RptschedKeywordNormalisation.cpp.o
[697/3503] Building CXX object ThirdParty/custom-opm-common/CMakeFiles/custom-opm-common.dir/opm-common/opm/input/eclipse/Schedule/RPTKeywordNormalisation.cpp.o
[698/3503] Building CXX object ThirdParty/custom-opm-common/CMakeFiles/custom-opm-common.dir/opm-common/opm/input/eclipse/Schedule/RSTConfig.cpp.o
[699/3503] Building CXX object ThirdParty/custom-opm-common/CMakeFiles/custom-opm-common.dir/opm-common/opm/input/eclipse/Schedule/RXXKeywordHandlers.cpp.o
[700/3503] Building CXX object ThirdParty/custom-opm-common/CMakeFiles/custom-opm-common.dir/opm-common/opm/input/eclipse/Schedule/ScheduleBlock.cpp.o
[701/3503] Building CXX object ThirdParty/custom-opm-common/CMakeFiles/custom-opm-common.dir/opm-common/opm/input/eclipse/Schedule/ScheduleDeck.cpp.o
[702/3503] Building CXX object ThirdParty/custom-opm-common/CMakeFiles/custom-opm-common.dir/opm-common/opm/input/eclipse/Schedule/ScheduleGrid.cpp.o
[703/3503] Building CXX object ThirdParty/custom-opm-common/CMakeFiles/custom-opm-common.dir/opm-common/opm/input/eclipse/Schedule/ScheduleRestartInfo.cpp.o
[704/3503] Building CXX object ThirdParty/custom-opm-common/CMakeFiles/custom-opm-common.dir/opm-common/opm/input/eclipse/Schedule/Schedule.cpp.o
[705/3503] Building CXX object ThirdParty/custom-opm-common/CMakeFiles/custom-opm-common.dir/opm-common/opm/input/eclipse/Schedule/ScheduleStatic.cpp.o
[706/3503] Building CXX object ThirdParty/custom-opm-common/CMakeFiles/custom-opm-common.dir/opm-common/opm/input/eclipse/Schedule/ScheduleTypes.cpp.o
[707/3503] Building CXX object ThirdParty/custom-opm-common/CMakeFiles/custom-opm-common.dir/opm-common/opm/input/eclipse/Schedule/SimpleRPTIntegerControlHandler.cpp.o
[708/3503] Building CXX object ThirdParty/custom-opm-common/CMakeFiles/custom-opm-common.dir/opm-common/opm/input/eclipse/Schedule/Source.cpp.o
[709/3503] Building CXX object ThirdParty/custom-opm-common/CMakeFiles/custom-opm-common.dir/opm-common/opm/input/eclipse/Schedule/ScheduleState.cpp.o
[710/3503] Building CXX object ThirdParty/custom-opm-common/CMakeFiles/custom-opm-common.dir/opm-common/opm/input/eclipse/Schedule/Tuning.cpp.o
[711/3503] Building CXX object ThirdParty/custom-opm-common/CMakeFiles/custom-opm-common.dir/opm-common/opm/input/eclipse/Schedule/SummaryState.cpp.o
[712/3503] Building CXX object ThirdParty/custom-opm-common/CMakeFiles/custom-opm-common.dir/opm-common/opm/input/eclipse/Schedule/VFPInjTable.cpp.o
[713/3503] Building CXX object ThirdParty/custom-opm-common/CMakeFiles/custom-opm-common.dir/opm-common/opm/input/eclipse/Schedule/WriteRestartFileEvents.cpp.o
[714/3503] Building CXX object ThirdParty/custom-opm-common/CMakeFiles/custom-opm-common.dir/opm-common/opm/input/eclipse/Schedule/Action/ActionAST.cpp.o
[715/3503] Building CXX object ThirdParty/custom-opm-common/CMakeFiles/custom-opm-common.dir/opm-common/opm/input/eclipse/Schedule/VFPProdTable.cpp.o
[716/3503] Building CXX object ThirdParty/custom-opm-common/CMakeFiles/custom-opm-common.dir/opm-common/opm/input/eclipse/Schedule/Action/ActionResult.cpp.o
[717/3503] Building CXX object ThirdParty/custom-opm-common/CMakeFiles/custom-opm-common.dir/opm-common/opm/input/eclipse/Schedule/Action/ActionContext.cpp.o
[718/3503] Building CXX object ThirdParty/custom-opm-common/CMakeFiles/custom-opm-common.dir/opm-common/opm/input/eclipse/Schedule/Action/Actdims.cpp.o
[719/3503] Building CXX object ThirdParty/custom-opm-common/CMakeFiles/custom-opm-common.dir/opm-common/opm/input/eclipse/Schedule/Action/Actions.cpp.o
[720/3503] Building CXX object ThirdParty/custom-opm-common/CMakeFiles/custom-opm-common.dir/opm-common/opm/input/eclipse/Schedule/Action/ActionX.cpp.o
[721/3503] Building CXX object ThirdParty/custom-opm-common/CMakeFiles/custom-opm-common.dir/opm-common/opm/input/eclipse/Schedule/Action/ActionParser.cpp.o
[722/3503] Building CXX object ThirdParty/custom-opm-common/CMakeFiles/custom-opm-common.dir/opm-common/opm/input/eclipse/Schedule/Action/ActionValue.cpp.o
[723/3503] Building CXX object ThirdParty/custom-opm-common/CMakeFiles/custom-opm-common.dir/opm-common/opm/input/eclipse/Schedule/Action/ASTNode.cpp.o
[724/3503] Building CXX object ThirdParty/custom-opm-common/CMakeFiles/custom-opm-common.dir/opm-common/opm/input/eclipse/Schedule/Action/Condition.cpp.o
[725/3503] Building CXX object ThirdParty/custom-opm-common/CMakeFiles/custom-opm-common.dir/opm-common/opm/input/eclipse/Schedule/Action/Enums.cpp.o
[726/3503] Building CXX object ThirdParty/custom-opm-common/CMakeFiles/custom-opm-common.dir/opm-common/opm/input/eclipse/Schedule/Action/PyAction.cpp.o
[727/3503] Building CXX object ThirdParty/custom-opm-common/CMakeFiles/custom-opm-common.dir/opm-common/opm/input/eclipse/Schedule/Action/WGNames.cpp.o
[728/3503] Building CXX object ThirdParty/custom-opm-common/CMakeFiles/custom-opm-common.dir/opm-common/opm/input/eclipse/Schedule/Group/GPMaint.cpp.o
[729/3503] Building CXX object ThirdParty/custom-opm-common/CMakeFiles/custom-opm-common.dir/opm-common/opm/input/eclipse/Schedule/Action/State.cpp.o
[730/3503] Building CXX object ThirdParty/custom-opm-common/CMakeFiles/custom-opm-common.dir/opm-common/opm/input/eclipse/Schedule/Group/Group.cpp.o
[731/3503] Building CXX object ThirdParty/custom-opm-common/CMakeFiles/custom-opm-common.dir/opm-common/opm/input/eclipse/Schedule/Group/GuideRate.cpp.o
[732/3503] Building CXX object ThirdParty/custom-opm-common/CMakeFiles/custom-opm-common.dir/opm-common/opm/input/eclipse/Schedule/Group/GroupKeywordHandlers.cpp.o
[733/3503] Building CXX object ThirdParty/custom-opm-common/CMakeFiles/custom-opm-common.dir/opm-common/opm/input/eclipse/Schedule/Group/GuideRateConfig.cpp.o
[734/3503] Building CXX object ThirdParty/custom-opm-common/CMakeFiles/custom-opm-common.dir/opm-common/opm/input/eclipse/Schedule/Group/GuideRateKeywordHandlers.cpp.o
[735/3503] Building CXX object ThirdParty/custom-opm-common/CMakeFiles/custom-opm-common.dir/opm-common/opm/input/eclipse/Schedule/Group/GConSale.cpp.o
[736/3503] Building CXX object ThirdParty/custom-opm-common/CMakeFiles/custom-opm-common.dir/opm-common/opm/input/eclipse/Schedule/Group/GConSump.cpp.o
[737/3503] Building CXX object ThirdParty/custom-opm-common/CMakeFiles/custom-opm-common.dir/opm-common/opm/input/eclipse/Schedule/Group/GuideRateModel.cpp.o
[738/3503] Building CXX object ThirdParty/custom-opm-common/CMakeFiles/custom-opm-common.dir/opm-common/opm/input/eclipse/Schedule/Group/GroupSatelliteInjection.cpp.o
[739/3503] Building CXX object ThirdParty/custom-opm-common/CMakeFiles/custom-opm-common.dir/opm-common/opm/input/eclipse/Schedule/Group/GroupEconProductionLimits.cpp.o
[740/3503] Building CXX object ThirdParty/custom-opm-common/CMakeFiles/custom-opm-common.dir/opm-common/opm/input/eclipse/Schedule/Group/GSatProd.cpp.o
[741/3503] Building CXX object ThirdParty/custom-opm-common/CMakeFiles/custom-opm-common.dir/opm-common/opm/input/eclipse/Schedule/MSW/AICD.cpp.o
[742/3503] Building CXX object ThirdParty/custom-opm-common/CMakeFiles/custom-opm-common.dir/opm-common/opm/input/eclipse/Schedule/Group/GTNode.cpp.o
[743/3503] Building CXX object ThirdParty/custom-opm-common/CMakeFiles/custom-opm-common.dir/opm-common/opm/input/eclipse/Schedule/MSW/icd.cpp.o
[744/3503] Building CXX object ThirdParty/custom-opm-common/CMakeFiles/custom-opm-common.dir/opm-common/opm/input/eclipse/Schedule/MSW/Compsegs.cpp.o
[745/3503] Building CXX object ThirdParty/custom-opm-common/CMakeFiles/custom-opm-common.dir/opm-common/opm/input/eclipse/Schedule/MSW/MSWKeywordHandlers.cpp.o
[746/3503] Building CXX object ThirdParty/custom-opm-common/CMakeFiles/custom-opm-common.dir/opm-common/opm/input/eclipse/Schedule/MSW/Segment.cpp.o
[747/3503] Building CXX object ThirdParty/custom-opm-common/CMakeFiles/custom-opm-common.dir/opm-common/opm/input/eclipse/Schedule/MSW/SICD.cpp.o
[748/3503] Building CXX object ThirdParty/custom-opm-common/CMakeFiles/custom-opm-common.dir/opm-common/opm/input/eclipse/Schedule/MSW/Valve.cpp.o
[749/3503] Building CXX object ThirdParty/custom-opm-common/CMakeFiles/custom-opm-common.dir/opm-common/opm/input/eclipse/Schedule/MSW/SegmentMatcher.cpp.o
[750/3503] Building CXX object ThirdParty/custom-opm-common/CMakeFiles/custom-opm-common.dir/opm-common/opm/input/eclipse/Schedule/MSW/WelSegsSet.cpp.o
[751/3503] Building CXX object ThirdParty/custom-opm-common/CMakeFiles/custom-opm-common.dir/opm-common/opm/input/eclipse/Schedule/MSW/WellSegments.cpp.o
[752/3503] Building CXX object ThirdParty/custom-opm-common/CMakeFiles/custom-opm-common.dir/opm-common/opm/input/eclipse/Schedule/Network/Balance.cpp.o
[753/3503] Building CXX object ThirdParty/custom-opm-common/CMakeFiles/custom-opm-common.dir/opm-common/opm/input/eclipse/Schedule/Network/Branch.cpp.o
[754/3503] Building CXX object ThirdParty/custom-opm-common/CMakeFiles/custom-opm-common.dir/opm-common/opm/input/eclipse/Schedule/Network/ExtNetwork.cpp.o
[755/3503] Building CXX object ThirdParty/custom-opm-common/CMakeFiles/custom-opm-common.dir/opm-common/opm/input/eclipse/Schedule/Network/Node.cpp.o
[756/3503] Building CXX object ThirdParty/custom-opm-common/CMakeFiles/custom-opm-common.dir/opm-common/opm/input/eclipse/Schedule/Network/NetworkKeywordHandlers.cpp.o
[757/3503] Building CXX object ThirdParty/custom-opm-common/CMakeFiles/custom-opm-common.dir/opm-common/opm/input/eclipse/Schedule/ResCoup/ReservoirCouplingInfo.cpp.o
[758/3503] Building CXX object ThirdParty/custom-opm-common/CMakeFiles/custom-opm-common.dir/opm-common/opm/input/eclipse/Schedule/ResCoup/ReservoirCouplingKeywordHandlers.cpp.o
[759/3503] Building CXX object ThirdParty/custom-opm-common/CMakeFiles/custom-opm-common.dir/opm-common/opm/input/eclipse/Schedule/ResCoup/GrupSlav.cpp.o
[760/3503] Building CXX object ThirdParty/custom-opm-common/CMakeFiles/custom-opm-common.dir/opm-common/opm/input/eclipse/Schedule/ResCoup/MasterGroup.cpp.o
[761/3503] Building CXX object ThirdParty/custom-opm-common/CMakeFiles/custom-opm-common.dir/opm-common/opm/input/eclipse/Schedule/ResCoup/MasterMinimumTimeStep.cpp.o
[762/3503] Building CXX object ThirdParty/custom-opm-common/CMakeFiles/custom-opm-common.dir/opm-common/opm/input/eclipse/Schedule/ResCoup/Slaves.cpp.o
[763/3503] Building CXX object ThirdParty/custom-opm-common/CMakeFiles/custom-opm-common.dir/opm-common/opm/input/eclipse/Schedule/ResCoup/ReadCouplingFile.cpp.o
[764/3503] Building CXX object ThirdParty/custom-opm-common/CMakeFiles/custom-opm-common.dir/opm-common/opm/input/eclipse/Schedule/ResCoup/WriteCouplingFile.cpp.o
[765/3503] Building CXX object ThirdParty/custom-opm-common/CMakeFiles/custom-opm-common.dir/opm-common/opm/input/eclipse/Schedule/UDQ/UDQActive.cpp.o
[766/3503] Building CXX object ThirdParty/custom-opm-common/CMakeFiles/custom-opm-common.dir/opm-common/opm/input/eclipse/Schedule/UDQ/UDQKeywordHandlers.cpp.o
[767/3503] Building CXX object ThirdParty/custom-opm-common/CMakeFiles/custom-opm-common.dir/opm-common/opm/input/eclipse/Schedule/UDQ/UDQAssign.cpp.o
[768/3503] Building CXX object ThirdParty/custom-opm-common/CMakeFiles/custom-opm-common.dir/opm-common/opm/input/eclipse/Schedule/UDQ/UDQASTNode.cpp.o
[769/3503] Building CXX object ThirdParty/custom-opm-common/CMakeFiles/custom-opm-common.dir/opm-common/opm/input/eclipse/Schedule/UDQ/UDQContext.cpp.o
[770/3503] Building CXX object ThirdParty/custom-opm-common/CMakeFiles/custom-opm-common.dir/opm-common/opm/input/eclipse/Schedule/UDQ/UDQConfig.cpp.o
[771/3503] Building CXX object ThirdParty/custom-opm-common/CMakeFiles/custom-opm-common.dir/opm-common/opm/input/eclipse/Schedule/UDQ/UDQDefine.cpp.o
[772/3503] Building CXX object ThirdParty/custom-opm-common/CMakeFiles/custom-opm-common.dir/opm-common/opm/input/eclipse/Schedule/UDQ/UDQFunction.cpp.o
[773/3503] Building CXX object ThirdParty/custom-opm-common/CMakeFiles/custom-opm-common.dir/opm-common/opm/input/eclipse/Schedule/UDQ/UDQFunctionTable.cpp.o
[774/3503] Building CXX object ThirdParty/custom-opm-common/CMakeFiles/custom-opm-common.dir/opm-common/opm/input/eclipse/Schedule/UDQ/UDQInput.cpp.o
[775/3503] Building CXX object ThirdParty/custom-opm-common/CMakeFiles/custom-opm-common.dir/opm-common/opm/input/eclipse/Schedule/UDQ/UDQEnums.cpp.o
[776/3503] Building CXX object ThirdParty/custom-opm-common/CMakeFiles/custom-opm-common.dir/opm-common/opm/input/eclipse/Schedule/UDQ/UDQParams.cpp.o
[777/3503] Building CXX object ThirdParty/custom-opm-common/CMakeFiles/custom-opm-common.dir/opm-common/opm/input/eclipse/Schedule/UDQ/UDQParser.cpp.o
[778/3503] Building CXX object ThirdParty/custom-opm-common/CMakeFiles/custom-opm-common.dir/opm-common/opm/input/eclipse/Schedule/UDQ/UDQSet.cpp.o
[779/3503] Building CXX object ThirdParty/custom-opm-common/CMakeFiles/custom-opm-common.dir/opm-common/opm/input/eclipse/Schedule/UDQ/UDQToken.cpp.o
[780/3503] Building CXX object ThirdParty/custom-opm-common/CMakeFiles/custom-opm-common.dir/opm-common/opm/input/eclipse/Schedule/UDQ/UDT.cpp.o
[781/3503] Building CXX object ThirdParty/custom-opm-common/CMakeFiles/custom-opm-common.dir/opm-common/opm/input/eclipse/Schedule/UDQ/UDQState.cpp.o
[782/3503] Building CXX object ThirdParty/custom-opm-common/CMakeFiles/custom-opm-common.dir/opm-common/opm/input/eclipse/Schedule/Well/Connection.cpp.o
[783/3503] Building CXX object ThirdParty/custom-opm-common/CMakeFiles/custom-opm-common.dir/opm-common/opm/input/eclipse/Schedule/Well/injection.cpp.o
[784/3503] Building CXX object ThirdParty/custom-opm-common/CMakeFiles/custom-opm-common.dir/opm-common/opm/input/eclipse/Schedule/Well/FilterCake.cpp.o
[785/3503] Building CXX object ThirdParty/custom-opm-common/CMakeFiles/custom-opm-common.dir/opm-common/opm/input/eclipse/Schedule/Well/NameOrder.cpp.o
[786/3503] Building CXX object ThirdParty/custom-opm-common/CMakeFiles/custom-opm-common.dir/opm-common/opm/input/eclipse/Schedule/Well/PAvg.cpp.o
[787/3503] Building CXX object ThirdParty/custom-opm-common/CMakeFiles/custom-opm-common.dir/opm-common/opm/input/eclipse/Schedule/Well/PAvgCalculator.cpp.o
[788/3503] Building CXX object ThirdParty/custom-opm-common/CMakeFiles/custom-opm-common.dir/opm-common/opm/input/eclipse/Schedule/Well/PAvgCalculatorCollection.cpp.o
[789/3503] Building CXX object ThirdParty/custom-opm-common/CMakeFiles/custom-opm-common.dir/opm-common/opm/input/eclipse/Schedule/Well/PAvgDynamicSourceData.cpp.o
[790/3503] Building CXX object ThirdParty/custom-opm-common/CMakeFiles/custom-opm-common.dir/opm-common/opm/input/eclipse/Schedule/Well/WCYCLE.cpp.o
[791/3503] Building CXX object ThirdParty/custom-opm-common/CMakeFiles/custom-opm-common.dir/opm-common/opm/input/eclipse/Schedule/Well/WellBrineProperties.cpp.o
[792/3503] Building CXX object ThirdParty/custom-opm-common/CMakeFiles/custom-opm-common.dir/opm-common/opm/input/eclipse/Schedule/Well/Well.cpp.o
[793/3503] Building CXX object ThirdParty/custom-opm-common/CMakeFiles/custom-opm-common.dir/opm-common/opm/input/eclipse/Schedule/Well/WellCompletionKeywordHandlers.cpp.o
[794/3503] Building CXX object ThirdParty/custom-opm-common/CMakeFiles/custom-opm-common.dir/opm-common/opm/input/eclipse/Schedule/Well/WellEconProductionLimits.cpp.o
[795/3503] Building CXX object ThirdParty/custom-opm-common/CMakeFiles/custom-opm-common.dir/opm-common/opm/input/eclipse/Schedule/Well/WellEnums.cpp.o
[796/3503] Building CXX object ThirdParty/custom-opm-common/CMakeFiles/custom-opm-common.dir/opm-common/opm/input/eclipse/Schedule/Well/WellConnections.cpp.o
[797/3503] Building CXX object ThirdParty/custom-opm-common/CMakeFiles/custom-opm-common.dir/opm-common/opm/input/eclipse/Schedule/Well/WellFoamProperties.cpp.o
[798/3503] Building CXX object ThirdParty/custom-opm-common/CMakeFiles/custom-opm-common.dir/opm-common/opm/input/eclipse/Schedule/Well/WellFractureSeeds.cpp.o
[799/3503] Building CXX object ThirdParty/custom-opm-common/CMakeFiles/custom-opm-common.dir/opm-common/opm/input/eclipse/Schedule/Well/WellInjectionProperties.cpp.o
[800/3503] Building CXX object ThirdParty/custom-opm-common/CMakeFiles/custom-opm-common.dir/opm-common/opm/input/eclipse/Schedule/Well/WellMatcher.cpp.o
[801/3503] Building CXX object ThirdParty/custom-opm-common/CMakeFiles/custom-opm-common.dir/opm-common/opm/input/eclipse/Schedule/Well/WellMICPProperties.cpp.o
[802/3503] Building CXX object ThirdParty/custom-opm-common/CMakeFiles/custom-opm-common.dir/opm-common/opm/input/eclipse/Schedule/Well/WellPolymerProperties.cpp.o
[803/3503] Building CXX object ThirdParty/custom-opm-common/CMakeFiles/custom-opm-common.dir/opm-common/opm/input/eclipse/Schedule/Well/WellKeywordHandlers.cpp.o
[804/3503] Building CXX object ThirdParty/custom-opm-common/CMakeFiles/custom-opm-common.dir/opm-common/opm/input/eclipse/Schedule/Well/WellProductionProperties.cpp.o
[805/3503] Building CXX object ThirdParty/custom-opm-common/CMakeFiles/custom-opm-common.dir/opm-common/opm/input/eclipse/Schedule/Well/WellTestConfig.cpp.o
[806/3503] Building CXX object ThirdParty/custom-opm-common/CMakeFiles/custom-opm-common.dir/opm-common/opm/input/eclipse/Schedule/Well/WellTestState.cpp.o
[807/3503] Building CXX object ThirdParty/custom-opm-common/CMakeFiles/custom-opm-common.dir/opm-common/opm/input/eclipse/Schedule/Well/WellTracerProperties.cpp.o
[808/3503] Building CXX object ThirdParty/custom-opm-common/CMakeFiles/custom-opm-common.dir/opm-common/opm/input/eclipse/Schedule/Well/WellPropertiesKeywordHandlers.cpp.o
[809/3503] Building CXX object ThirdParty/custom-opm-common/CMakeFiles/custom-opm-common.dir/opm-common/opm/input/eclipse/Schedule/Well/WList.cpp.o
[810/3503] Building CXX object ThirdParty/custom-opm-common/CMakeFiles/custom-opm-common.dir/opm-common/opm/input/eclipse/Schedule/Well/WINJMULT.cpp.o
[811/3503] Building CXX object ThirdParty/custom-opm-common/CMakeFiles/custom-opm-common.dir/opm-common/opm/input/eclipse/Schedule/Well/WListManager.cpp.o
[812/3503] Building CXX object ThirdParty/custom-opm-common/CMakeFiles/custom-opm-common.dir/opm-common/opm/input/eclipse/Schedule/Well/WVFPDP.cpp.o
[813/3503] Building CXX object ThirdParty/custom-opm-common/CMakeFiles/custom-opm-common.dir/opm-common/opm/input/eclipse/Schedule/Well/WDFAC.cpp.o
[814/3503] Building CXX object ThirdParty/custom-opm-common/CMakeFiles/custom-opm-common.dir/opm-common/opm/input/eclipse/Schedule/Well/WVFPEXP.cpp.o
[815/3503] Building CXX object ThirdParty/custom-opm-common/CMakeFiles/custom-opm-common.dir/opm-common/opm/input/eclipse/Units/Dimension.cpp.o
[816/3503] Building CXX object ThirdParty/custom-opm-common/CMakeFiles/custom-opm-common.dir/opm-common/opm/input/eclipse/Schedule/WellTraj/RigEclipseWellLogExtractor.cpp.o
[817/3503] Building CXX object ThirdParty/custom-opm-common/CMakeFiles/custom-opm-common.dir/opm-common/opm/input/eclipse/Utility/Functional.cpp.o
[818/3503] Building CXX object ThirdParty/custom-opm-common/CMakeFiles/custom-opm-common.dir/opm-common/opm/input/eclipse/Units/UnitSystem.cpp.o
[819/3503] Building CXX object ThirdParty/custom-opm-common/CMakeFiles/custom-opm-common.dir/opm-common/opm/material/fluidmatrixinteractions/EclEpsConfig.cpp.o
[820/3503] Building CXX object ThirdParty/custom-opm-common/CMakeFiles/custom-opm-common.dir/opm-common/opm/material/fluidmatrixinteractions/EclEpsGridProperties.cpp.o
[821/3503] Building CXX object ThirdParty/custom-opm-common/CMakeFiles/custom-opm-common.dir/opm-common/opm/material/fluidmatrixinteractions/EclHysteresisConfig.cpp.o
[822/3503] Building CXX object ThirdParty/custom-opm-common/CMakeFiles/custom-opm-common.dir/opm-common/opm/material/fluidmatrixinteractions/EclMaterialLawHystParams.cpp.o
[823/3503] Building CXX object ThirdParty/custom-opm-common/CMakeFiles/custom-opm-common.dir/opm-common/opm/material/fluidmatrixinteractions/EclMaterialLawInitParams.cpp.o
[824/3503] Building CXX object ThirdParty/custom-opm-common/CMakeFiles/custom-opm-common.dir/opm-common/opm/material/fluidmatrixinteractions/EclMaterialLawManager.cpp.o
[825/3503] Building CXX object ThirdParty/custom-opm-common/CMakeFiles/custom-opm-common.dir/opm-common/opm/material/fluidmatrixinteractions/EclMaterialLawReadEffectiveParams.cpp.o
[826/3503] Building CXX object ThirdParty/custom-opm-common/CMakeFiles/custom-opm-common.dir/opm-common/opm/material/thermal/EclThermalLawManager.cpp.o
[827/3503] Building CXX object ThirdParty/custom-opm-common/CMakeFiles/custom-opm-common.dir/opm-common/opm/io/eclipse/EclOutput.cpp.o
[828/3503] Building CXX object ThirdParty/custom-opm-common/CMakeFiles/custom-opm-common.dir/opm-common/opm/io/eclipse/EclFile.cpp.o
[829/3503] Building CXX object ThirdParty/custom-opm-common/CMakeFiles/custom-opm-common.dir/opm-common/opm/io/eclipse/EclUtil.cpp.o
[830/3503] Building CXX object ThirdParty/custom-opm-common/CMakeFiles/custom-opm-common.dir/opm-common/opm/io/eclipse/EInit.cpp.o
[831/3503] Building CXX object ThirdParty/custom-opm-common/CMakeFiles/custom-opm-common.dir/opm-common/opm/io/eclipse/EGrid.cpp.o
[832/3503] Building CXX object ThirdParty/custom-opm-common/CMakeFiles/custom-opm-common.dir/opm-common/opm/io/eclipse/ERft.cpp.o
[833/3503] Building CXX object ThirdParty/custom-opm-common/CMakeFiles/custom-opm-common.dir/opm-common/opm/io/eclipse/ERst.cpp.o
[834/3503] Building CXX object ThirdParty/custom-opm-common/CMakeFiles/custom-opm-common.dir/opm-common/opm/io/eclipse/ERsm.cpp.o
[835/3503] Building CXX object ThirdParty/custom-opm-common/CMakeFiles/custom-opm-common.dir/opm-common/opm/io/eclipse/ExtESmry.cpp.o
[836/3503] Building CXX object ThirdParty/custom-opm-common/CMakeFiles/custom-opm-common.dir/opm-common/opm/io/eclipse/ESmry.cpp.o
[837/3503] Building CXX object ThirdParty/custom-opm-common/CMakeFiles/custom-opm-common.dir/opm-common/opm/io/eclipse/ESmry_write_rsm.cpp.o
[838/3503] Building CXX object ThirdParty/custom-opm-common/CMakeFiles/custom-opm-common.dir/opm-common/opm/io/eclipse/OutputStream.cpp.o
[839/3503] Building CXX object ThirdParty/custom-opm-common/CMakeFiles/custom-opm-common.dir/opm-common/opm/io/eclipse/RestartFileView.cpp.o
[840/3503] Building CXX object ThirdParty/custom-opm-common/CMakeFiles/custom-opm-common.dir/opm-common/opm/io/eclipse/rst/action.cpp.o
[841/3503] Building CXX object ThirdParty/custom-opm-common/CMakeFiles/custom-opm-common.dir/opm-common/opm/io/eclipse/ExtSmryOutput.cpp.o
[842/3503] Building CXX object ThirdParty/custom-opm-common/CMakeFiles/custom-opm-common.dir/opm-common/opm/io/eclipse/rst/connection.cpp.o
[843/3503] Building CXX object ThirdParty/custom-opm-common/CMakeFiles/custom-opm-common.dir/opm-common/opm/io/eclipse/rst/group.cpp.o
[844/3503] Building CXX object ThirdParty/custom-opm-common/CMakeFiles/custom-opm-common.dir/opm-common/opm/io/eclipse/rst/header.cpp.o
[845/3503] Building CXX object ThirdParty/custom-opm-common/CMakeFiles/custom-opm-common.dir/opm-common/opm/io/eclipse/rst/netbalan.cpp.o
[846/3503] Building CXX object ThirdParty/custom-opm-common/CMakeFiles/custom-opm-common.dir/opm-common/opm/io/eclipse/rst/aquifer.cpp.o
[847/3503] Building CXX object ThirdParty/custom-opm-common/CMakeFiles/custom-opm-common.dir/opm-common/opm/io/eclipse/rst/network.cpp.o
[848/3503] Building CXX object ThirdParty/custom-opm-common/CMakeFiles/custom-opm-common.dir/opm-common/opm/io/eclipse/rst/segment.cpp.o
[849/3503] Building CXX object ThirdParty/custom-opm-common/CMakeFiles/custom-opm-common.dir/opm-common/opm/io/eclipse/rst/udq.cpp.o
[850/3503] Building CXX object ThirdParty/custom-opm-common/CMakeFiles/custom-opm-common.dir/opm-common/opm/io/eclipse/rst/well.cpp.o
[851/3503] Building CXX object ThirdParty/custom-opm-common/CMakeFiles/custom-opm-common.dir/opm-common/opm/output/data/Aquifer.cpp.o
[852/3503] Building CXX object ThirdParty/custom-opm-common/CMakeFiles/custom-opm-common.dir/opm-common/opm/io/eclipse/rst/state.cpp.o
[853/3503] Building CXX object ThirdParty/custom-opm-common/CMakeFiles/custom-opm-common.dir/opm-common/opm/output/data/Solution.cpp.o
[854/3503] Building CXX object ThirdParty/custom-opm-common/CMakeFiles/custom-opm-common.dir/opm-common/opm/output/data/InterRegFlowMap.cpp.o
[855/3503] Building CXX object ThirdParty/custom-opm-common/CMakeFiles/custom-opm-common.dir/opm-common/opm/output/eclipse/ActiveIndexByColumns.cpp.o
[856/3503] Building CXX object ThirdParty/custom-opm-common/CMakeFiles/custom-opm-common.dir/opm-common/opm/output/eclipse/AggregateActionxData.cpp.o
[857/3503] Building CXX object ThirdParty/custom-opm-common/CMakeFiles/custom-opm-common.dir/opm-common/opm/output/eclipse/AggregateAquiferData.cpp.o
[858/3503] Building CXX object ThirdParty/custom-opm-common/CMakeFiles/custom-opm-common.dir/opm-common/opm/output/eclipse/AggregateConnectionData.cpp.o
[859/3503] Building CXX object ThirdParty/custom-opm-common/CMakeFiles/custom-opm-common.dir/opm-common/opm/output/eclipse/AggregateGroupData.cpp.o
[860/3503] Building CXX object ThirdParty/custom-opm-common/CMakeFiles/custom-opm-common.dir/opm-common/opm/output/eclipse/AggregateNetworkData.cpp.o
[861/3503] Building CXX object ThirdParty/custom-opm-common/CMakeFiles/custom-opm-common.dir/opm-common/opm/output/eclipse/AggregateMSWData.cpp.o
[862/3503] Building CXX object ThirdParty/custom-opm-common/CMakeFiles/custom-opm-common.dir/opm-common/opm/output/eclipse/AggregateUDQData.cpp.o
[863/3503] Building CXX object ThirdParty/custom-opm-common/CMakeFiles/custom-opm-common.dir/opm-common/opm/output/eclipse/AggregateWellData.cpp.o
[864/3503] Building CXX object ThirdParty/custom-opm-common/CMakeFiles/custom-opm-common.dir/opm-common/opm/output/eclipse/CreateActionRSTDims.cpp.o
[865/3503] Building CXX object ThirdParty/custom-opm-common/CMakeFiles/custom-opm-common.dir/opm-common/opm/output/eclipse/AggregateWListData.cpp.o
[866/3503] Building CXX object ThirdParty/custom-opm-common/CMakeFiles/custom-opm-common.dir/opm-common/opm/output/eclipse/CreateDoubHead.cpp.o
[867/3503] Building CXX object ThirdParty/custom-opm-common/CMakeFiles/custom-opm-common.dir/opm-common/opm/output/eclipse/CreateInteHead.cpp.o
[868/3503] Building CXX object ThirdParty/custom-opm-common/CMakeFiles/custom-opm-common.dir/opm-common/opm/output/eclipse/CreateLogiHead.cpp.o
[869/3503] Building CXX object ThirdParty/custom-opm-common/CMakeFiles/custom-opm-common.dir/opm-common/opm/output/eclipse/CreateLgrHeadi.cpp.o
[870/3503] Building CXX object ThirdParty/custom-opm-common/CMakeFiles/custom-opm-common.dir/opm-common/opm/output/eclipse/CreateLgrHeadd.cpp.o
[871/3503] Building CXX object ThirdParty/custom-opm-common/CMakeFiles/custom-opm-common.dir/opm-common/opm/output/eclipse/DoubHEAD.cpp.o
[872/3503] Building CXX object ThirdParty/custom-opm-common/CMakeFiles/custom-opm-common.dir/opm-common/opm/output/eclipse/EclipseGridInspector.cpp.o
[873/3503] Building CXX object ThirdParty/custom-opm-common/CMakeFiles/custom-opm-common.dir/opm-common/opm/output/eclipse/EclipseIO.cpp.o
[874/3503] Building CXX object ThirdParty/custom-opm-common/CMakeFiles/custom-opm-common.dir/opm-common/opm/output/eclipse/LgrHEADI.cpp.o
[875/3503] Building CXX object ThirdParty/custom-opm-common/CMakeFiles/custom-opm-common.dir/opm-common/opm/output/eclipse/InteHEAD.cpp.o
[876/3503] Building CXX object ThirdParty/custom-opm-common/CMakeFiles/custom-opm-common.dir/opm-common/opm/output/eclipse/LgrHEADQ.cpp.o
[877/3503] Building CXX object ThirdParty/custom-opm-common/CMakeFiles/custom-opm-common.dir/opm-common/opm/output/eclipse/LgrHEADD.cpp.o
[878/3503] Building CXX object ThirdParty/custom-opm-common/CMakeFiles/custom-opm-common.dir/opm-common/opm/output/eclipse/LinearisedOutputTable.cpp.o
[879/3503] Building CXX object ThirdParty/custom-opm-common/CMakeFiles/custom-opm-common.dir/opm-common/opm/output/eclipse/LogiHEAD.cpp.o
[880/3503] Building CXX object ThirdParty/custom-opm-common/CMakeFiles/custom-opm-common.dir/opm-common/opm/output/eclipse/LoadRestart.cpp.o
[881/3503] Building CXX object ThirdParty/custom-opm-common/CMakeFiles/custom-opm-common.dir/opm-common/opm/output/eclipse/RestartIO.cpp.o
[882/3503] Building CXX object ThirdParty/custom-opm-common/CMakeFiles/custom-opm-common.dir/opm-common/opm/output/eclipse/Inplace.cpp.o
[883/3503] Building CXX object ThirdParty/custom-opm-common/CMakeFiles/custom-opm-common.dir/opm-common/opm/output/eclipse/Tables.cpp.o
[884/3503] Building CXX object ThirdParty/custom-opm-common/CMakeFiles/custom-opm-common.dir/opm-common/opm/output/eclipse/UDQDims.cpp.o
[885/3503] Building CXX object ThirdParty/custom-opm-common/CMakeFiles/custom-opm-common.dir/opm-common/opm/output/eclipse/RegionCache.cpp.o
[886/3503] Building CXX object ThirdParty/custom-opm-common/CMakeFiles/custom-opm-common.dir/opm-common/opm/output/eclipse/RestartValue.cpp.o
[887/3503] Building CXX object ThirdParty/custom-opm-common/CMakeFiles/custom-opm-common.dir/opm-common/opm/output/eclipse/WriteInit.cpp.o
[888/3503] Building CXX object ThirdParty/custom-opm-common/CMakeFiles/custom-opm-common.dir/opm-common/opm/output/eclipse/Summary.cpp.o
[889/3503] Building CXX object ThirdParty/custom-opm-common/CMakeFiles/custom-opm-common.dir/opm-common/opm/output/eclipse/WriteRFT.cpp.o
[890/3503] Building CXX object ThirdParty/custom-opm-common/CMakeFiles/custom-opm-common.dir/opm-common/opm/output/eclipse/report/WellSpecification.cpp.o
[891/3503] Building C object ThirdParty/custom-opm-common/CMakeFiles/custom-opm-common.dir/__/__/_deps/cjson-src/cJSON.c.o
[892/3503] Building CXX object ThirdParty/custom-opm-common/CMakeFiles/custom-opm-common.dir/generated-opm-common/ParserKeywords/A.cpp.o
[893/3503] Building CXX object ThirdParty/custom-opm-common/CMakeFiles/custom-opm-common.dir/opm-common/opm/utility/EModel.cpp.o
[894/3503] Building CXX object ThirdParty/custom-opm-common/CMakeFiles/custom-opm-common.dir/generated-opm-common/ParserKeywords/B.cpp.o
[895/3503] Building CXX object ThirdParty/custom-opm-common/CMakeFiles/custom-opm-common.dir/generated-opm-common/ParserKeywords/BuiltinA.cpp.o
[896/3503] Building CXX object ThirdParty/custom-opm-common/CMakeFiles/custom-opm-common.dir/generated-opm-common/ParserKeywords/BuiltinB.cpp.o
[897/3503] Building CXX object ThirdParty/custom-opm-common/CMakeFiles/custom-opm-common.dir/generated-opm-common/ParserKeywords/BuiltinC.cpp.o
[898/3503] Building CXX object ThirdParty/custom-opm-common/CMakeFiles/custom-opm-common.dir/generated-opm-common/ParserKeywords/BuiltinD.cpp.o
[899/3503] Building CXX object ThirdParty/custom-opm-common/CMakeFiles/custom-opm-common.dir/generated-opm-common/ParserKeywords/BuiltinE.cpp.o
[900/3503] Building CXX object ThirdParty/custom-opm-common/CMakeFiles/custom-opm-common.dir/generated-opm-common/ParserKeywords/BuiltinF.cpp.o
[901/3503] Building CXX object ThirdParty/custom-opm-common/CMakeFiles/custom-opm-common.dir/generated-opm-common/ParserKeywords/BuiltinG.cpp.o
[902/3503] Building CXX object ThirdParty/custom-opm-common/CMakeFiles/custom-opm-common.dir/generated-opm-common/ParserKeywords/BuiltinH.cpp.o
[903/3503] Building CXX object ThirdParty/custom-opm-common/CMakeFiles/custom-opm-common.dir/generated-opm-common/ParserKeywords/BuiltinI.cpp.o
[904/3503] Building CXX object ThirdParty/custom-opm-common/CMakeFiles/custom-opm-common.dir/generated-opm-common/ParserKeywords/BuiltinJ.cpp.o
[905/3503] Building CXX object ThirdParty/custom-opm-common/CMakeFiles/custom-opm-common.dir/generated-opm-common/ParserKeywords/BuiltinK.cpp.o
[906/3503] Building CXX object ThirdParty/custom-opm-common/CMakeFiles/custom-opm-common.dir/generated-opm-common/ParserKeywords/BuiltinL.cpp.o
[907/3503] Building CXX object ThirdParty/custom-opm-common/CMakeFiles/custom-opm-common.dir/generated-opm-common/ParserKeywords/BuiltinM.cpp.o
[908/3503] Building CXX object ThirdParty/custom-opm-common/CMakeFiles/custom-opm-common.dir/generated-opm-common/ParserKeywords/BuiltinN.cpp.o
[909/3503] Building CXX object ThirdParty/custom-opm-common/CMakeFiles/custom-opm-common.dir/generated-opm-common/ParserKeywords/BuiltinO.cpp.o
[910/3503] Building CXX object ThirdParty/custom-opm-common/CMakeFiles/custom-opm-common.dir/generated-opm-common/ParserKeywords/BuiltinQ.cpp.o
[911/3503] Building CXX object ThirdParty/custom-opm-common/CMakeFiles/custom-opm-common.dir/generated-opm-common/ParserKeywords/BuiltinP.cpp.o
[912/3503] Building CXX object ThirdParty/custom-opm-common/CMakeFiles/custom-opm-common.dir/generated-opm-common/ParserKeywords/BuiltinR.cpp.o
[913/3503] Building CXX object ThirdParty/custom-opm-common/CMakeFiles/custom-opm-common.dir/generated-opm-common/ParserKeywords/BuiltinS.cpp.o
[914/3503] Building CXX object ThirdParty/custom-opm-common/CMakeFiles/custom-opm-common.dir/generated-opm-common/ParserKeywords/BuiltinT.cpp.o
[915/3503] Building CXX object ThirdParty/custom-opm-common/CMakeFiles/custom-opm-common.dir/generated-opm-common/ParserKeywords/BuiltinU.cpp.o
[916/3503] Building CXX object ThirdParty/custom-opm-common/CMakeFiles/custom-opm-common.dir/generated-opm-common/ParserKeywords/BuiltinV.cpp.o
[917/3503] Building CXX object ThirdParty/custom-opm-common/CMakeFiles/custom-opm-common.dir/generated-opm-common/ParserKeywords/BuiltinX.cpp.o
[918/3503] Building CXX object ThirdParty/custom-opm-common/CMakeFiles/custom-opm-common.dir/generated-opm-common/ParserKeywords/BuiltinW.cpp.o
[919/3503] Building CXX object ThirdParty/custom-opm-common/CMakeFiles/custom-opm-common.dir/generated-opm-common/ParserKeywords/BuiltinY.cpp.o
[920/3503] Building CXX object ThirdParty/custom-opm-common/CMakeFiles/custom-opm-common.dir/generated-opm-common/ParserKeywords/BuiltinZ.cpp.o
[921/3503] Building CXX object ThirdParty/custom-opm-common/CMakeFiles/custom-opm-common.dir/generated-opm-common/ParserKeywords/C.cpp.o
[922/3503] Building CXX object ThirdParty/custom-opm-common/CMakeFiles/custom-opm-common.dir/generated-opm-common/ParserKeywords/D.cpp.o
[923/3503] Building CXX object ThirdParty/custom-opm-common/CMakeFiles/custom-opm-common.dir/generated-opm-common/ParserKeywords/E.cpp.o
[924/3503] Building CXX object ThirdParty/custom-opm-common/CMakeFiles/custom-opm-common.dir/generated-opm-common/ParserKeywords/F.cpp.o
[925/3503] Building CXX object ThirdParty/custom-opm-common/CMakeFiles/custom-opm-common.dir/generated-opm-common/ParserKeywords/H.cpp.o
[926/3503] Building CXX object ThirdParty/custom-opm-common/CMakeFiles/custom-opm-common.dir/generated-opm-common/ParserKeywords/G.cpp.o
[927/3503] Building CXX object ThirdParty/custom-opm-common/CMakeFiles/custom-opm-common.dir/generated-opm-common/ParserKeywords/I.cpp.o
[928/3503] Building CXX object ThirdParty/custom-opm-common/CMakeFiles/custom-opm-common.dir/generated-opm-common/ParserKeywords/J.cpp.o
[929/3503] Building CXX object ThirdParty/custom-opm-common/CMakeFiles/custom-opm-common.dir/generated-opm-common/ParserKeywords/K.cpp.o
[930/3503] Building CXX object ThirdParty/custom-opm-common/CMakeFiles/custom-opm-common.dir/generated-opm-common/ParserKeywords/L.cpp.o
[931/3503] Building CXX object ThirdParty/custom-opm-common/CMakeFiles/custom-opm-common.dir/generated-opm-common/ParserKeywords/M.cpp.o
[932/3503] Building CXX object ThirdParty/custom-opm-common/CMakeFiles/custom-opm-common.dir/generated-opm-common/ParserKeywords/N.cpp.o
[933/3503] Building CXX object ThirdParty/custom-opm-common/CMakeFiles/custom-opm-common.dir/generated-opm-common/ParserKeywords/O.cpp.o
[934/3503] Building CXX object ThirdParty/custom-opm-common/CMakeFiles/custom-opm-common.dir/generated-opm-common/ParserKeywords/ParserInitA.cpp.o
[935/3503] Building CXX object ThirdParty/custom-opm-common/CMakeFiles/custom-opm-common.dir/generated-opm-common/ParserKeywords/P.cpp.o
[936/3503] Building CXX object ThirdParty/custom-opm-common/CMakeFiles/custom-opm-common.dir/generated-opm-common/ParserKeywords/ParserInitB.cpp.o
[937/3503] Building CXX object ThirdParty/custom-opm-common/CMakeFiles/custom-opm-common.dir/generated-opm-common/ParserKeywords/ParserInitC.cpp.o
[938/3503] Building CXX object ThirdParty/custom-opm-common/CMakeFiles/custom-opm-common.dir/generated-opm-common/ParserKeywords/ParserInitD.cpp.o
[939/3503] Building CXX object ThirdParty/custom-opm-common/CMakeFiles/custom-opm-common.dir/generated-opm-common/ParserKeywords/ParserInitE.cpp.o
[940/3503] Building CXX object ThirdParty/custom-opm-common/CMakeFiles/custom-opm-common.dir/generated-opm-common/ParserKeywords/ParserInitF.cpp.o
[941/3503] Building CXX object ThirdParty/custom-opm-common/CMakeFiles/custom-opm-common.dir/generated-opm-common/ParserKeywords/ParserInitG.cpp.o
[942/3503] Building CXX object ThirdParty/custom-opm-common/CMakeFiles/custom-opm-common.dir/generated-opm-common/ParserKeywords/ParserInitH.cpp.o
[943/3503] Building CXX object ThirdParty/custom-opm-common/CMakeFiles/custom-opm-common.dir/generated-opm-common/ParserKeywords/ParserInitI.cpp.o
[944/3503] Building CXX object ThirdParty/custom-opm-common/CMakeFiles/custom-opm-common.dir/generated-opm-common/ParserKeywords/ParserInitJ.cpp.o
[945/3503] Building CXX object ThirdParty/custom-opm-common/CMakeFiles/custom-opm-common.dir/generated-opm-common/ParserKeywords/ParserInitK.cpp.o
[946/3503] Building CXX object ThirdParty/custom-opm-common/CMakeFiles/custom-opm-common.dir/generated-opm-common/ParserKeywords/ParserInitL.cpp.o
[947/3503] Building CXX object ThirdParty/custom-opm-common/CMakeFiles/custom-opm-common.dir/generated-opm-common/ParserKeywords/ParserInitM.cpp.o
[948/3503] Building CXX object ThirdParty/custom-opm-common/CMakeFiles/custom-opm-common.dir/generated-opm-common/ParserKeywords/ParserInitN.cpp.o
[949/3503] Building CXX object ThirdParty/custom-opm-common/CMakeFiles/custom-opm-common.dir/generated-opm-common/ParserKeywords/ParserInitO.cpp.o
[950/3503] Building CXX object ThirdParty/custom-opm-common/CMakeFiles/custom-opm-common.dir/generated-opm-common/ParserKeywords/ParserInitP.cpp.o
[951/3503] Building CXX object ThirdParty/custom-opm-common/CMakeFiles/custom-opm-common.dir/generated-opm-common/ParserKeywords/ParserInitQ.cpp.o
[952/3503] Building CXX object ThirdParty/custom-opm-common/CMakeFiles/custom-opm-common.dir/generated-opm-common/ParserKeywords/ParserInitR.cpp.o
[953/3503] Building CXX object ThirdParty/custom-opm-common/CMakeFiles/custom-opm-common.dir/generated-opm-common/ParserKeywords/ParserInitS.cpp.o
[954/3503] Building CXX object ThirdParty/custom-opm-common/CMakeFiles/custom-opm-common.dir/generated-opm-common/ParserKeywords/ParserInitT.cpp.o
[955/3503] Building CXX object ThirdParty/custom-opm-common/CMakeFiles/custom-opm-common.dir/generated-opm-common/ParserKeywords/ParserInitU.cpp.o
[956/3503] Building CXX object ThirdParty/custom-opm-common/CMakeFiles/custom-opm-common.dir/generated-opm-common/ParserKeywords/ParserInitV.cpp.o
[957/3503] Building CXX object ThirdParty/custom-opm-common/CMakeFiles/custom-opm-common.dir/generated-opm-common/ParserKeywords/ParserInitW.cpp.o
[958/3503] Building CXX object ThirdParty/custom-opm-common/CMakeFiles/custom-opm-common.dir/generated-opm-common/ParserKeywords/ParserInitX.cpp.o
[959/3503] Building CXX object ThirdParty/custom-opm-common/CMakeFiles/custom-opm-common.dir/generated-opm-common/ParserKeywords/ParserInitY.cpp.o
[960/3503] Building CXX object ThirdParty/custom-opm-common/CMakeFiles/custom-opm-common.dir/generated-opm-common/ParserKeywords/ParserInitZ.cpp.o
[961/3503] Building CXX object ThirdParty/custom-opm-common/CMakeFiles/custom-opm-common.dir/generated-opm-common/ParserKeywords/Q.cpp.o
[962/3503] Building CXX object ThirdParty/custom-opm-common/CMakeFiles/custom-opm-common.dir/generated-opm-common/ParserKeywords/R.cpp.o
[963/3503] Building CXX object ThirdParty/custom-opm-common/CMakeFiles/custom-opm-common.dir/generated-opm-common/ParserKeywords/S.cpp.o
[964/3503] Building CXX object ThirdParty/custom-opm-common/CMakeFiles/custom-opm-common.dir/generated-opm-common/ParserKeywords/T.cpp.o
[965/3503] Building CXX object ThirdParty/custom-opm-common/CMakeFiles/custom-opm-common.dir/generated-opm-common/ParserKeywords/U.cpp.o
[966/3503] Building CXX object ThirdParty/custom-opm-common/CMakeFiles/custom-opm-common.dir/generated-opm-common/ParserKeywords/V.cpp.o
[967/3503] Building CXX object ThirdParty/custom-opm-common/CMakeFiles/custom-opm-common.dir/generated-opm-common/ParserKeywords/X.cpp.o
[968/3503] Building CXX object ThirdParty/custom-opm-common/CMakeFiles/custom-opm-common.dir/generated-opm-common/ParserKeywords/Y.cpp.o
[969/3503] Building CXX object ThirdParty/custom-opm-common/CMakeFiles/custom-opm-common.dir/generated-opm-common/ParserKeywords/Z.cpp.o
[970/3503] Building CXX object ThirdParty/custom-opm-common/CMakeFiles/custom-opm-common.dir/generated-opm-common/ParserKeywords/W.cpp.o
[971/3503] Building CXX object ThirdParty/custom-opm-common/CMakeFiles/custom-opm-common.dir/generated-opm-common/ParserInit.cpp.o
[972/3503] Building CXX object ThirdParty/NRLib/CMakeFiles/NRLib.dir/nrlib/iotools/fileio.cpp.o
[973/3503] Building CXX object ThirdParty/NRLib/CMakeFiles/NRLib.dir/nrlib/iotools/logkit.cpp.o
/tmp/resinsight-p01-build/source/ThirdParty/NRLib/nrlib/iotools/logkit.cpp:150:3: warning: 'vsprintf' is deprecated: This function is provided for compatibility reasons only.  Due to security concerns inherent in the design of sprintf(3), it is highly recommended that you use vsnprintf(3) instead. [-Wdeprecated-declarations]
  150 |   vsprintf(message, format.c_str(), ap);
      |   ^
/Applications/Xcode.app/Contents/Developer/Platforms/MacOSX.platform/Developer/SDKs/MacOSX.sdk/usr/include/stdio.h:199:1: note: 'vsprintf' has been explicitly marked deprecated here
  199 | __deprecated_msg("This function is provided for compatibility reasons only.  Due to security concerns inherent in the design of sprintf(3), it is highly recommended that you use vsnprintf(3) instead.")
      | ^
/Applications/Xcode.app/Contents/Developer/Platforms/MacOSX.platform/Developer/SDKs/MacOSX.sdk/usr/include/sys/cdefs.h:215:48: note: expanded from macro '__deprecated_msg'
  215 |         #define __deprecated_msg(_msg) __attribute__((__deprecated__(_msg)))
      |                                                       ^
/tmp/resinsight-p01-build/source/ThirdParty/NRLib/nrlib/iotools/logkit.cpp:160:3: warning: 'vsprintf' is deprecated: This function is provided for compatibility reasons only.  Due to security concerns inherent in the design of sprintf(3), it is highly recommended that you use vsnprintf(3) instead. [-Wdeprecated-declarations]
  160 |   vsprintf(message, format.c_str(), ap);
      |   ^
/Applications/Xcode.app/Contents/Developer/Platforms/MacOSX.platform/Developer/SDKs/MacOSX.sdk/usr/include/stdio.h:199:1: note: 'vsprintf' has been explicitly marked deprecated here
  199 | __deprecated_msg("This function is provided for compatibility reasons only.  Due to security concerns inherent in the design of sprintf(3), it is highly recommended that you use vsnprintf(3) instead.")
      | ^
/Applications/Xcode.app/Contents/Developer/Platforms/MacOSX.platform/Developer/SDKs/MacOSX.sdk/usr/include/sys/cdefs.h:215:48: note: expanded from macro '__deprecated_msg'
  215 |         #define __deprecated_msg(_msg) __attribute__((__deprecated__(_msg)))
      |                                                       ^
2 warnings generated.
[974/3503] Building CXX object ThirdParty/NRLib/CMakeFiles/NRLib.dir/nrlib/iotools/tabularfile.cpp.o
[975/3503] Building CXX object ThirdParty/NRLib/CMakeFiles/NRLib.dir/nrlib/iotools/stringtools.cpp.o
[976/3503] Building CXX object ThirdParty/NRLib/CMakeFiles/NRLib.dir/nrlib/well/norsarwell.cpp.o
[977/3503] Building CXX object ThirdParty/NRLib/CMakeFiles/NRLib.dir/nrlib/well/laswell.cpp.o
[978/3503] Building CXX object ThirdParty/NRLib/CMakeFiles/NRLib.dir/nrlib/well/well.cpp.o
[979/3503] Building CXX object ThirdParty/NRLib/CMakeFiles/NRLib.dir/nrlib/well/rmswell.cpp.o
[980/3503] Building C object ThirdParty/openzgy/zfp/src/CMakeFiles/zfp.dir/zfp.c.o
[981/3503] Building C object ThirdParty/openzgy/zfp/src/CMakeFiles/zfp.dir/bitstream.c.o
[982/3503] Building C object ThirdParty/openzgy/zfp/src/CMakeFiles/zfp.dir/encode1f.c.o
[983/3503] Building CXX object ThirdParty/NRLib/CMakeFiles/NRLib.dir/nrlib/well/welloperations.cpp.o
[984/3503] Building C object ThirdParty/openzgy/zfp/src/CMakeFiles/zfp.dir/encode1d.c.o
[985/3503] Building C object ThirdParty/openzgy/zfp/src/CMakeFiles/zfp.dir/encode1i.c.o
[986/3503] Building C object ThirdParty/openzgy/zfp/src/CMakeFiles/zfp.dir/encode1l.c.o
[987/3503] Building C object ThirdParty/openzgy/zfp/src/CMakeFiles/zfp.dir/decode1f.c.o
[988/3503] Building C object ThirdParty/openzgy/zfp/src/CMakeFiles/zfp.dir/decode1d.c.o
[989/3503] Building C object ThirdParty/openzgy/zfp/src/CMakeFiles/zfp.dir/decode1i.c.o
[990/3503] Building C object ThirdParty/openzgy/zfp/src/CMakeFiles/zfp.dir/decode1l.c.o
[991/3503] Building C object ThirdParty/openzgy/zfp/src/CMakeFiles/zfp.dir/encode2f.c.o
[992/3503] Building C object ThirdParty/openzgy/zfp/src/CMakeFiles/zfp.dir/encode2d.c.o
[993/3503] Building C object ThirdParty/openzgy/zfp/src/CMakeFiles/zfp.dir/encode2i.c.o
[994/3503] Building C object ThirdParty/openzgy/zfp/src/CMakeFiles/zfp.dir/encode2l.c.o
[995/3503] Building C object ThirdParty/openzgy/zfp/src/CMakeFiles/zfp.dir/decode2f.c.o
[996/3503] Building C object ThirdParty/openzgy/zfp/src/CMakeFiles/zfp.dir/decode2d.c.o
[997/3503] Building C object ThirdParty/openzgy/zfp/src/CMakeFiles/zfp.dir/decode2i.c.o
[998/3503] Building C object ThirdParty/openzgy/zfp/src/CMakeFiles/zfp.dir/decode2l.c.o
[999/3503] Building C object ThirdParty/openzgy/zfp/src/CMakeFiles/zfp.dir/encode3f.c.o
[1000/3503] Building C object ThirdParty/openzgy/zfp/src/CMakeFiles/zfp.dir/encode3d.c.o
[1001/3503] Building C object ThirdParty/openzgy/zfp/src/CMakeFiles/zfp.dir/encode3i.c.o
[1002/3503] Building C object ThirdParty/openzgy/zfp/src/CMakeFiles/zfp.dir/encode3l.c.o
[1003/3503] Building C object ThirdParty/openzgy/zfp/src/CMakeFiles/zfp.dir/decode3f.c.o
[1004/3503] Building C object ThirdParty/openzgy/zfp/src/CMakeFiles/zfp.dir/decode3d.c.o
[1005/3503] Building C object ThirdParty/openzgy/zfp/src/CMakeFiles/zfp.dir/decode3i.c.o
[1006/3503] Building C object ThirdParty/openzgy/zfp/src/CMakeFiles/zfp.dir/decode3l.c.o
[1007/3503] Building C object ThirdParty/openzgy/zfp/src/CMakeFiles/zfp.dir/encode4f.c.o
[1008/3503] Building C object ThirdParty/openzgy/zfp/src/CMakeFiles/zfp.dir/encode4d.c.o
[1009/3503] Building C object ThirdParty/openzgy/zfp/src/CMakeFiles/zfp.dir/encode4i.c.o
[1010/3503] Building C object ThirdParty/openzgy/zfp/src/CMakeFiles/zfp.dir/encode4l.c.o
[1011/3503] Building C object ThirdParty/openzgy/zfp/src/CMakeFiles/zfp.dir/decode4f.c.o
[1012/3503] Building C object ThirdParty/openzgy/zfp/src/CMakeFiles/zfp.dir/decode4d.c.o
[1013/3503] Building C object ThirdParty/openzgy/zfp/src/CMakeFiles/zfp.dir/decode4i.c.o
[1014/3503] Building CXX object ThirdParty/qwt/CMakeFiles/qwt.dir/qwt_autogen/mocs_compilation.cpp.o
[1015/3503] Building C object ThirdParty/openzgy/zfp/src/CMakeFiles/zfp.dir/decode4l.c.o
[1016/3503] Building CXX object ThirdParty/qwt/CMakeFiles/qwt.dir/src/qwt.cpp.o
[1017/3503] Building CXX object ThirdParty/qwt/CMakeFiles/qwt.dir/src/qwt_abstract_scale_draw.cpp.o
[1018/3503] Building CXX object ThirdParty/qwt/CMakeFiles/qwt.dir/src/qwt_bezier.cpp.o
[1019/3503] Building CXX object ThirdParty/qwt/CMakeFiles/qwt.dir/src/qwt_clipper.cpp.o
[1020/3503] Building CXX object ThirdParty/qwt/CMakeFiles/qwt.dir/src/qwt_color_map.cpp.o
[1021/3503] Building CXX object ThirdParty/qwt/CMakeFiles/qwt.dir/src/qwt_column_symbol.cpp.o
[1022/3503] Building CXX object ThirdParty/qwt/CMakeFiles/qwt.dir/src/qwt_date.cpp.o
[1023/3503] Building CXX object ThirdParty/qwt/CMakeFiles/qwt.dir/src/qwt_date_scale_draw.cpp.o
[1024/3503] Building CXX object ThirdParty/qwt/CMakeFiles/qwt.dir/src/qwt_date_scale_engine.cpp.o
[1025/3503] Building CXX object ThirdParty/qwt/CMakeFiles/qwt.dir/src/qwt_dyngrid_layout.cpp.o
[1026/3503] Building CXX object ThirdParty/qwt/CMakeFiles/qwt.dir/src/qwt_event_pattern.cpp.o
[1027/3503] Building CXX object ThirdParty/qwt/CMakeFiles/qwt.dir/src/qwt_graphic.cpp.o
[1028/3503] Building CXX object ThirdParty/qwt/CMakeFiles/qwt.dir/src/qwt_interval.cpp.o
[1029/3503] Building CXX object ThirdParty/qwt/CMakeFiles/qwt.dir/src/qwt_interval_symbol.cpp.o
[1030/3503] Building CXX object ThirdParty/qwt/CMakeFiles/qwt.dir/src/qwt_math.cpp.o
[1031/3503] Building CXX object ThirdParty/qwt/CMakeFiles/qwt.dir/src/qwt_null_paintdevice.cpp.o
[1032/3503] Building CXX object ThirdParty/qwt/CMakeFiles/qwt.dir/src/qwt_magnifier.cpp.o
[1033/3503] Building CXX object ThirdParty/qwt/CMakeFiles/qwt.dir/src/qwt_painter_command.cpp.o
[1034/3503] Building CXX object ThirdParty/qwt/CMakeFiles/qwt.dir/src/qwt_painter.cpp.o
[1035/3503] Building CXX object ThirdParty/qwt/CMakeFiles/qwt.dir/src/qwt_panner.cpp.o
[1036/3503] Building CXX object ThirdParty/qwt/CMakeFiles/qwt.dir/src/qwt_picker.cpp.o
[1037/3503] Building CXX object ThirdParty/qwt/CMakeFiles/qwt.dir/src/qwt_picker_machine.cpp.o
[1038/3503] Building CXX object ThirdParty/qwt/CMakeFiles/qwt.dir/src/qwt_pixel_matrix.cpp.o
[1039/3503] Building CXX object ThirdParty/qwt/CMakeFiles/qwt.dir/src/qwt_point_3d.cpp.o
[1040/3503] Building CXX object ThirdParty/qwt/CMakeFiles/qwt.dir/src/qwt_point_polar.cpp.o
[1041/3503] Building CXX object ThirdParty/qwt/CMakeFiles/qwt.dir/src/qwt_round_scale_draw.cpp.o
[1042/3503] Building CXX object ThirdParty/qwt/CMakeFiles/qwt.dir/src/qwt_scale_div.cpp.o
[1043/3503] Building CXX object ThirdParty/qwt/CMakeFiles/qwt.dir/src/qwt_scale_draw.cpp.o
[1044/3503] Building CXX object ThirdParty/qwt/CMakeFiles/qwt.dir/src/qwt_scale_map.cpp.o
[1045/3503] Building CXX object ThirdParty/qwt/CMakeFiles/qwt.dir/src/qwt_scale_engine.cpp.o
[1046/3503] Building CXX object ThirdParty/qwt/CMakeFiles/qwt.dir/src/qwt_spline.cpp.o
[1047/3503] Building CXX object ThirdParty/qwt/CMakeFiles/qwt.dir/src/qwt_spline_parametrization.cpp.o
[1048/3503] Building CXX object ThirdParty/qwt/CMakeFiles/qwt.dir/src/qwt_spline_basis.cpp.o
[1049/3503] Building CXX object ThirdParty/qwt/CMakeFiles/qwt.dir/src/qwt_spline_cubic.cpp.o
[1050/3503] Building CXX object ThirdParty/qwt/CMakeFiles/qwt.dir/src/qwt_spline_local.cpp.o
[1051/3503] Building CXX object ThirdParty/qwt/CMakeFiles/qwt.dir/src/qwt_spline_pleasing.cpp.o
[1052/3503] Building CXX object ThirdParty/qwt/CMakeFiles/qwt.dir/src/qwt_spline_polynomial.cpp.o
[1053/3503] Building CXX object ThirdParty/qwt/CMakeFiles/qwt.dir/src/qwt_system_clock.cpp.o
[1054/3503] Building CXX object ThirdParty/qwt/CMakeFiles/qwt.dir/src/qwt_symbol.cpp.o
[1055/3503] Building CXX object ThirdParty/qwt/CMakeFiles/qwt.dir/src/qwt_text_engine.cpp.o
[1056/3503] Building CXX object ThirdParty/qwt/CMakeFiles/qwt.dir/src/qwt_text_label.cpp.o
[1057/3503] Building CXX object ThirdParty/qwt/CMakeFiles/qwt.dir/src/qwt_transform.cpp.o
[1058/3503] Building CXX object ThirdParty/qwt/CMakeFiles/qwt.dir/src/qwt_text.cpp.o
[1059/3503] Building CXX object ThirdParty/qwt/CMakeFiles/qwt.dir/src/qwt_widget_overlay.cpp.o
[1060/3503] Building CXX object ThirdParty/qwt/CMakeFiles/qwt.dir/src/qwt_curve_fitter.cpp.o
[1061/3503] Building CXX object ThirdParty/qwt/CMakeFiles/qwt.dir/src/qwt_axis_id.cpp.o
[1062/3503] Building CXX object ThirdParty/qwt/CMakeFiles/qwt.dir/src/qwt_spline_curve_fitter.cpp.o
[1063/3503] Building CXX object ThirdParty/qwt/CMakeFiles/qwt.dir/src/qwt_weeding_curve_fitter.cpp.o
[1064/3503] Building CXX object ThirdParty/qwt/CMakeFiles/qwt.dir/src/qwt_abstract_legend.cpp.o
[1065/3503] Building CXX object ThirdParty/qwt/CMakeFiles/qwt.dir/src/qwt_legend.cpp.o
[1066/3503] Building CXX object ThirdParty/qwt/CMakeFiles/qwt.dir/src/qwt_legend_data.cpp.o
[1067/3503] Building CXX object ThirdParty/qwt/CMakeFiles/qwt.dir/src/qwt_legend_label.cpp.o
[1068/3503] Building CXX object ThirdParty/qwt/CMakeFiles/qwt.dir/src/qwt_plot.cpp.o
[1069/3503] Building CXX object ThirdParty/qwt/CMakeFiles/qwt.dir/src/qwt_plot_renderer.cpp.o
[1070/3503] Building CXX object ThirdParty/qwt/CMakeFiles/qwt.dir/src/qwt_plot_axis.cpp.o
[1071/3503] Building CXX object ThirdParty/qwt/CMakeFiles/qwt.dir/src/qwt_plot_dict.cpp.o
[1072/3503] Building CXX object ThirdParty/qwt/CMakeFiles/qwt.dir/src/qwt_plot_curve.cpp.o
[1073/3503] Building CXX object ThirdParty/qwt/CMakeFiles/qwt.dir/src/qwt_plot_graphicitem.cpp.o
[1074/3503] Building CXX object ThirdParty/qwt/CMakeFiles/qwt.dir/src/qwt_plot_directpainter.cpp.o
[1075/3503] Building CXX object ThirdParty/qwt/CMakeFiles/qwt.dir/src/qwt_plot_grid.cpp.o
[1076/3503] Building CXX object ThirdParty/qwt/CMakeFiles/qwt.dir/src/qwt_plot_histogram.cpp.o
[1077/3503] Building CXX object ThirdParty/qwt/CMakeFiles/qwt.dir/src/qwt_plot_abstract_barchart.cpp.o
[1078/3503] Building CXX object ThirdParty/qwt/CMakeFiles/qwt.dir/src/qwt_plot_item.cpp.o
[1079/3503] Building CXX object ThirdParty/qwt/CMakeFiles/qwt.dir/src/qwt_plot_barchart.cpp.o
[1080/3503] Building CXX object ThirdParty/qwt/CMakeFiles/qwt.dir/src/qwt_plot_multi_barchart.cpp.o
[1081/3503] Building CXX object ThirdParty/qwt/CMakeFiles/qwt.dir/src/qwt_plot_intervalcurve.cpp.o
[1082/3503] Building CXX object ThirdParty/qwt/CMakeFiles/qwt.dir/src/qwt_plot_zoneitem.cpp.o
[1083/3503] Building CXX object ThirdParty/qwt/CMakeFiles/qwt.dir/src/qwt_plot_tradingcurve.cpp.o
[1084/3503] Building CXX object ThirdParty/qwt/CMakeFiles/qwt.dir/src/qwt_plot_spectrogram.cpp.o
[1085/3503] Building CXX object ThirdParty/qwt/CMakeFiles/qwt.dir/src/qwt_plot_spectrocurve.cpp.o
[1086/3503] Building CXX object ThirdParty/qwt/CMakeFiles/qwt.dir/src/qwt_plot_scaleitem.cpp.o
[1087/3503] Building CXX object ThirdParty/qwt/CMakeFiles/qwt.dir/src/qwt_plot_legenditem.cpp.o
[1088/3503] Building CXX object ThirdParty/qwt/CMakeFiles/qwt.dir/src/qwt_plot_seriesitem.cpp.o
[1089/3503] Building CXX object ThirdParty/qwt/CMakeFiles/qwt.dir/src/qwt_plot_shapeitem.cpp.o
[1090/3503] Building CXX object ThirdParty/qwt/CMakeFiles/qwt.dir/src/qwt_plot_vectorfield.cpp.o
[1091/3503] Building CXX object ThirdParty/qwt/CMakeFiles/qwt.dir/src/qwt_plot_marker.cpp.o
[1092/3503] Building CXX object ThirdParty/qwt/CMakeFiles/qwt.dir/src/qwt_plot_textlabel.cpp.o
[1093/3503] Building CXX object ThirdParty/qwt/CMakeFiles/qwt.dir/src/qwt_plot_layout.cpp.o
[1094/3503] Building CXX object ThirdParty/qwt/CMakeFiles/qwt.dir/src/qwt_plot_abstract_canvas.cpp.o
[1095/3503] Building CXX object ThirdParty/qwt/CMakeFiles/qwt.dir/src/qwt_plot_canvas.cpp.o
[1096/3503] Building CXX object ThirdParty/qwt/CMakeFiles/qwt.dir/src/qwt_plot_panner.cpp.o
[1097/3503] Building CXX object ThirdParty/qwt/CMakeFiles/qwt.dir/src/qwt_plot_rasteritem.cpp.o
[1098/3503] Building CXX object ThirdParty/qwt/CMakeFiles/qwt.dir/src/qwt_plot_picker.cpp.o
[1099/3503] Building CXX object ThirdParty/qwt/CMakeFiles/qwt.dir/src/qwt_plot_zoomer.cpp.o
[1100/3503] Building CXX object ThirdParty/qwt/CMakeFiles/qwt.dir/src/qwt_plot_magnifier.cpp.o
[1101/3503] Building CXX object ThirdParty/qwt/CMakeFiles/qwt.dir/src/qwt_plot_rescaler.cpp.o
[1102/3503] Building CXX object ThirdParty/qwt/CMakeFiles/qwt.dir/src/qwt_point_mapper.cpp.o
[1103/3503] Building CXX object ThirdParty/qwt/CMakeFiles/qwt.dir/src/qwt_raster_data.cpp.o
[1104/3503] Building CXX object ThirdParty/qwt/CMakeFiles/qwt.dir/src/qwt_matrix_raster_data.cpp.o
[1105/3503] Building CXX object ThirdParty/qwt/CMakeFiles/qwt.dir/src/qwt_vectorfield_symbol.cpp.o
[1106/3503] Building CXX object ThirdParty/qwt/CMakeFiles/qwt.dir/src/qwt_sampling_thread.cpp.o
[1107/3503] Building CXX object ThirdParty/qwt/CMakeFiles/qwt.dir/src/qwt_series_data.cpp.o
[1108/3503] Building CXX object ThirdParty/qwt/CMakeFiles/qwt.dir/src/qwt_point_data.cpp.o
[1109/3503] Building CXX object ThirdParty/qwt/CMakeFiles/qwt.dir/src/qwt_scale_widget.cpp.o
[1110/3503] Building CXX object ThirdParty/qwt/CMakeFiles/qwt.dir/src/qwt_plot_opengl_canvas.cpp.o
[1111/3503] Building CXX object ThirdParty/qwt/CMakeFiles/qwt.dir/src/qwt_abstract_slider.cpp.o
[1112/3503] Building CXX object ThirdParty/qwt/CMakeFiles/qwt.dir/src/qwt_abstract_scale.cpp.o
[1113/3503] Building CXX object ThirdParty/qwt/CMakeFiles/qwt.dir/src/qwt_arrow_button.cpp.o
[1114/3503] Building CXX object ThirdParty/qwt/CMakeFiles/qwt.dir/src/qwt_analog_clock.cpp.o
[1115/3503] Building CXX object ThirdParty/qwt/CMakeFiles/qwt.dir/src/qwt_compass_rose.cpp.o
[1116/3503] Building CXX object ThirdParty/qwt/CMakeFiles/qwt.dir/src/qwt_compass.cpp.o
[1117/3503] Building CXX object ThirdParty/qwt/CMakeFiles/qwt.dir/src/qwt_counter.cpp.o
[1118/3503] Building CXX object ThirdParty/qwt/CMakeFiles/qwt.dir/src/qwt_dial.cpp.o
[1119/3503] Building CXX object ThirdParty/qwt/CMakeFiles/qwt.dir/src/qwt_dial_needle.cpp.o
[1120/3503] Building CXX object ThirdParty/qwt/CMakeFiles/qwt.dir/src/qwt_knob.cpp.o
[1121/3503] Building CXX object ThirdParty/qwt/CMakeFiles/qwt.dir/src/qwt_slider.cpp.o
[1122/3503] Building CXX object ThirdParty/qwt/CMakeFiles/qwt.dir/src/qwt_thermo.cpp.o
[1123/3503] Building CXX object ThirdParty/qwt/CMakeFiles/qwt.dir/src/qwt_wheel.cpp.o
[1124/3503] Building CXX object ThirdParty/qtadvanceddocking/src/CMakeFiles/qtadvanceddocking-qt6.dir/qtadvanceddocking-qt6_autogen/mocs_compilation.cpp.o
[1125/3503] Building CXX object ThirdParty/qtadvanceddocking/src/CMakeFiles/qtadvanceddocking-qt6.dir/ads_globals.cpp.o
[1126/3503] Building CXX object ThirdParty/qtadvanceddocking/src/CMakeFiles/qtadvanceddocking-qt6.dir/DockAreaTabBar.cpp.o
[1127/3503] Building CXX object ThirdParty/qtadvanceddocking/src/CMakeFiles/qtadvanceddocking-qt6.dir/DockAreaTitleBar.cpp.o
[1128/3503] Building CXX object ThirdParty/qtadvanceddocking/src/CMakeFiles/qtadvanceddocking-qt6.dir/DockAreaWidget.cpp.o
[1129/3503] Building CXX object ThirdParty/qtadvanceddocking/src/CMakeFiles/qtadvanceddocking-qt6.dir/DockContainerWidget.cpp.o
[1130/3503] Building CXX object ThirdParty/qtadvanceddocking/src/CMakeFiles/qtadvanceddocking-qt6.dir/DockManager.cpp.o
[1131/3503] Building CXX object ThirdParty/qtadvanceddocking/src/CMakeFiles/qtadvanceddocking-qt6.dir/DockOverlay.cpp.o
[1132/3503] Building CXX object ThirdParty/qtadvanceddocking/src/CMakeFiles/qtadvanceddocking-qt6.dir/DockSplitter.cpp.o
[1133/3503] Building CXX object ThirdParty/qtadvanceddocking/src/CMakeFiles/qtadvanceddocking-qt6.dir/DockWidget.cpp.o
[1134/3503] Building CXX object ThirdParty/qtadvanceddocking/src/CMakeFiles/qtadvanceddocking-qt6.dir/DockWidgetTab.cpp.o
[1135/3503] Building CXX object ThirdParty/qtadvanceddocking/src/CMakeFiles/qtadvanceddocking-qt6.dir/DockingStateReader.cpp.o
[1136/3503] Building CXX object ThirdParty/qtadvanceddocking/src/CMakeFiles/qtadvanceddocking-qt6.dir/DockFocusController.cpp.o
[1137/3503] Building CXX object ThirdParty/qtadvanceddocking/src/CMakeFiles/qtadvanceddocking-qt6.dir/ElidingLabel.cpp.o
[1138/3503] Building CXX object ThirdParty/qtadvanceddocking/src/CMakeFiles/qtadvanceddocking-qt6.dir/FloatingDragPreview.cpp.o
[1139/3503] Building CXX object ThirdParty/qtadvanceddocking/src/CMakeFiles/qtadvanceddocking-qt6.dir/FloatingDockContainer.cpp.o
[1140/3503] Building CXX object ThirdParty/qtadvanceddocking/src/CMakeFiles/qtadvanceddocking-qt6.dir/IconProvider.cpp.o
[1141/3503] Building CXX object ThirdParty/qtadvanceddocking/src/CMakeFiles/qtadvanceddocking-qt6.dir/DockComponentsFactory.cpp.o
[1142/3503] Building CXX object ThirdParty/qtadvanceddocking/src/CMakeFiles/qtadvanceddocking-qt6.dir/AutoHideSideBar.cpp.o
[1143/3503] Building CXX object ThirdParty/qtadvanceddocking/src/CMakeFiles/qtadvanceddocking-qt6.dir/AutoHideTab.cpp.o
[1144/3503] Building CXX object ThirdParty/qtadvanceddocking/src/CMakeFiles/qtadvanceddocking-qt6.dir/PushButton.cpp.o
[1145/3503] Building CXX object ThirdParty/qtadvanceddocking/src/CMakeFiles/qtadvanceddocking-qt6.dir/AutoHideDockContainer.cpp.o
[1146/3503] Building CXX object ThirdParty/qtadvanceddocking/src/CMakeFiles/qtadvanceddocking-qt6.dir/qtadvanceddocking-qt6_autogen/EWIEGA46WW/qrc_ads.cpp.o
[1147/3503] Building CXX object ThirdParty/qtadvanceddocking/src/CMakeFiles/qtadvanceddocking-qt6.dir/ResizeHandle.cpp.o
[1148/3503] Building CXX object ThirdParty/nightcharts/CMakeFiles/nightcharts.dir/nightcharts_autogen/mocs_compilation.cpp.o
[1149/3503] Building CXX object ThirdParty/nightcharts/CMakeFiles/nightcharts.dir/nightcharts.cpp.o
[1150/3503] Building CXX object ThirdParty/expressionparser/CMakeFiles/expressionparser.dir/expressionparser_autogen/mocs_compilation.cpp.o
[1151/3503] Building CXX object ThirdParty/nightcharts/CMakeFiles/nightcharts.dir/nightchartswidget.cpp.o
[1152/3503] Building CXX object ThirdParty/expressionparser/CMakeFiles/expressionparser.dir/ExpressionParser.cpp.o
[1153/3503] Building CXX object ThirdParty/roffcpp/src/CMakeFiles/roffcpp.dir/roffcpp_autogen/mocs_compilation.cpp.o
[1154/3503] Building CXX object ThirdParty/roffcpp/src/CMakeFiles/roffcpp.dir/Token.cpp.o
[1155/3503] Building CXX object ThirdParty/roffcpp/src/CMakeFiles/roffcpp.dir/Tokenizer.cpp.o
[1156/3503] Building CXX object ThirdParty/roffcpp/src/CMakeFiles/roffcpp.dir/AsciiTokenizer.cpp.o
[1157/3503] Building CXX object ThirdParty/roffcpp/src/CMakeFiles/roffcpp.dir/BinaryTokenizer.cpp.o
[1158/3503] Building CXX object ThirdParty/roffcpp/src/CMakeFiles/roffcpp.dir/Parser.cpp.o
[1159/3503] Building CXX object ThirdParty/roffcpp/src/CMakeFiles/roffcpp.dir/AsciiParser.cpp.o
[1160/3503] Building CXX object ThirdParty/roffcpp/src/CMakeFiles/roffcpp.dir/BinaryParser.cpp.o
[1161/3503] Building CXX object ThirdParty/roffcpp/src/CMakeFiles/roffcpp.dir/Reader.cpp.o
[1162/3503] Building CXX object ThirdParty/regression-analysis/src/CMakeFiles/regression-analysis.dir/regression-analysis_autogen/mocs_compilation.cpp.o
[1163/3503] Building CXX object ThirdParty/regression-analysis/src/CMakeFiles/regression-analysis.dir/LinearRegression.cpp.o
[1164/3503] Building CXX object ThirdParty/regression-analysis/src/CMakeFiles/regression-analysis.dir/PolynomialRegression.cpp.o
[1165/3503] Building CXX object ThirdParty/regression-analysis/src/CMakeFiles/regression-analysis.dir/PowerFitRegression.cpp.o
[1166/3503] Building CXX object ThirdParty/regression-analysis/src/CMakeFiles/regression-analysis.dir/LogarithmicRegression.cpp.o
[1167/3503] Building CXX object ThirdParty/regression-analysis/src/CMakeFiles/regression-analysis.dir/ExponentialRegression.cpp.o
[1168/3503] Building CXX object ThirdParty/regression-analysis/src/CMakeFiles/regression-analysis.dir/LogisticRegression.cpp.o
[1169/3503] Building CXX object ThirdParty/regression-analysis/src/CMakeFiles/regression-analysis.dir/Utils.cpp.o
[1170/3503] Building CXX object ThirdParty/custom-surfio/CMakeFiles/surfio_lib.dir/surfio_lib_autogen/mocs_compilation.cpp.o
[1171/3503] Building CXX object ThirdParty/custom-surfio/CMakeFiles/surfio_lib.dir/surfio/src/lib/irap_import_ascii.cpp.o
[1172/3503] Building CXX object ThirdParty/custom-surfio/CMakeFiles/surfio_lib.dir/surfio/src/lib/irap_import_binary.cpp.o
[1173/3503] Building CXX object ThirdParty/custom-surfio/CMakeFiles/surfio_lib.dir/surfio/src/lib/irap_export_ascii.cpp.o
[1174/3503] Building CXX object ThirdParty/custom-surfio/CMakeFiles/surfio_lib.dir/surfio/src/lib/irap_export_binary.cpp.o
[1175/3503] Building CXX object ThirdParty/custom-surfio/CMakeFiles/surfio_lib.dir/surfio/src/lib/mmap_wrapper/mmap_wrapper.cpp.o
[1176/3503] Building CXX object ThirdParty/expressionparser/CMakeFiles/expressionparser.dir/ExpressionParserImpl.cpp.o
[1177/3503] Building CXX object Fwk/AppFwk/cafViewer/CMakeFiles/cafViewer.dir/cafViewer_autogen/mocs_compilation.cpp.o
[1178/3503] Building CXX object Fwk/AppFwk/cafViewer/CMakeFiles/cafViewer.dir/cafCadNavigation.cpp.o
[1179/3503] Building CXX object Fwk/AppFwk/cafViewer/CMakeFiles/cafViewer.dir/cafCeetronNavigation.cpp.o
[1180/3503] Building CXX object Fwk/AppFwk/cafViewer/CMakeFiles/cafViewer.dir/cafCeetronPlusNavigation.cpp.o
[1181/3503] Building CXX object Fwk/AppFwk/cafViewer/CMakeFiles/cafViewer.dir/cafTrackBallBasedNavigation.cpp.o
[1182/3503] Building CXX object Fwk/AppFwk/cafViewer/CMakeFiles/cafViewer.dir/cafNavigationPolicy.cpp.o
[1183/3503] Building CXX object Fwk/AppFwk/cafDataLoader/CMakeFiles/cafDataLoader.dir/cafDataLoader_autogen/mocs_compilation.cpp.o
[1184/3503] Building CXX object Fwk/AppFwk/cafDataLoader/CMakeFiles/cafDataLoader.dir/cafDataLoader.cpp.o
[1185/3503] Building CXX object Fwk/AppFwk/cafViewer/CMakeFiles/cafViewer.dir/cafViewer.cpp.o
[1186/3503] Building CXX object Fwk/AppFwk/cafDataLoader/CMakeFiles/cafDataLoader.dir/cafDataLoadTask.cpp.o
[1187/3503] Building CXX object Fwk/AppFwk/cafVizExtensions/CMakeFiles/cafVizExtensions.dir/cafVizExtensions_autogen/mocs_compilation.cpp.o
[1188/3503] Building CXX object Fwk/AppFwk/cafVizExtensions/CMakeFiles/cafVizExtensions.dir/cafDisplayCoordTransform.cpp.o
[1189/3503] Building CXX object Fwk/AppFwk/cafDataLoader/CMakeFiles/cafDataLoader.dir/cafDataLoadController.cpp.o
[1190/3503] Building CXX object Fwk/AppFwk/cafVizExtensions/CMakeFiles/cafVizExtensions.dir/cafBoxManipulatorPartManager.cpp.o
[1191/3503] Building CXX object Fwk/AppFwk/cafVizExtensions/CMakeFiles/cafVizExtensions.dir/cafTitledOverlayFrame.cpp.o
[1192/3503] Building CXX object Fwk/AppFwk/cafVizExtensions/CMakeFiles/cafVizExtensions.dir/cafBoxManipulatorGeometryGenerator.cpp.o
[1193/3503] Building CXX object Fwk/AppFwk/cafVizExtensions/CMakeFiles/cafVizExtensions.dir/cafCategoryLegend.cpp.o
/tmp/resinsight-p01-build/source/Fwk/AppFwk/cafVizExtensions/cafCategoryLegend.cpp:424:13: warning: 'glColor3ubv' is deprecated: first deprecated in macOS 10.14 - OpenGL API deprecated. (Define GL_SILENCE_DEPRECATION to silence these warnings) [-Wdeprecated-declarations]
  424 |             glColor3ubv( clr.ptr() );
      |             ^
/Applications/Xcode.app/Contents/Developer/Platforms/MacOSX.platform/Developer/SDKs/MacOSX.sdk/System/Library/Frameworks/OpenGL.framework/Headers/gl.h:2412:13: note: 'glColor3ubv' has been explicitly marked deprecated here
 2412 | extern void glColor3ubv (const GLubyte *v) OPENGL_DEPRECATED(10.0, 10.14);
      |             ^
/tmp/resinsight-p01-build/source/Fwk/AppFwk/cafVizExtensions/cafCategoryLegend.cpp:425:13: warning: 'glBegin' is deprecated: first deprecated in macOS 10.14 - OpenGL API deprecated. (Define GL_SILENCE_DEPRECATION to silence these warnings) [-Wdeprecated-declarations]
  425 |             glBegin( GL_TRIANGLE_FAN );
      |             ^
/Applications/Xcode.app/Contents/Developer/Platforms/MacOSX.platform/Developer/SDKs/MacOSX.sdk/System/Library/Frameworks/OpenGL.framework/Headers/gl.h:2385:13: note: 'glBegin' has been explicitly marked deprecated here
 2385 | extern void glBegin (GLenum mode) OPENGL_DEPRECATED(10.0, 10.14);
      |             ^
/tmp/resinsight-p01-build/source/Fwk/AppFwk/cafVizExtensions/cafCategoryLegend.cpp:426:13: warning: 'glVertex3fv' is deprecated: first deprecated in macOS 10.14 - OpenGL API deprecated. (Define GL_SILENCE_DEPRECATION to silence these warnings) [-Wdeprecated-declarations]
  426 |             glVertex3fv( v0 );
      |             ^
/Applications/Xcode.app/Contents/Developer/Platforms/MacOSX.platform/Developer/SDKs/MacOSX.sdk/System/Library/Frameworks/OpenGL.framework/Headers/gl.h:2741:13: note: 'glVertex3fv' has been explicitly marked deprecated here
 2741 | extern void glVertex3fv (const GLfloat *v) OPENGL_DEPRECATED(10.0, 10.14);
      |             ^
/tmp/resinsight-p01-build/source/Fwk/AppFwk/cafVizExtensions/cafCategoryLegend.cpp:427:13: warning: 'glVertex3fv' is deprecated: first deprecated in macOS 10.14 - OpenGL API deprecated. (Define GL_SILENCE_DEPRECATION to silence these warnings) [-Wdeprecated-declarations]
  427 |             glVertex3fv( v1 );
      |             ^
/Applications/Xcode.app/Contents/Developer/Platforms/MacOSX.platform/Developer/SDKs/MacOSX.sdk/System/Library/Frameworks/OpenGL.framework/Headers/gl.h:2741:13: note: 'glVertex3fv' has been explicitly marked deprecated here
 2741 | extern void glVertex3fv (const GLfloat *v) OPENGL_DEPRECATED(10.0, 10.14);
      |             ^
/tmp/resinsight-p01-build/source/Fwk/AppFwk/cafVizExtensions/cafCategoryLegend.cpp:428:13: warning: 'glVertex3fv' is deprecated: first deprecated in macOS 10.14 - OpenGL API deprecated. (Define GL_SILENCE_DEPRECATION to silence these warnings) [-Wdeprecated-declarations]
  428 |             glVertex3fv( v4 );
      |             ^
/Applications/Xcode.app/Contents/Developer/Platforms/MacOSX.platform/Developer/SDKs/MacOSX.sdk/System/Library/Frameworks/OpenGL.framework/Headers/gl.h:2741:13: note: 'glVertex3fv' has been explicitly marked deprecated here
 2741 | extern void glVertex3fv (const GLfloat *v) OPENGL_DEPRECATED(10.0, 10.14);
      |             ^
/tmp/resinsight-p01-build/source/Fwk/AppFwk/cafVizExtensions/cafCategoryLegend.cpp:429:13: warning: 'glVertex3fv' is deprecated: first deprecated in macOS 10.14 - OpenGL API deprecated. (Define GL_SILENCE_DEPRECATION to silence these warnings) [-Wdeprecated-declarations]
  429 |             glVertex3fv( v3 );
      |             ^
/Applications/Xcode.app/Contents/Developer/Platforms/MacOSX.platform/Developer/SDKs/MacOSX.sdk/System/Library/Frameworks/OpenGL.framework/Headers/gl.h:2741:13: note: 'glVertex3fv' has been explicitly marked deprecated here
 2741 | extern void glVertex3fv (const GLfloat *v) OPENGL_DEPRECATED(10.0, 10.14);
      |             ^
/tmp/resinsight-p01-build/source/Fwk/AppFwk/cafVizExtensions/cafCategoryLegend.cpp:430:13: warning: 'glEnd' is deprecated: first deprecated in macOS 10.14 - OpenGL API deprecated. (Define GL_SILENCE_DEPRECATION to silence these warnings) [-Wdeprecated-declarations]
  430 |             glEnd();
      |             ^
/Applications/Xcode.app/Contents/Developer/Platforms/MacOSX.platform/Developer/SDKs/MacOSX.sdk/System/Library/Frameworks/OpenGL.framework/Headers/gl.h:2474:13: note: 'glEnd' has been explicitly marked deprecated here
 2474 | extern void glEnd (void) OPENGL_DEPRECATED(10.0, 10.14);
      |             ^
/tmp/resinsight-p01-build/source/Fwk/AppFwk/cafVizExtensions/cafCategoryLegend.cpp:445:9: warning: 'glColor3fv' is deprecated: first deprecated in macOS 10.14 - OpenGL API deprecated. (Define GL_SILENCE_DEPRECATION to silence these warnings) [-Wdeprecated-declarations]
  445 |         glColor3fv( this->textColor().ptr() );
      |         ^
/Applications/Xcode.app/Contents/Developer/Platforms/MacOSX.platform/Developer/SDKs/MacOSX.sdk/System/Library/Frameworks/OpenGL.framework/Headers/gl.h:2406:13: note: 'glColor3fv' has been explicitly marked deprecated here
 2406 | extern void glColor3fv (const GLfloat *v) OPENGL_DEPRECATED(10.0, 10.14);
      |             ^
/tmp/resinsight-p01-build/source/Fwk/AppFwk/cafVizExtensions/cafCategoryLegend.cpp:446:9: warning: 'glBegin' is deprecated: first deprecated in macOS 10.14 - OpenGL API deprecated. (Define GL_SILENCE_DEPRECATION to silence these warnings) [-Wdeprecated-declarations]
  446 |         glBegin( GL_LINES );
      |         ^
/Applications/Xcode.app/Contents/Developer/Platforms/MacOSX.platform/Developer/SDKs/MacOSX.sdk/System/Library/Frameworks/OpenGL.framework/Headers/gl.h:2385:13: note: 'glBegin' has been explicitly marked deprecated here
 2385 | extern void glBegin (GLenum mode) OPENGL_DEPRECATED(10.0, 10.14);
      |             ^
/tmp/resinsight-p01-build/source/Fwk/AppFwk/cafVizExtensions/cafCategoryLegend.cpp:447:9: warning: 'glVertex3fv' is deprecated: first deprecated in macOS 10.14 - OpenGL API deprecated. (Define GL_SILENCE_DEPRECATION to silence these warnings) [-Wdeprecated-declarations]
  447 |         glVertex3fv( v0 );
      |         ^
/Applications/Xcode.app/Contents/Developer/Platforms/MacOSX.platform/Developer/SDKs/MacOSX.sdk/System/Library/Frameworks/OpenGL.framework/Headers/gl.h:2741:13: note: 'glVertex3fv' has been explicitly marked deprecated here
 2741 | extern void glVertex3fv (const GLfloat *v) OPENGL_DEPRECATED(10.0, 10.14);
      |             ^
/tmp/resinsight-p01-build/source/Fwk/AppFwk/cafVizExtensions/cafCategoryLegend.cpp:448:9: warning: 'glVertex3fv' is deprecated: first deprecated in macOS 10.14 - OpenGL API deprecated. (Define GL_SILENCE_DEPRECATION to silence these warnings) [-Wdeprecated-declarations]
  448 |         glVertex3fv( v1 );
      |         ^
/Applications/Xcode.app/Contents/Developer/Platforms/MacOSX.platform/Developer/SDKs/MacOSX.sdk/System/Library/Frameworks/OpenGL.framework/Headers/gl.h:2741:13: note: 'glVertex3fv' has been explicitly marked deprecated here
 2741 | extern void glVertex3fv (const GLfloat *v) OPENGL_DEPRECATED(10.0, 10.14);
      |             ^
/tmp/resinsight-p01-build/source/Fwk/AppFwk/cafVizExtensions/cafCategoryLegend.cpp:449:9: warning: 'glVertex3fv' is deprecated: first deprecated in macOS 10.14 - OpenGL API deprecated. (Define GL_SILENCE_DEPRECATION to silence these warnings) [-Wdeprecated-declarations]
  449 |         glVertex3fv( v1 );
      |         ^
/Applications/Xcode.app/Contents/Developer/Platforms/MacOSX.platform/Developer/SDKs/MacOSX.sdk/System/Library/Frameworks/OpenGL.framework/Headers/gl.h:2741:13: note: 'glVertex3fv' has been explicitly marked deprecated here
 2741 | extern void glVertex3fv (const GLfloat *v) OPENGL_DEPRECATED(10.0, 10.14);
      |             ^
/tmp/resinsight-p01-build/source/Fwk/AppFwk/cafVizExtensions/cafCategoryLegend.cpp:450:9: warning: 'glVertex3fv' is deprecated: first deprecated in macOS 10.14 - OpenGL API deprecated. (Define GL_SILENCE_DEPRECATION to silence these warnings) [-Wdeprecated-declarations]
  450 |         glVertex3fv( v3 );
      |         ^
/Applications/Xcode.app/Contents/Developer/Platforms/MacOSX.platform/Developer/SDKs/MacOSX.sdk/System/Library/Frameworks/OpenGL.framework/Headers/gl.h:2741:13: note: 'glVertex3fv' has been explicitly marked deprecated here
 2741 | extern void glVertex3fv (const GLfloat *v) OPENGL_DEPRECATED(10.0, 10.14);
      |             ^
/tmp/resinsight-p01-build/source/Fwk/AppFwk/cafVizExtensions/cafCategoryLegend.cpp:451:9: warning: 'glVertex3fv' is deprecated: first deprecated in macOS 10.14 - OpenGL API deprecated. (Define GL_SILENCE_DEPRECATION to silence these warnings) [-Wdeprecated-declarations]
  451 |         glVertex3fv( v3 );
      |         ^
/Applications/Xcode.app/Contents/Developer/Platforms/MacOSX.platform/Developer/SDKs/MacOSX.sdk/System/Library/Frameworks/OpenGL.framework/Headers/gl.h:2741:13: note: 'glVertex3fv' has been explicitly marked deprecated here
 2741 | extern void glVertex3fv (const GLfloat *v) OPENGL_DEPRECATED(10.0, 10.14);
      |             ^
/tmp/resinsight-p01-build/source/Fwk/AppFwk/cafVizExtensions/cafCategoryLegend.cpp:452:9: warning: 'glVertex3fv' is deprecated: first deprecated in macOS 10.14 - OpenGL API deprecated. (Define GL_SILENCE_DEPRECATION to silence these warnings) [-Wdeprecated-declarations]
  452 |         glVertex3fv( v2 );
      |         ^
/Applications/Xcode.app/Contents/Developer/Platforms/MacOSX.platform/Developer/SDKs/MacOSX.sdk/System/Library/Frameworks/OpenGL.framework/Headers/gl.h:2741:13: note: 'glVertex3fv' has been explicitly marked deprecated here
 2741 | extern void glVertex3fv (const GLfloat *v) OPENGL_DEPRECATED(10.0, 10.14);
      |             ^
/tmp/resinsight-p01-build/source/Fwk/AppFwk/cafVizExtensions/cafCategoryLegend.cpp:453:9: warning: 'glVertex3fv' is deprecated: first deprecated in macOS 10.14 - OpenGL API deprecated. (Define GL_SILENCE_DEPRECATION to silence these warnings) [-Wdeprecated-declarations]
  453 |         glVertex3fv( v2 );
      |         ^
/Applications/Xcode.app/Contents/Developer/Platforms/MacOSX.platform/Developer/SDKs/MacOSX.sdk/System/Library/Frameworks/OpenGL.framework/Headers/gl.h:2741:13: note: 'glVertex3fv' has been explicitly marked deprecated here
 2741 | extern void glVertex3fv (const GLfloat *v) OPENGL_DEPRECATED(10.0, 10.14);
      |             ^
/tmp/resinsight-p01-build/source/Fwk/AppFwk/cafVizExtensions/cafCategoryLegend.cpp:454:9: warning: 'glVertex3fv' is deprecated: first deprecated in macOS 10.14 - OpenGL API deprecated. (Define GL_SILENCE_DEPRECATION to silence these warnings) [-Wdeprecated-declarations]
  454 |         glVertex3fv( v0 );
      |         ^
/Applications/Xcode.app/Contents/Developer/Platforms/MacOSX.platform/Developer/SDKs/MacOSX.sdk/System/Library/Frameworks/OpenGL.framework/Headers/gl.h:2741:13: note: 'glVertex3fv' has been explicitly marked deprecated here
 2741 | extern void glVertex3fv (const GLfloat *v) OPENGL_DEPRECATED(10.0, 10.14);
      |             ^
/tmp/resinsight-p01-build/source/Fwk/AppFwk/cafVizExtensions/cafCategoryLegend.cpp:455:9: warning: 'glEnd' is deprecated: first deprecated in macOS 10.14 - OpenGL API deprecated. (Define GL_SILENCE_DEPRECATION to silence these warnings) [-Wdeprecated-declarations]
  455 |         glEnd();
      |         ^
/Applications/Xcode.app/Contents/Developer/Platforms/MacOSX.platform/Developer/SDKs/MacOSX.sdk/System/Library/Frameworks/OpenGL.framework/Headers/gl.h:2474:13: note: 'glEnd' has been explicitly marked deprecated here
 2474 | extern void glEnd (void) OPENGL_DEPRECATED(10.0, 10.14);
      |             ^
18 warnings generated.
[1194/3503] Building CXX object Fwk/AppFwk/cafVizExtensions/CMakeFiles/cafVizExtensions.dir/cafOverlayScalarMapperLegend.cpp.o
/tmp/resinsight-p01-build/source/Fwk/AppFwk/cafVizExtensions/cafOverlayScalarMapperLegend.cpp:529:13: warning: 'glColor3ubv' is deprecated: first deprecated in macOS 10.14 - OpenGL API deprecated. (Define GL_SILENCE_DEPRECATION to silence these warnings) [-Wdeprecated-declarations]
  529 |             glColor3ubv( clr.ptr() );
      |             ^
/Applications/Xcode.app/Contents/Developer/Platforms/MacOSX.platform/Developer/SDKs/MacOSX.sdk/System/Library/Frameworks/OpenGL.framework/Headers/gl.h:2412:13: note: 'glColor3ubv' has been explicitly marked deprecated here
 2412 | extern void glColor3ubv (const GLubyte *v) OPENGL_DEPRECATED(10.0, 10.14);
      |             ^
/tmp/resinsight-p01-build/source/Fwk/AppFwk/cafVizExtensions/cafOverlayScalarMapperLegend.cpp:530:13: warning: 'glBegin' is deprecated: first deprecated in macOS 10.14 - OpenGL API deprecated. (Define GL_SILENCE_DEPRECATION to silence these warnings) [-Wdeprecated-declarations]
  530 |             glBegin( GL_TRIANGLE_FAN );
      |             ^
/Applications/Xcode.app/Contents/Developer/Platforms/MacOSX.platform/Developer/SDKs/MacOSX.sdk/System/Library/Frameworks/OpenGL.framework/Headers/gl.h:2385:13: note: 'glBegin' has been explicitly marked deprecated here
 2385 | extern void glBegin (GLenum mode) OPENGL_DEPRECATED(10.0, 10.14);
      |             ^
/tmp/resinsight-p01-build/source/Fwk/AppFwk/cafVizExtensions/cafOverlayScalarMapperLegend.cpp:531:13: warning: 'glVertex3fv' is deprecated: first deprecated in macOS 10.14 - OpenGL API deprecated. (Define GL_SILENCE_DEPRECATION to silence these warnings) [-Wdeprecated-declarations]
  531 |             glVertex3fv( v0 );
      |             ^
/Applications/Xcode.app/Contents/Developer/Platforms/MacOSX.platform/Developer/SDKs/MacOSX.sdk/System/Library/Frameworks/OpenGL.framework/Headers/gl.h:2741:13: note: 'glVertex3fv' has been explicitly marked deprecated here
 2741 | extern void glVertex3fv (const GLfloat *v) OPENGL_DEPRECATED(10.0, 10.14);
      |             ^
/tmp/resinsight-p01-build/source/Fwk/AppFwk/cafVizExtensions/cafOverlayScalarMapperLegend.cpp:532:13: warning: 'glVertex3fv' is deprecated: first deprecated in macOS 10.14 - OpenGL API deprecated. (Define GL_SILENCE_DEPRECATION to silence these warnings) [-Wdeprecated-declarations]
  532 |             glVertex3fv( v1 );
      |             ^
/Applications/Xcode.app/Contents/Developer/Platforms/MacOSX.platform/Developer/SDKs/MacOSX.sdk/System/Library/Frameworks/OpenGL.framework/Headers/gl.h:2741:13: note: 'glVertex3fv' has been explicitly marked deprecated here
 2741 | extern void glVertex3fv (const GLfloat *v) OPENGL_DEPRECATED(10.0, 10.14);
      |             ^
/tmp/resinsight-p01-build/source/Fwk/AppFwk/cafVizExtensions/cafOverlayScalarMapperLegend.cpp:533:13: warning: 'glVertex3fv' is deprecated: first deprecated in macOS 10.14 - OpenGL API deprecated. (Define GL_SILENCE_DEPRECATION to silence these warnings) [-Wdeprecated-declarations]
  533 |             glVertex3fv( v4 );
      |             ^
/Applications/Xcode.app/Contents/Developer/Platforms/MacOSX.platform/Developer/SDKs/MacOSX.sdk/System/Library/Frameworks/OpenGL.framework/Headers/gl.h:2741:13: note: 'glVertex3fv' has been explicitly marked deprecated here
 2741 | extern void glVertex3fv (const GLfloat *v) OPENGL_DEPRECATED(10.0, 10.14);
      |             ^
/tmp/resinsight-p01-build/source/Fwk/AppFwk/cafVizExtensions/cafOverlayScalarMapperLegend.cpp:534:13: warning: 'glVertex3fv' is deprecated: first deprecated in macOS 10.14 - OpenGL API deprecated. (Define GL_SILENCE_DEPRECATION to silence these warnings) [-Wdeprecated-declarations]
  534 |             glVertex3fv( v3 );
      |             ^
/Applications/Xcode.app/Contents/Developer/Platforms/MacOSX.platform/Developer/SDKs/MacOSX.sdk/System/Library/Frameworks/OpenGL.framework/Headers/gl.h:2741:13: note: 'glVertex3fv' has been explicitly marked deprecated here
 2741 | extern void glVertex3fv (const GLfloat *v) OPENGL_DEPRECATED(10.0, 10.14);
      |             ^
/tmp/resinsight-p01-build/source/Fwk/AppFwk/cafVizExtensions/cafOverlayScalarMapperLegend.cpp:535:13: warning: 'glEnd' is deprecated: first deprecated in macOS 10.14 - OpenGL API deprecated. (Define GL_SILENCE_DEPRECATION to silence these warnings) [-Wdeprecated-declarations]
  535 |             glEnd();
      |             ^
/Applications/Xcode.app/Contents/Developer/Platforms/MacOSX.platform/Developer/SDKs/MacOSX.sdk/System/Library/Frameworks/OpenGL.framework/Headers/gl.h:2474:13: note: 'glEnd' has been explicitly marked deprecated here
 2474 | extern void glEnd (void) OPENGL_DEPRECATED(10.0, 10.14);
      |             ^
/tmp/resinsight-p01-build/source/Fwk/AppFwk/cafVizExtensions/cafOverlayScalarMapperLegend.cpp:550:9: warning: 'glColor3fv' is deprecated: first deprecated in macOS 10.14 - OpenGL API deprecated. (Define GL_SILENCE_DEPRECATION to silence these warnings) [-Wdeprecated-declarations]
  550 |         glColor3fv( this->textColor().ptr() );
      |         ^
/Applications/Xcode.app/Contents/Developer/Platforms/MacOSX.platform/Developer/SDKs/MacOSX.sdk/System/Library/Frameworks/OpenGL.framework/Headers/gl.h:2406:13: note: 'glColor3fv' has been explicitly marked deprecated here
 2406 | extern void glColor3fv (const GLfloat *v) OPENGL_DEPRECATED(10.0, 10.14);
      |             ^
/tmp/resinsight-p01-build/source/Fwk/AppFwk/cafVizExtensions/cafOverlayScalarMapperLegend.cpp:551:9: warning: 'glBegin' is deprecated: first deprecated in macOS 10.14 - OpenGL API deprecated. (Define GL_SILENCE_DEPRECATION to silence these warnings) [-Wdeprecated-declarations]
  551 |         glBegin( GL_LINES );
      |         ^
/Applications/Xcode.app/Contents/Developer/Platforms/MacOSX.platform/Developer/SDKs/MacOSX.sdk/System/Library/Frameworks/OpenGL.framework/Headers/gl.h:2385:13: note: 'glBegin' has been explicitly marked deprecated here
 2385 | extern void glBegin (GLenum mode) OPENGL_DEPRECATED(10.0, 10.14);
      |             ^
/tmp/resinsight-p01-build/source/Fwk/AppFwk/cafVizExtensions/cafOverlayScalarMapperLegend.cpp:552:9: warning: 'glVertex3fv' is deprecated: first deprecated in macOS 10.14 - OpenGL API deprecated. (Define GL_SILENCE_DEPRECATION to silence these warnings) [-Wdeprecated-declarations]
  552 |         glVertex3fv( v0 );
      |         ^
/Applications/Xcode.app/Contents/Developer/Platforms/MacOSX.platform/Developer/SDKs/MacOSX.sdk/System/Library/Frameworks/OpenGL.framework/Headers/gl.h:2741:13: note: 'glVertex3fv' has been explicitly marked deprecated here
 2741 | extern void glVertex3fv (const GLfloat *v) OPENGL_DEPRECATED(10.0, 10.14);
      |             ^
/tmp/resinsight-p01-build/source/Fwk/AppFwk/cafVizExtensions/cafOverlayScalarMapperLegend.cpp:553:9: warning: 'glVertex3fv' is deprecated: first deprecated in macOS 10.14 - OpenGL API deprecated. (Define GL_SILENCE_DEPRECATION to silence these warnings) [-Wdeprecated-declarations]
  553 |         glVertex3fv( v1 );
      |         ^
/Applications/Xcode.app/Contents/Developer/Platforms/MacOSX.platform/Developer/SDKs/MacOSX.sdk/System/Library/Frameworks/OpenGL.framework/Headers/gl.h:2741:13: note: 'glVertex3fv' has been explicitly marked deprecated here
 2741 | extern void glVertex3fv (const GLfloat *v) OPENGL_DEPRECATED(10.0, 10.14);
      |             ^
/tmp/resinsight-p01-build/source/Fwk/AppFwk/cafVizExtensions/cafOverlayScalarMapperLegend.cpp:554:9: warning: 'glVertex3fv' is deprecated: first deprecated in macOS 10.14 - OpenGL API deprecated. (Define GL_SILENCE_DEPRECATION to silence these warnings) [-Wdeprecated-declarations]
  554 |         glVertex3fv( v1 );
      |         ^
/Applications/Xcode.app/Contents/Developer/Platforms/MacOSX.platform/Developer/SDKs/MacOSX.sdk/System/Library/Frameworks/OpenGL.framework/Headers/gl.h:2741:13: note: 'glVertex3fv' has been explicitly marked deprecated here
 2741 | extern void glVertex3fv (const GLfloat *v) OPENGL_DEPRECATED(10.0, 10.14);
      |             ^
/tmp/resinsight-p01-build/source/Fwk/AppFwk/cafVizExtensions/cafOverlayScalarMapperLegend.cpp:555:9: warning: 'glVertex3fv' is deprecated: first deprecated in macOS 10.14 - OpenGL API deprecated. (Define GL_SILENCE_DEPRECATION to silence these warnings) [-Wdeprecated-declarations]
  555 |         glVertex3fv( v3 );
      |         ^
/Applications/Xcode.app/Contents/Developer/Platforms/MacOSX.platform/Developer/SDKs/MacOSX.sdk/System/Library/Frameworks/OpenGL.framework/Headers/gl.h:2741:13: note: 'glVertex3fv' has been explicitly marked deprecated here
 2741 | extern void glVertex3fv (const GLfloat *v) OPENGL_DEPRECATED(10.0, 10.14);
      |             ^
/tmp/resinsight-p01-build/source/Fwk/AppFwk/cafVizExtensions/cafOverlayScalarMapperLegend.cpp:556:9: warning: 'glVertex3fv' is deprecated: first deprecated in macOS 10.14 - OpenGL API deprecated. (Define GL_SILENCE_DEPRECATION to silence these warnings) [-Wdeprecated-declarations]
  556 |         glVertex3fv( v3 );
      |         ^
/Applications/Xcode.app/Contents/Developer/Platforms/MacOSX.platform/Developer/SDKs/MacOSX.sdk/System/Library/Frameworks/OpenGL.framework/Headers/gl.h:2741:13: note: 'glVertex3fv' has been explicitly marked deprecated here
 2741 | extern void glVertex3fv (const GLfloat *v) OPENGL_DEPRECATED(10.0, 10.14);
      |             ^
/tmp/resinsight-p01-build/source/Fwk/AppFwk/cafVizExtensions/cafOverlayScalarMapperLegend.cpp:557:9: warning: 'glVertex3fv' is deprecated: first deprecated in macOS 10.14 - OpenGL API deprecated. (Define GL_SILENCE_DEPRECATION to silence these warnings) [-Wdeprecated-declarations]
  557 |         glVertex3fv( v2 );
      |         ^
/Applications/Xcode.app/Contents/Developer/Platforms/MacOSX.platform/Developer/SDKs/MacOSX.sdk/System/Library/Frameworks/OpenGL.framework/Headers/gl.h:2741:13: note: 'glVertex3fv' has been explicitly marked deprecated here
 2741 | extern void glVertex3fv (const GLfloat *v) OPENGL_DEPRECATED(10.0, 10.14);
      |             ^
/tmp/resinsight-p01-build/source/Fwk/AppFwk/cafVizExtensions/cafOverlayScalarMapperLegend.cpp:558:9: warning: 'glVertex3fv' is deprecated: first deprecated in macOS 10.14 - OpenGL API deprecated. (Define GL_SILENCE_DEPRECATION to silence these warnings) [-Wdeprecated-declarations]
  558 |         glVertex3fv( v2 );
      |         ^
/Applications/Xcode.app/Contents/Developer/Platforms/MacOSX.platform/Developer/SDKs/MacOSX.sdk/System/Library/Frameworks/OpenGL.framework/Headers/gl.h:2741:13: note: 'glVertex3fv' has been explicitly marked deprecated here
 2741 | extern void glVertex3fv (const GLfloat *v) OPENGL_DEPRECATED(10.0, 10.14);
      |             ^
/tmp/resinsight-p01-build/source/Fwk/AppFwk/cafVizExtensions/cafOverlayScalarMapperLegend.cpp:559:9: warning: 'glVertex3fv' is deprecated: first deprecated in macOS 10.14 - OpenGL API deprecated. (Define GL_SILENCE_DEPRECATION to silence these warnings) [-Wdeprecated-declarations]
  559 |         glVertex3fv( v0 );
      |         ^
/Applications/Xcode.app/Contents/Developer/Platforms/MacOSX.platform/Developer/SDKs/MacOSX.sdk/System/Library/Frameworks/OpenGL.framework/Headers/gl.h:2741:13: note: 'glVertex3fv' has been explicitly marked deprecated here
 2741 | extern void glVertex3fv (const GLfloat *v) OPENGL_DEPRECATED(10.0, 10.14);
      |             ^
/tmp/resinsight-p01-build/source/Fwk/AppFwk/cafVizExtensions/cafOverlayScalarMapperLegend.cpp:560:9: warning: 'glEnd' is deprecated: first deprecated in macOS 10.14 - OpenGL API deprecated. (Define GL_SILENCE_DEPRECATION to silence these warnings) [-Wdeprecated-declarations]
  560 |         glEnd();
      |         ^
/Applications/Xcode.app/Contents/Developer/Platforms/MacOSX.platform/Developer/SDKs/MacOSX.sdk/System/Library/Frameworks/OpenGL.framework/Headers/gl.h:2474:13: note: 'glEnd' has been explicitly marked deprecated here
 2474 | extern void glEnd (void) OPENGL_DEPRECATED(10.0, 10.14);
      |             ^
/tmp/resinsight-p01-build/source/Fwk/AppFwk/cafVizExtensions/cafOverlayScalarMapperLegend.cpp:583:13: warning: 'glColor3fv' is deprecated: first deprecated in macOS 10.14 - OpenGL API deprecated. (Define GL_SILENCE_DEPRECATION to silence these warnings) [-Wdeprecated-declarations]
  583 |             glColor3fv( this->textColor().ptr() );
      |             ^
/Applications/Xcode.app/Contents/Developer/Platforms/MacOSX.platform/Developer/SDKs/MacOSX.sdk/System/Library/Frameworks/OpenGL.framework/Headers/gl.h:2406:13: note: 'glColor3fv' has been explicitly marked deprecated here
 2406 | extern void glColor3fv (const GLfloat *v) OPENGL_DEPRECATED(10.0, 10.14);
      |             ^
/tmp/resinsight-p01-build/source/Fwk/AppFwk/cafVizExtensions/cafOverlayScalarMapperLegend.cpp:584:13: warning: 'glBegin' is deprecated: first deprecated in macOS 10.14 - OpenGL API deprecated. (Define GL_SILENCE_DEPRECATION to silence these warnings) [-Wdeprecated-declarations]
  584 |             glBegin( GL_LINES );
      |             ^
/Applications/Xcode.app/Contents/Developer/Platforms/MacOSX.platform/Developer/SDKs/MacOSX.sdk/System/Library/Frameworks/OpenGL.framework/Headers/gl.h:2385:13: note: 'glBegin' has been explicitly marked deprecated here
 2385 | extern void glBegin (GLenum mode) OPENGL_DEPRECATED(10.0, 10.14);
      |             ^
/tmp/resinsight-p01-build/source/Fwk/AppFwk/cafVizExtensions/cafOverlayScalarMapperLegend.cpp:587:17: warning: 'glVertex3fv' is deprecated: first deprecated in macOS 10.14 - OpenGL API deprecated. (Define GL_SILENCE_DEPRECATION to silence these warnings) [-Wdeprecated-declarations]
  587 |                 glVertex3fv( v0 );
      |                 ^
/Applications/Xcode.app/Contents/Developer/Platforms/MacOSX.platform/Developer/SDKs/MacOSX.sdk/System/Library/Frameworks/OpenGL.framework/Headers/gl.h:2741:13: note: 'glVertex3fv' has been explicitly marked deprecated here
 2741 | extern void glVertex3fv (const GLfloat *v) OPENGL_DEPRECATED(10.0, 10.14);
      |             ^
/tmp/resinsight-p01-build/source/Fwk/AppFwk/cafVizExtensions/cafOverlayScalarMapperLegend.cpp:588:17: warning: 'glVertex3fv' is deprecated: first deprecated in macOS 10.14 - OpenGL API deprecated. (Define GL_SILENCE_DEPRECATION to silence these warnings) [-Wdeprecated-declarations]
  588 |                 glVertex3fv( v4 );
      |                 ^
/Applications/Xcode.app/Contents/Developer/Platforms/MacOSX.platform/Developer/SDKs/MacOSX.sdk/System/Library/Frameworks/OpenGL.framework/Headers/gl.h:2741:13: note: 'glVertex3fv' has been explicitly marked deprecated here
 2741 | extern void glVertex3fv (const GLfloat *v) OPENGL_DEPRECATED(10.0, 10.14);
      |             ^
/tmp/resinsight-p01-build/source/Fwk/AppFwk/cafVizExtensions/cafOverlayScalarMapperLegend.cpp:592:17: warning: 'glVertex3fv' is deprecated: first deprecated in macOS 10.14 - OpenGL API deprecated. (Define GL_SILENCE_DEPRECATION to silence these warnings) [-Wdeprecated-declarations]
  592 |                 glVertex3fv( v2 );
      |                 ^
/Applications/Xcode.app/Contents/Developer/Platforms/MacOSX.platform/Developer/SDKs/MacOSX.sdk/System/Library/Frameworks/OpenGL.framework/Headers/gl.h:2741:13: note: 'glVertex3fv' has been explicitly marked deprecated here
 2741 | extern void glVertex3fv (const GLfloat *v) OPENGL_DEPRECATED(10.0, 10.14);
      |             ^
/tmp/resinsight-p01-build/source/Fwk/AppFwk/cafVizExtensions/cafOverlayScalarMapperLegend.cpp:593:17: warning: 'glVertex3fv' is deprecated: first deprecated in macOS 10.14 - OpenGL API deprecated. (Define GL_SILENCE_DEPRECATION to silence these warnings) [-Wdeprecated-declarations]
  593 |                 glVertex3fv( v3 );
      |                 ^
/Applications/Xcode.app/Contents/Developer/Platforms/MacOSX.platform/Developer/SDKs/MacOSX.sdk/System/Library/Frameworks/OpenGL.framework/Headers/gl.h:2741:13: note: 'glVertex3fv' has been explicitly marked deprecated here
 2741 | extern void glVertex3fv (const GLfloat *v) OPENGL_DEPRECATED(10.0, 10.14);
      |             ^
/tmp/resinsight-p01-build/source/Fwk/AppFwk/cafVizExtensions/cafOverlayScalarMapperLegend.cpp:595:13: warning: 'glEnd' is deprecated: first deprecated in macOS 10.14 - OpenGL API deprecated. (Define GL_SILENCE_DEPRECATION to silence these warnings) [-Wdeprecated-declarations]
  595 |             glEnd();
      |             ^
/Applications/Xcode.app/Contents/Developer/Platforms/MacOSX.platform/Developer/SDKs/MacOSX.sdk/System/Library/Frameworks/OpenGL.framework/Headers/gl.h:2474:13: note: 'glEnd' has been explicitly marked deprecated here
 2474 | extern void glEnd (void) OPENGL_DEPRECATED(10.0, 10.14);
      |             ^
25 warnings generated.
[1195/3503] Building CXX object Fwk/AppFwk/cafVizExtensions/CMakeFiles/cafVizExtensions.dir/cafOverlayScaleLegend.cpp.o
[1196/3503] Building CXX object Fwk/AppFwk/cafVizExtensions/CMakeFiles/cafVizExtensions.dir/cafInternalLegendRenderTools.cpp.o
/tmp/resinsight-p01-build/source/Fwk/AppFwk/cafVizExtensions/cafInternalLegendRenderTools.cpp:161:5: warning: 'glColor4fv' is deprecated: first deprecated in macOS 10.14 - OpenGL API deprecated. (Define GL_SILENCE_DEPRECATION to silence these warnings) [-Wdeprecated-declarations]
  161 |     glColor4fv( backgroundColor.ptr() );
      |     ^
/Applications/Xcode.app/Contents/Developer/Platforms/MacOSX.platform/Developer/SDKs/MacOSX.sdk/System/Library/Frameworks/OpenGL.framework/Headers/gl.h:2422:13: note: 'glColor4fv' has been explicitly marked deprecated here
 2422 | extern void glColor4fv (const GLfloat *v) OPENGL_DEPRECATED(10.0, 10.14);
      |             ^
/tmp/resinsight-p01-build/source/Fwk/AppFwk/cafVizExtensions/cafInternalLegendRenderTools.cpp:162:5: warning: 'glBegin' is deprecated: first deprecated in macOS 10.14 - OpenGL API deprecated. (Define GL_SILENCE_DEPRECATION to silence these warnings) [-Wdeprecated-declarations]
  162 |     glBegin( GL_TRIANGLE_FAN );
      |     ^
/Applications/Xcode.app/Contents/Developer/Platforms/MacOSX.platform/Developer/SDKs/MacOSX.sdk/System/Library/Frameworks/OpenGL.framework/Headers/gl.h:2385:13: note: 'glBegin' has been explicitly marked deprecated here
 2385 | extern void glBegin (GLenum mode) OPENGL_DEPRECATED(10.0, 10.14);
      |             ^
/tmp/resinsight-p01-build/source/Fwk/AppFwk/cafVizExtensions/cafInternalLegendRenderTools.cpp:163:5: warning: 'glVertex3fv' is deprecated: first deprecated in macOS 10.14 - OpenGL API deprecated. (Define GL_SILENCE_DEPRECATION to silence these warnings) [-Wdeprecated-declarations]
  163 |     glVertex3fv( vertexArray[0].ptr() );
      |     ^
/Applications/Xcode.app/Contents/Developer/Platforms/MacOSX.platform/Developer/SDKs/MacOSX.sdk/System/Library/Frameworks/OpenGL.framework/Headers/gl.h:2741:13: note: 'glVertex3fv' has been explicitly marked deprecated here
 2741 | extern void glVertex3fv (const GLfloat *v) OPENGL_DEPRECATED(10.0, 10.14);
      |             ^
/tmp/resinsight-p01-build/source/Fwk/AppFwk/cafVizExtensions/cafInternalLegendRenderTools.cpp:164:5: warning: 'glVertex3fv' is deprecated: first deprecated in macOS 10.14 - OpenGL API deprecated. (Define GL_SILENCE_DEPRECATION to silence these warnings) [-Wdeprecated-declarations]
  164 |     glVertex3fv( vertexArray[1].ptr() );
      |     ^
/Applications/Xcode.app/Contents/Developer/Platforms/MacOSX.platform/Developer/SDKs/MacOSX.sdk/System/Library/Frameworks/OpenGL.framework/Headers/gl.h:2741:13: note: 'glVertex3fv' has been explicitly marked deprecated here
 2741 | extern void glVertex3fv (const GLfloat *v) OPENGL_DEPRECATED(10.0, 10.14);
      |             ^
/tmp/resinsight-p01-build/source/Fwk/AppFwk/cafVizExtensions/cafInternalLegendRenderTools.cpp:165:5: warning: 'glVertex3fv' is deprecated: first deprecated in macOS 10.14 - OpenGL API deprecated. (Define GL_SILENCE_DEPRECATION to silence these warnings) [-Wdeprecated-declarations]
  165 |     glVertex3fv( vertexArray[2].ptr() );
      |     ^
/Applications/Xcode.app/Contents/Developer/Platforms/MacOSX.platform/Developer/SDKs/MacOSX.sdk/System/Library/Frameworks/OpenGL.framework/Headers/gl.h:2741:13: note: 'glVertex3fv' has been explicitly marked deprecated here
 2741 | extern void glVertex3fv (const GLfloat *v) OPENGL_DEPRECATED(10.0, 10.14);
      |             ^
/tmp/resinsight-p01-build/source/Fwk/AppFwk/cafVizExtensions/cafInternalLegendRenderTools.cpp:166:5: warning: 'glVertex3fv' is deprecated: first deprecated in macOS 10.14 - OpenGL API deprecated. (Define GL_SILENCE_DEPRECATION to silence these warnings) [-Wdeprecated-declarations]
  166 |     glVertex3fv( vertexArray[3].ptr() );
      |     ^
/Applications/Xcode.app/Contents/Developer/Platforms/MacOSX.platform/Developer/SDKs/MacOSX.sdk/System/Library/Frameworks/OpenGL.framework/Headers/gl.h:2741:13: note: 'glVertex3fv' has been explicitly marked deprecated here
 2741 | extern void glVertex3fv (const GLfloat *v) OPENGL_DEPRECATED(10.0, 10.14);
      |             ^
/tmp/resinsight-p01-build/source/Fwk/AppFwk/cafVizExtensions/cafInternalLegendRenderTools.cpp:167:5: warning: 'glEnd' is deprecated: first deprecated in macOS 10.14 - OpenGL API deprecated. (Define GL_SILENCE_DEPRECATION to silence these warnings) [-Wdeprecated-declarations]
  167 |     glEnd();
      |     ^
/Applications/Xcode.app/Contents/Developer/Platforms/MacOSX.platform/Developer/SDKs/MacOSX.sdk/System/Library/Frameworks/OpenGL.framework/Headers/gl.h:2474:13: note: 'glEnd' has been explicitly marked deprecated here
 2474 | extern void glEnd (void) OPENGL_DEPRECATED(10.0, 10.14);
      |             ^
/tmp/resinsight-p01-build/source/Fwk/AppFwk/cafVizExtensions/cafInternalLegendRenderTools.cpp:172:9: warning: 'glColor4fv' is deprecated: first deprecated in macOS 10.14 - OpenGL API deprecated. (Define GL_SILENCE_DEPRECATION to silence these warnings) [-Wdeprecated-declarations]
  172 |         glColor4fv( backgroundFrameColor.ptr() );
      |         ^
/Applications/Xcode.app/Contents/Developer/Platforms/MacOSX.platform/Developer/SDKs/MacOSX.sdk/System/Library/Frameworks/OpenGL.framework/Headers/gl.h:2422:13: note: 'glColor4fv' has been explicitly marked deprecated here
 2422 | extern void glColor4fv (const GLfloat *v) OPENGL_DEPRECATED(10.0, 10.14);
      |             ^
/tmp/resinsight-p01-build/source/Fwk/AppFwk/cafVizExtensions/cafInternalLegendRenderTools.cpp:173:9: warning: 'glBegin' is deprecated: first deprecated in macOS 10.14 - OpenGL API deprecated. (Define GL_SILENCE_DEPRECATION to silence these warnings) [-Wdeprecated-declarations]
  173 |         glBegin( GL_LINES );
      |         ^
/Applications/Xcode.app/Contents/Developer/Platforms/MacOSX.platform/Developer/SDKs/MacOSX.sdk/System/Library/Frameworks/OpenGL.framework/Headers/gl.h:2385:13: note: 'glBegin' has been explicitly marked deprecated here
 2385 | extern void glBegin (GLenum mode) OPENGL_DEPRECATED(10.0, 10.14);
      |             ^
/tmp/resinsight-p01-build/source/Fwk/AppFwk/cafVizExtensions/cafInternalLegendRenderTools.cpp:174:9: warning: 'glVertex3fv' is deprecated: first deprecated in macOS 10.14 - OpenGL API deprecated. (Define GL_SILENCE_DEPRECATION to silence these warnings) [-Wdeprecated-declarations]
  174 |         glVertex3fv( vertexArray[0].ptr() );
      |         ^
/Applications/Xcode.app/Contents/Developer/Platforms/MacOSX.platform/Developer/SDKs/MacOSX.sdk/System/Library/Frameworks/OpenGL.framework/Headers/gl.h:2741:13: note: 'glVertex3fv' has been explicitly marked deprecated here
 2741 | extern void glVertex3fv (const GLfloat *v) OPENGL_DEPRECATED(10.0, 10.14);
      |             ^
/tmp/resinsight-p01-build/source/Fwk/AppFwk/cafVizExtensions/cafInternalLegendRenderTools.cpp:175:9: warning: 'glVertex3fv' is deprecated: first deprecated in macOS 10.14 - OpenGL API deprecated. (Define GL_SILENCE_DEPRECATION to silence these warnings) [-Wdeprecated-declarations]
  175 |         glVertex3fv( vertexArray[1].ptr() );
      |         ^
/Applications/Xcode.app/Contents/Developer/Platforms/MacOSX.platform/Developer/SDKs/MacOSX.sdk/System/Library/Frameworks/OpenGL.framework/Headers/gl.h:2741:13: note: 'glVertex3fv' has been explicitly marked deprecated here
 2741 | extern void glVertex3fv (const GLfloat *v) OPENGL_DEPRECATED(10.0, 10.14);
      |             ^
/tmp/resinsight-p01-build/source/Fwk/AppFwk/cafVizExtensions/cafInternalLegendRenderTools.cpp:176:9: warning: 'glVertex3fv' is deprecated: first deprecated in macOS 10.14 - OpenGL API deprecated. (Define GL_SILENCE_DEPRECATION to silence these warnings) [-Wdeprecated-declarations]
  176 |         glVertex3fv( vertexArray[1].ptr() );
      |         ^
/Applications/Xcode.app/Contents/Developer/Platforms/MacOSX.platform/Developer/SDKs/MacOSX.sdk/System/Library/Frameworks/OpenGL.framework/Headers/gl.h:2741:13: note: 'glVertex3fv' has been explicitly marked deprecated here
 2741 | extern void glVertex3fv (const GLfloat *v) OPENGL_DEPRECATED(10.0, 10.14);
      |             ^
/tmp/resinsight-p01-build/source/Fwk/AppFwk/cafVizExtensions/cafInternalLegendRenderTools.cpp:177:9: warning: 'glVertex3fv' is deprecated: first deprecated in macOS 10.14 - OpenGL API deprecated. (Define GL_SILENCE_DEPRECATION to silence these warnings) [-Wdeprecated-declarations]
  177 |         glVertex3fv( vertexArray[2].ptr() );
      |         ^
/Applications/Xcode.app/Contents/Developer/Platforms/MacOSX.platform/Developer/SDKs/MacOSX.sdk/System/Library/Frameworks/OpenGL.framework/Headers/gl.h:2741:13: note: 'glVertex3fv' has been explicitly marked deprecated here
 2741 | extern void glVertex3fv (const GLfloat *v) OPENGL_DEPRECATED(10.0, 10.14);
      |             ^
/tmp/resinsight-p01-build/source/Fwk/AppFwk/cafVizExtensions/cafInternalLegendRenderTools.cpp:178:9: warning: 'glVertex3fv' is deprecated: first deprecated in macOS 10.14 - OpenGL API deprecated. (Define GL_SILENCE_DEPRECATION to silence these warnings) [-Wdeprecated-declarations]
  178 |         glVertex3fv( vertexArray[2].ptr() );
      |         ^
/Applications/Xcode.app/Contents/Developer/Platforms/MacOSX.platform/Developer/SDKs/MacOSX.sdk/System/Library/Frameworks/OpenGL.framework/Headers/gl.h:2741:13: note: 'glVertex3fv' has been explicitly marked deprecated here
 2741 | extern void glVertex3fv (const GLfloat *v) OPENGL_DEPRECATED(10.0, 10.14);
      |             ^
/tmp/resinsight-p01-build/source/Fwk/AppFwk/cafVizExtensions/cafInternalLegendRenderTools.cpp:179:9: warning: 'glVertex3fv' is deprecated: first deprecated in macOS 10.14 - OpenGL API deprecated. (Define GL_SILENCE_DEPRECATION to silence these warnings) [-Wdeprecated-declarations]
  179 |         glVertex3fv( vertexArray[3].ptr() );
      |         ^
/Applications/Xcode.app/Contents/Developer/Platforms/MacOSX.platform/Developer/SDKs/MacOSX.sdk/System/Library/Frameworks/OpenGL.framework/Headers/gl.h:2741:13: note: 'glVertex3fv' has been explicitly marked deprecated here
 2741 | extern void glVertex3fv (const GLfloat *v) OPENGL_DEPRECATED(10.0, 10.14);
      |             ^
/tmp/resinsight-p01-build/source/Fwk/AppFwk/cafVizExtensions/cafInternalLegendRenderTools.cpp:180:9: warning: 'glVertex3fv' is deprecated: first deprecated in macOS 10.14 - OpenGL API deprecated. (Define GL_SILENCE_DEPRECATION to silence these warnings) [-Wdeprecated-declarations]
  180 |         glVertex3fv( vertexArray[3].ptr() );
      |         ^
/Applications/Xcode.app/Contents/Developer/Platforms/MacOSX.platform/Developer/SDKs/MacOSX.sdk/System/Library/Frameworks/OpenGL.framework/Headers/gl.h:2741:13: note: 'glVertex3fv' has been explicitly marked deprecated here
 2741 | extern void glVertex3fv (const GLfloat *v) OPENGL_DEPRECATED(10.0, 10.14);
      |             ^
/tmp/resinsight-p01-build/source/Fwk/AppFwk/cafVizExtensions/cafInternalLegendRenderTools.cpp:181:9: warning: 'glVertex3fv' is deprecated: first deprecated in macOS 10.14 - OpenGL API deprecated. (Define GL_SILENCE_DEPRECATION to silence these warnings) [-Wdeprecated-declarations]
  181 |         glVertex3fv( vertexArray[0].ptr() );
      |         ^
/Applications/Xcode.app/Contents/Developer/Platforms/MacOSX.platform/Developer/SDKs/MacOSX.sdk/System/Library/Frameworks/OpenGL.framework/Headers/gl.h:2741:13: note: 'glVertex3fv' has been explicitly marked deprecated here
 2741 | extern void glVertex3fv (const GLfloat *v) OPENGL_DEPRECATED(10.0, 10.14);
      |             ^
/tmp/resinsight-p01-build/source/Fwk/AppFwk/cafVizExtensions/cafInternalLegendRenderTools.cpp:182:9: warning: 'glEnd' is deprecated: first deprecated in macOS 10.14 - OpenGL API deprecated. (Define GL_SILENCE_DEPRECATION to silence these warnings) [-Wdeprecated-declarations]
  182 |         glEnd();
      |         ^
/Applications/Xcode.app/Contents/Developer/Platforms/MacOSX.platform/Developer/SDKs/MacOSX.sdk/System/Library/Frameworks/OpenGL.framework/Headers/gl.h:2474:13: note: 'glEnd' has been explicitly marked deprecated here
 2474 | extern void glEnd (void) OPENGL_DEPRECATED(10.0, 10.14);
      |             ^
18 warnings generated.
[1197/3503] Building CXX object Fwk/AppFwk/cafVizExtensions/CMakeFiles/cafVizExtensions.dir/cafCategoryMapper.cpp.o
[1198/3503] Building CXX object Fwk/AppFwk/cafVizExtensions/CMakeFiles/cafVizExtensions.dir/cafFixedAtlasFont.cpp.o
[1199/3503] Building CXX object Fwk/AppFwk/cafVizExtensions/CMakeFiles/cafVizExtensions.dir/cafHexGridIntersectionTools/cafHexGridIntersectionTools.cpp.o
[1200/3503] Automatic MOC and UIC for target cafCommandFeatures
[1201/3503] Building CXX object Fwk/AppFwk/cafTensor/CMakeFiles/cafTensor.dir/cafTensor_autogen/mocs_compilation.cpp.o
[1202/3503] Building CXX object Fwk/AppFwk/cafVizExtensions/CMakeFiles/cafVizExtensions.dir/cafTransparentWBRenderConfiguration.cpp.o
[1203/3503] Building CXX object ApplicationLibCode/ResultStatisticsCache/CMakeFiles/ResultStatisticsCache.dir/ResultStatisticsCache_autogen/mocs_compilation.cpp.o
[1204/3503] Building CXX object Fwk/AppFwk/cafTensor/CMakeFiles/cafTensor.dir/cafTensor3.cpp.o
[1205/3503] Building CXX object ApplicationLibCode/ResultStatisticsCache/CMakeFiles/ResultStatisticsCache.dir/RigStatisticsCalculator.cpp.o
[1206/3503] Building CXX object ApplicationLibCode/ResultStatisticsCache/CMakeFiles/ResultStatisticsCache.dir/RigStatisticsDataCache.cpp.o
[1207/3503] Building CXX object ApplicationLibCode/ResultStatisticsCache/CMakeFiles/ResultStatisticsCache.dir/RigStatisticsMath.cpp.o
[1208/3503] Building CXX object ApplicationLibCode/ResultStatisticsCache/CMakeFiles/ResultStatisticsCache.dir/RigStatisticsTools.cpp.o
[1209/3503] Linking CXX static library ThirdParty/custom-opm-flowdiagnostics/libcustom-opm-flowdiagnostics.a
[1210/3503] Linking CXX static library ThirdParty/custom-opm-flowdiag-app/libcustom-opm-flowdiag-app.a
[1211/3503] Linking CXX static library ThirdParty/NRLib/libNRLib.a
[1212/3503] Linking CXX static library ThirdParty/custom-opm-common/libcustom-opm-common.a
[1213/3503] Building CXX object ThirdParty/openzgy/CMakeFiles/openzgy.dir/open-zgy/native/src/exception.cpp.o
[1214/3503] Building CXX object ThirdParty/openzgy/CMakeFiles/openzgy.dir/open-zgy/native/src/iocontext.cpp.o
[1215/3503] Building CXX object ThirdParty/openzgy/CMakeFiles/openzgy.dir/open-zgy/native/src/api.cpp.o
[1216/3503] Building CXX object ThirdParty/openzgy/CMakeFiles/openzgy.dir/open-zgy/native/src/writerargs.cpp.o
[1217/3503] Building CXX object ThirdParty/openzgy/CMakeFiles/openzgy.dir/open-zgy/native/src/impl/compression.cpp.o
[1218/3503] Building CXX object ThirdParty/openzgy/CMakeFiles/openzgy.dir/open-zgy/native/src/impl/bulk.cpp.o
[1219/3503] Building CXX object ThirdParty/openzgy/CMakeFiles/openzgy.dir/open-zgy/native/src/impl/compress_null.cpp.o
[1220/3503] Building CXX object ThirdParty/openzgy/CMakeFiles/openzgy.dir/open-zgy/native/src/impl/cornerpoints.cpp.o
[1221/3503] Building CXX object ThirdParty/openzgy/CMakeFiles/openzgy.dir/open-zgy/native/src/impl/compress_zfp.cpp.o
[1222/3503] Building CXX object ThirdParty/openzgy/CMakeFiles/openzgy.dir/open-zgy/native/src/impl/environment.cpp.o
[1223/3503] Building CXX object ThirdParty/openzgy/CMakeFiles/openzgy.dir/open-zgy/native/src/impl/fancy_timers.cpp.o
[1224/3503] Building CXX object ThirdParty/openzgy/CMakeFiles/openzgy.dir/open-zgy/native/src/impl/databuffer.cpp.o
[1225/3503] Building CXX object ThirdParty/openzgy/CMakeFiles/openzgy.dir/open-zgy/native/src/impl/file.cpp.o
[1226/3503] Building CXX object ThirdParty/openzgy/CMakeFiles/openzgy.dir/open-zgy/native/src/impl/file_consolidate.cpp.o
[1227/3503] Building CXX object ThirdParty/openzgy/CMakeFiles/openzgy.dir/open-zgy/native/src/impl/file_native.cpp.o
[1228/3503] Building CXX object ThirdParty/openzgy/CMakeFiles/openzgy.dir/open-zgy/native/src/impl/file_local.cpp.o
[1229/3503] Building CXX object ThirdParty/openzgy/CMakeFiles/openzgy.dir/open-zgy/native/src/impl/file_parallelizer.cpp.o
[1230/3503] Building CXX object ThirdParty/openzgy/CMakeFiles/openzgy.dir/open-zgy/native/src/impl/file_performance.cpp.o
[1231/3503] Building CXX object ThirdParty/openzgy/CMakeFiles/openzgy.dir/open-zgy/native/src/impl/file_relay.cpp.o
[1232/3503] Building CXX object ThirdParty/openzgy/CMakeFiles/openzgy.dir/open-zgy/native/src/impl/file_sd.cpp.o
[1233/3503] Building CXX object ThirdParty/openzgy/CMakeFiles/openzgy.dir/open-zgy/native/src/impl/file_windows.cpp.o
[1234/3503] Building CXX object ThirdParty/openzgy/CMakeFiles/openzgy.dir/open-zgy/native/src/impl/file_smallcache.cpp.o
[1235/3503] Building CXX object ThirdParty/openzgy/CMakeFiles/openzgy.dir/open-zgy/native/src/impl/genlod.cpp.o
[1236/3503] Building CXX object ThirdParty/openzgy/CMakeFiles/openzgy.dir/open-zgy/native/src/impl/guid.cpp.o
[1237/3503] Building CXX object ThirdParty/openzgy/CMakeFiles/openzgy.dir/open-zgy/native/src/impl/histogrambuilder.cpp.o
[1238/3503] Building CXX object ThirdParty/openzgy/CMakeFiles/openzgy.dir/open-zgy/native/src/impl/iltf2d.cpp.o
[1239/3503] Building CXX object ThirdParty/openzgy/CMakeFiles/openzgy.dir/open-zgy/native/src/impl/histogramdata.cpp.o
[1240/3503] Building CXX object ThirdParty/openzgy/CMakeFiles/openzgy.dir/open-zgy/native/src/impl/locker.cpp.o
[1241/3503] Building CXX object ThirdParty/openzgy/CMakeFiles/openzgy.dir/open-zgy/native/src/impl/lodfilters.cpp.o
[1242/3503] Building CXX object ThirdParty/openzgy/CMakeFiles/openzgy.dir/open-zgy/native/src/impl/lodsampling.cpp.o
[1243/3503] Building CXX object ThirdParty/openzgy/CMakeFiles/openzgy.dir/open-zgy/native/src/impl/logger.cpp.o
[1244/3503] Building CXX object ThirdParty/openzgy/CMakeFiles/openzgy.dir/open-zgy/native/src/impl/lookuptable.cpp.o
[1245/3503] Building CXX object ThirdParty/openzgy/CMakeFiles/openzgy.dir/open-zgy/native/src/impl/lodalgo.cpp.o
[1246/3503] Building CXX object ThirdParty/openzgy/CMakeFiles/openzgy.dir/open-zgy/native/src/impl/minmaxscan.cpp.o
[1247/3503] Building CXX object ThirdParty/openzgy/CMakeFiles/openzgy.dir/open-zgy/native/src/impl/meta.cpp.o
[1248/3503] Building CXX object ThirdParty/openzgy/CMakeFiles/openzgy.dir/open-zgy/native/src/impl/mtguard.cpp.o
[1249/3503] Building CXX object ThirdParty/openzgy/CMakeFiles/openzgy.dir/open-zgy/native/src/impl/sdasyncio.cpp.o
[1250/3503] Building CXX object ThirdParty/openzgy/CMakeFiles/openzgy.dir/open-zgy/native/src/impl/perflogger.cpp.o
[1251/3503] Building CXX object ThirdParty/openzgy/CMakeFiles/openzgy.dir/open-zgy/native/src/impl/sdinterface.cpp.o
[1252/3503] Building CXX object ThirdParty/openzgy/CMakeFiles/openzgy.dir/open-zgy/native/src/impl/statisticdata.cpp.o
[1253/3503] Building CXX object ThirdParty/openzgy/CMakeFiles/openzgy.dir/open-zgy/native/src/impl/subtiling.cpp.o
[1254/3503] Building CXX object ThirdParty/openzgy/CMakeFiles/openzgy.dir/open-zgy/native/src/impl/structaccess.cpp.o
[1255/3503] Building CXX object ThirdParty/openzgy/CMakeFiles/openzgy.dir/open-zgy/native/src/impl/transform.cpp.o
[1256/3503] Building CXX object ThirdParty/openzgy/CMakeFiles/openzgy.dir/open-zgy/native/src/impl/timer.cpp.o
[1257/3503] Building CXX object ThirdParty/openzgy/CMakeFiles/openzgy.dir/open-zgy/native/src/impl/types.cpp.o
[1258/3503] Building CXX object ThirdParty/openzgy/CMakeFiles/openzgy.dir/open-zgy/native/src/impl/wintools.cpp.o
[1259/3503] Building CXX object ThirdParty/openzgy/CMakeFiles/openzgy.dir/open-zgy/native/src/impl/workorder.cpp.o
[1260/3503] Building CXX object ThirdParty/openzgy/CMakeFiles/openzgy.dir/open-zgy/native/src/impl/expandablebuilder.cpp.o
[1261/3503] Building CXX object ThirdParty/openzgy/CMakeFiles/openzgy.dir/open-zgy/native/src/impl/apirecorder.cpp.o
/tmp/resinsight-p01-build/source/ThirdParty/openzgy/open-zgy/native/src/impl/apirecorder.cpp:52:35: warning: 'syscall' is deprecated: first deprecated in macOS 10.12 - syscall(2) is unsupported; please switch to a supported interface. For SYS_kdebug_trace use kdebug_signpost(). [-Wdeprecated-declarations]
   52 |   static int my_gettid() { return syscall(SYS_gettid); }
      |                                   ^
/Applications/Xcode.app/Contents/Developer/Platforms/MacOSX.platform/Developer/SDKs/MacOSX.sdk/usr/include/unistd.h:748:6: note: 'syscall' has been explicitly marked deprecated here
  748 | int      syscall(int, ...);
      |          ^
1 warning generated.
[1262/3503] Building CXX object ThirdParty/openzgy/CMakeFiles/openzgy.dir/open-zgy/native/src/impl/iocontextimpl.cpp.o
[1263/3503] Building CXX object ThirdParty/openzgy/CMakeFiles/openzgy.dir/open-zgy/native/src/impl/tracktouched.cpp.o
[1264/3503] Building CXX object ThirdParty/openzgy/CMakeFiles/openzgy.dir/open-zgy/native/src/impl/writerargsimpl.cpp.o
[1265/3503] Building CXX object ThirdParty/openzgy/CMakeFiles/openzgy.dir/open-zgy/native/src/impl/enum_mapper.cpp.o
[1266/3503] Building CXX object ThirdParty/openzgy/CMakeFiles/openzgy.dir/open-zgy/native/src/impl/sanity.cpp.o
[1267/3503] Building CXX object ThirdParty/openzgy/CMakeFiles/openzgy.dir/src/zgyaccess/seismicslice.cpp.o
[1268/3503] Building CXX object ThirdParty/openzgy/CMakeFiles/openzgy.dir/src/zgyaccess/zgy_point.cpp.o
[1269/3503] Building CXX object ThirdParty/openzgy/CMakeFiles/openzgy.dir/src/zgyaccess/zgyreader.cpp.o
[1270/3503] Building CXX object ThirdParty/openzgy/CMakeFiles/openzgy.dir/src/zgyaccess/zgy_outline.cpp.o
[1271/3503] Linking C static library ThirdParty/openzgy/zfp/lib/libzfp.a
[1272/3503] Linking CXX static library ThirdParty/qwt/libqwt.a
[1273/3503] Linking CXX static library x64/lib/libqtadvanceddocking-qt6_static.a
[1274/3503] Linking CXX static library ThirdParty/nightcharts/libnightcharts.a
[1275/3503] Linking CXX static library ThirdParty/expressionparser/libexpressionparser.a
[1276/3503] Linking CXX static library ThirdParty/roffcpp/src/libroffcpp.a
[1277/3503] Linking CXX static library ThirdParty/regression-analysis/src/libregression-analysis.a
[1278/3503] Linking CXX static library ThirdParty/custom-surfio/libsurfio_lib.a
[1279/3503] Linking CXX static library Fwk/AppFwk/cafViewer/libcafViewer.a
[1280/3503] Building CXX object ThirdParty/openzgy/CMakeFiles/openzgy.dir/src/zgyaccess/zgy_histogram.cpp.o
[1281/3503] Linking CXX static library Fwk/AppFwk/cafDataLoader/libcafDataLoader.a
[1282/3503] Building CXX object Fwk/AppFwk/cafCommandFeatures/CMakeFiles/cafCommandFeatures.dir/cafCommandFeatures_autogen/mocs_compilation.cpp.o
[1283/3503] Linking CXX static library Fwk/AppFwk/cafVizExtensions/libcafVizExtensions.a
[1284/3503] Building CXX object Fwk/AppFwk/cafCommandFeatures/CMakeFiles/cafCommandFeatures.dir/AddAndDelete/cafCmdAddItemExec.cpp.o
[1285/3503] Building CXX object Fwk/AppFwk/cafCommandFeatures/CMakeFiles/cafCommandFeatures.dir/AddAndDelete/cafCmdAddItemExecData.cpp.o
[1286/3503] Building CXX object Fwk/AppFwk/cafCommandFeatures/CMakeFiles/cafCommandFeatures.dir/AddAndDelete/cafCmdAddItemFeature.cpp.o
[1287/3503] Building CXX object Fwk/AppFwk/cafCommandFeatures/CMakeFiles/cafCommandFeatures.dir/AddAndDelete/cafCmdDeleteItemExec.cpp.o
[1288/3503] Building CXX object Fwk/AppFwk/cafCommandFeatures/CMakeFiles/cafCommandFeatures.dir/AddAndDelete/cafCmdDeleteItemFeature.cpp.o
[1289/3503] Building CXX object Fwk/AppFwk/cafCommandFeatures/CMakeFiles/cafCommandFeatures.dir/AddAndDelete/cafCmdDeleteItemExecData.cpp.o
[1290/3503] Building CXX object Fwk/AppFwk/cafCommandFeatures/CMakeFiles/cafCommandFeatures.dir/ToggleCommands/cafToggleItemsFeature.cpp.o
[1291/3503] Building CXX object Fwk/AppFwk/cafCommandFeatures/CMakeFiles/cafCommandFeatures.dir/ToggleCommands/cafToggleItemsFeatureImpl.cpp.o
[1292/3503] Building CXX object Fwk/AppFwk/cafCommandFeatures/CMakeFiles/cafCommandFeatures.dir/ToggleCommands/cafToggleItemsOffFeature.cpp.o
[1293/3503] Building CXX object Fwk/AppFwk/cafCommandFeatures/CMakeFiles/cafCommandFeatures.dir/ToggleCommands/cafToggleItemsOnFeature.cpp.o
[1294/3503] Linking CXX static library Fwk/AppFwk/cafTensor/libcafTensor.a
[1295/3503] Linking CXX static library ApplicationLibCode/ResultStatisticsCache/libResultStatisticsCache.a
[1296/3503] Automatic MOC and UIC for target RigGeoMechDataModel
[1297/3503] Building CXX object ApplicationLibCode/GeoMech/GeoMechDataModel/CMakeFiles/RigGeoMechDataModel.dir/RigGeoMechDataModel_autogen/mocs_compilation.cpp.o
[1298/3503] Building CXX object Fwk/AppFwk/cafCommandFeatures/CMakeFiles/cafCommandFeatures.dir/ToggleCommands/cafToggleItemsOnOthersOffFeature.cpp.o
[1299/3503] Building CXX object ApplicationLibCode/GeoMech/GeoMechDataModel/CMakeFiles/RigGeoMechDataModel.dir/RigFemPart.cpp.o
[1300/3503] Building CXX object ApplicationLibCode/GeoMech/GeoMechDataModel/CMakeFiles/RigGeoMechDataModel.dir/RigFemTypes.cpp.o
[1301/3503] Building CXX object ApplicationLibCode/GeoMech/GeoMechDataModel/CMakeFiles/RigGeoMechDataModel.dir/RigGeoMechCaseData.cpp.o
[1302/3503] Building CXX object ApplicationLibCode/GeoMech/GeoMechDataModel/CMakeFiles/RigGeoMechDataModel.dir/RigFemPartCollection.cpp.o
[1303/3503] Building CXX object ApplicationLibCode/GeoMech/GeoMechDataModel/CMakeFiles/RigGeoMechDataModel.dir/RigFemPartResults.cpp.o
[1304/3503] Building CXX object ApplicationLibCode/GeoMech/GeoMechDataModel/CMakeFiles/RigGeoMechDataModel.dir/RigFemPartResultsCollection.cpp.o
[1305/3503] Building CXX object ApplicationLibCode/GeoMech/GeoMechDataModel/CMakeFiles/RigGeoMechDataModel.dir/RigFemScalarResultFrames.cpp.o
[1306/3503] Building CXX object ApplicationLibCode/GeoMech/GeoMechDataModel/CMakeFiles/RigGeoMechDataModel.dir/RigFemClosestResultIndexCalculator.cpp.o
[1307/3503] Building CXX object ApplicationLibCode/GeoMech/GeoMechDataModel/CMakeFiles/RigGeoMechDataModel.dir/RigFemNativeStatCalc.cpp.o
[1308/3503] Building CXX object ApplicationLibCode/GeoMech/GeoMechDataModel/CMakeFiles/RigGeoMechDataModel.dir/RigFemNativeVisibleCellsStatCalc.cpp.o
[1309/3503] Building CXX object ApplicationLibCode/GeoMech/GeoMechDataModel/CMakeFiles/RigGeoMechDataModel.dir/RigFemPartGrid.cpp.o
[1310/3503] Building CXX object ApplicationLibCode/GeoMech/GeoMechDataModel/CMakeFiles/RigGeoMechDataModel.dir/RigHexGradientTools.cpp.o
[1311/3503] Automatic MOC and UIC for target ApplicationLibCode
[1312/3503] Generating qrc_ApplicationLibCode.cpp
[1313/3503] Building CXX object ApplicationLibCode/GeoMech/GeoMechDataModel/CMakeFiles/RigGeoMechDataModel.dir/RigFemPartResultCalculator.cpp.o
[1314/3503] Building CXX object ApplicationLibCode/GeoMech/GeoMechDataModel/CMakeFiles/RigGeoMechDataModel.dir/RigFemPartResultCalculatorNormalSE.cpp.o
[1315/3503] Building CXX object ApplicationLibCode/GeoMech/GeoMechDataModel/CMakeFiles/RigGeoMechDataModel.dir/RigFemPartResultCalculatorShearSE.cpp.o
[1316/3503] Building CXX object ApplicationLibCode/GeoMech/GeoMechDataModel/CMakeFiles/RigGeoMechDataModel.dir/RigFemPartResultCalculatorNormalST.cpp.o
[1317/3503] Building CXX object ApplicationLibCode/GeoMech/GeoMechDataModel/CMakeFiles/RigGeoMechDataModel.dir/RigFemPartResultCalculatorShearST.cpp.o
[1318/3503] Building CXX object ApplicationLibCode/GeoMech/GeoMechDataModel/CMakeFiles/RigGeoMechDataModel.dir/RigFemPartResultCalculatorTimeLapse.cpp.o
[1319/3503] Building CXX object ApplicationLibCode/GeoMech/GeoMechDataModel/CMakeFiles/RigGeoMechDataModel.dir/RigFemPartResultCalculatorGamma.cpp.o
[1320/3503] Building CXX object ApplicationLibCode/GeoMech/GeoMechDataModel/CMakeFiles/RigGeoMechDataModel.dir/RigFemPartResultCalculatorNormalized.cpp.o
[1321/3503] Building CXX object ApplicationLibCode/GeoMech/GeoMechDataModel/CMakeFiles/RigGeoMechDataModel.dir/RigFemPartResultCalculatorSurfaceAngles.cpp.o
[1322/3503] Building CXX object ApplicationLibCode/GeoMech/GeoMechDataModel/CMakeFiles/RigGeoMechDataModel.dir/RigFemPartResultCalculatorSurfaceAlignedStress.cpp.o
[1323/3503] Building CXX object ApplicationLibCode/GeoMech/GeoMechDataModel/CMakeFiles/RigGeoMechDataModel.dir/RigFemPartResultCalculatorPrincipalStrain.cpp.o
[1324/3503] Building CXX object ApplicationLibCode/GeoMech/GeoMechDataModel/CMakeFiles/RigGeoMechDataModel.dir/RigFemPartResultCalculatorPrincipalStress.cpp.o
[1325/3503] Building CXX object ApplicationLibCode/GeoMech/GeoMechDataModel/CMakeFiles/RigGeoMechDataModel.dir/RigFemPartResultCalculatorSFI.cpp.o
[1326/3503] Building CXX object ApplicationLibCode/GeoMech/GeoMechDataModel/CMakeFiles/RigGeoMechDataModel.dir/RigFemPartResultCalculatorDSM.cpp.o
[1327/3503] Building CXX object ApplicationLibCode/GeoMech/GeoMechDataModel/CMakeFiles/RigGeoMechDataModel.dir/RigFemPartResultCalculatorFOS.cpp.o
[1328/3503] Building CXX object ApplicationLibCode/GeoMech/GeoMechDataModel/CMakeFiles/RigGeoMechDataModel.dir/RigFemPartResultCalculatorED.cpp.o
[1329/3503] Building CXX object ApplicationLibCode/GeoMech/GeoMechDataModel/CMakeFiles/RigGeoMechDataModel.dir/RigFemPartResultCalculatorEV.cpp.o
[1330/3503] Building CXX object ApplicationLibCode/GeoMech/GeoMechDataModel/CMakeFiles/RigGeoMechDataModel.dir/RigFemPartResultCalculatorQ.cpp.o
[1331/3503] Building CXX object ApplicationLibCode/GeoMech/GeoMechDataModel/CMakeFiles/RigGeoMechDataModel.dir/RigFemPartResultCalculatorSM.cpp.o
[1332/3503] Building CXX object ApplicationLibCode/GeoMech/GeoMechDataModel/CMakeFiles/RigGeoMechDataModel.dir/RigFemPartResultCalculatorCompaction.cpp.o
[1333/3503] Building CXX object ApplicationLibCode/GeoMech/GeoMechDataModel/CMakeFiles/RigGeoMechDataModel.dir/RigFemPartResultCalculatorStressGradients.cpp.o
[1334/3503] Building CXX object ApplicationLibCode/GeoMech/GeoMechDataModel/CMakeFiles/RigGeoMechDataModel.dir/RigFemPartResultCalculatorNE.cpp.o
[1335/3503] Building CXX object ApplicationLibCode/GeoMech/GeoMechDataModel/CMakeFiles/RigGeoMechDataModel.dir/RigFemPartResultCalculatorFormationIndices.cpp.o
[1336/3503] Building CXX object ApplicationLibCode/GeoMech/GeoMechDataModel/CMakeFiles/RigGeoMechDataModel.dir/RigFemPartResultCalculatorBarConverted.cpp.o
[1337/3503] Building CXX object ApplicationLibCode/GeoMech/GeoMechDataModel/CMakeFiles/RigGeoMechDataModel.dir/RigFemPartResultCalculatorEnIpPorBar.cpp.o
[1338/3503] Building CXX object ApplicationLibCode/GeoMech/GeoMechDataModel/CMakeFiles/RigGeoMechDataModel.dir/RigFemPartResultCalculatorNodalGradients.cpp.o
[1339/3503] Building CXX object ApplicationLibCode/GeoMech/GeoMechDataModel/CMakeFiles/RigGeoMechDataModel.dir/RigFemPartResultCalculatorStressAnisotropy.cpp.o
[1340/3503] Building CXX object ApplicationLibCode/GeoMech/GeoMechDataModel/CMakeFiles/RigGeoMechDataModel.dir/RigFemPartResultCalculatorPoreCompressibility.cpp.o
[1341/3503] Building CXX object ApplicationLibCode/GeoMech/GeoMechDataModel/CMakeFiles/RigGeoMechDataModel.dir/RigFemPartResultCalculatorPorosityPermeability.cpp.o
[1342/3503] Building CXX object ApplicationLibCode/GeoMech/GeoMechDataModel/CMakeFiles/RigGeoMechDataModel.dir/RigFemPartResultCalculatorInitialPorosity.cpp.o
[1343/3503] Building CXX object ApplicationLibCode/GeoMech/GeoMechDataModel/CMakeFiles/RigGeoMechDataModel.dir/RigFemPartResultCalculatorMudWeightWindow.cpp.o
[1344/3503] Building CXX object ApplicationLibCode/GeoMech/GeoMechDataModel/CMakeFiles/RigGeoMechDataModel.dir/RigFemPartResultCalculatorShearSlipIndicator.cpp.o
[1345/3503] Building CXX object ApplicationLibCode/GeoMech/GeoMechDataModel/CMakeFiles/RigGeoMechDataModel.dir/RigFemPartResultCalculatorKIndices.cpp.o
[1346/3503] Building CXX object ApplicationLibCode/GeoMech/GeoMechDataModel/CMakeFiles/RigGeoMechDataModel.dir/RimGeoMechGeometrySelectionItem.cpp.o
[1347/3503] Building CXX object ApplicationLibCode/GeoMech/GeoMechDataModel/CMakeFiles/RigGeoMechDataModel.dir/RigFemAddressDefines.cpp.o
[1348/3503] Building CXX object ApplicationLibCode/GeoMech/GeoMechDataModel/CMakeFiles/RigGeoMechDataModel.dir/RigFemPartResultCalculatorNodalDisplacement.cpp.o
[1349/3503] Building CXX object ApplicationLibCode/CMakeFiles/ApplicationLibCode.dir/ApplicationLibCode_autogen/mocs_compilation.cpp.o
[1350/3503] Building CXX object ApplicationLibCode/CMakeFiles/ApplicationLibCode.dir/Application/RiaApplication.cpp.o
[1351/3503] Building CXX object ApplicationLibCode/CMakeFiles/ApplicationLibCode.dir/Application/RiaConsoleApplication.cpp.o
[1352/3503] Building CXX object ApplicationLibCode/CMakeFiles/ApplicationLibCode.dir/Application/RiaCompletionTypeCalculationScheduler.cpp.o
[1353/3503] Building CXX object ApplicationLibCode/CMakeFiles/ApplicationLibCode.dir/Application/RiaGuiApplication.cpp.o
[1354/3503] Building CXX object ApplicationLibCode/CMakeFiles/ApplicationLibCode.dir/Application/RiaFractureDefines.cpp.o
[1355/3503] Building CXX object ApplicationLibCode/CMakeFiles/ApplicationLibCode.dir/Application/RiaDefines.cpp.o
[1356/3503] Building CXX object ApplicationLibCode/CMakeFiles/ApplicationLibCode.dir/Application/RiaPreferencesSummary.cpp.o
[1357/3503] Building CXX object ApplicationLibCode/CMakeFiles/ApplicationLibCode.dir/Application/RiaPreferences.cpp.o
[1358/3503] Building CXX object ApplicationLibCode/CMakeFiles/ApplicationLibCode.dir/Application/RiaPreferencesGeoMech.cpp.o
[1359/3503] Building CXX object ApplicationLibCode/CMakeFiles/ApplicationLibCode.dir/Application/RiaPreferencesGrid.cpp.o
[1360/3503] Building CXX object ApplicationLibCode/CMakeFiles/ApplicationLibCode.dir/Application/RiaExperimentalFeatures.cpp.o
[1361/3503] Building CXX object ApplicationLibCode/CMakeFiles/ApplicationLibCode.dir/Application/RiaPreferencesSystem.cpp.o
[1362/3503] Building CXX object ApplicationLibCode/CMakeFiles/ApplicationLibCode.dir/Application/RiaPreferencesOsdu.cpp.o
[1363/3503] Building CXX object ApplicationLibCode/CMakeFiles/ApplicationLibCode.dir/Application/RiaPreferencesSumo.cpp.o
[1364/3503] Building CXX object ApplicationLibCode/CMakeFiles/ApplicationLibCode.dir/Application/RiaPreferencesOpm.cpp.o
[1365/3503] Building CXX object ApplicationLibCode/CMakeFiles/ApplicationLibCode.dir/Application/RiaPorosityModel.cpp.o
[1366/3503] Building CXX object ApplicationLibCode/CMakeFiles/ApplicationLibCode.dir/Application/RiaCurveSetDefinition.cpp.o
[1367/3503] Building CXX object ApplicationLibCode/CMakeFiles/ApplicationLibCode.dir/Application/RiaRftPltCurveDefinition.cpp.o
[1368/3503] Building CXX object ApplicationLibCode/CMakeFiles/ApplicationLibCode.dir/Application/RiaViewRedrawScheduler.cpp.o
[1369/3503] Building CXX object ApplicationLibCode/CMakeFiles/ApplicationLibCode.dir/Application/RiaPlotWindowRedrawScheduler.cpp.o
[1370/3503] Building CXX object ApplicationLibCode/CMakeFiles/ApplicationLibCode.dir/Application/RiaFontCache.cpp.o
[1371/3503] Building CXX object ApplicationLibCode/CMakeFiles/ApplicationLibCode.dir/Application/RiaMemoryCleanup.cpp.o
[1372/3503] Building CXX object ApplicationLibCode/CMakeFiles/ApplicationLibCode.dir/Application/RiaEclipseFileNameTools.cpp.o
[1373/3503] Building CXX object ApplicationLibCode/CMakeFiles/ApplicationLibCode.dir/Application/RiaFeatureCommandContext.cpp.o
[1374/3503] Building CXX object ApplicationLibCode/CMakeFiles/ApplicationLibCode.dir/Application/RiaStringPool.cpp.o
[1375/3503] Building CXX object ApplicationLibCode/CMakeFiles/ApplicationLibCode.dir/Application/RiaStringListSerializer.cpp.o
[1376/3503] Building CXX object ApplicationLibCode/CMakeFiles/ApplicationLibCode.dir/Application/RiaNncDefines.cpp.o
[1377/3503] Building CXX object ApplicationLibCode/CMakeFiles/ApplicationLibCode.dir/Application/RiaStimPlanModelDefines.cpp.o
[1378/3503] Building CXX object ApplicationLibCode/CMakeFiles/ApplicationLibCode.dir/Application/RiaPlotDefines.cpp.o
[1379/3503] Building CXX object ApplicationLibCode/CMakeFiles/ApplicationLibCode.dir/Application/RiaThermalFractureDefines.cpp.o
[1380/3503] Building CXX object ApplicationLibCode/CMakeFiles/ApplicationLibCode.dir/Application/RiaResultNames.cpp.o
[1381/3503] Building CXX object ApplicationLibCode/CMakeFiles/ApplicationLibCode.dir/Application/RiaRftDefines.cpp.o
[1382/3503] Building CXX object ApplicationLibCode/CMakeFiles/ApplicationLibCode.dir/Application/RiaDateTimeDefines.cpp.o
[1383/3503] Building CXX object ApplicationLibCode/CMakeFiles/ApplicationLibCode.dir/Application/RiaPlotCollectionScheduler.cpp.o
[1384/3503] Building CXX object ApplicationLibCode/CMakeFiles/ApplicationLibCode.dir/Application/RiaSeismicDefines.cpp.o
[1385/3503] Building CXX object ApplicationLibCode/CMakeFiles/ApplicationLibCode.dir/Application/RiaLasDefines.cpp.o
[1386/3503] Building CXX object ApplicationLibCode/CMakeFiles/ApplicationLibCode.dir/Application/RiaCloudDefines.cpp.o
[1387/3503] Building CXX object ApplicationLibCode/CMakeFiles/ApplicationLibCode.dir/Application/RiaOsduDefines.cpp.o
[1388/3503] Building CXX object ApplicationLibCode/CMakeFiles/ApplicationLibCode.dir/Application/RiaWellFlowDefines.cpp.o
[1389/3503] Building CXX object ApplicationLibCode/CMakeFiles/ApplicationLibCode.dir/Application/RiaWellLogTrackDefines.cpp.o
[1390/3503] Building CXX object ApplicationLibCode/CMakeFiles/ApplicationLibCode.dir/Application/RiaQuickAccessScheduler.cpp.o
[1391/3503] Building CXX object ApplicationLibCode/CMakeFiles/ApplicationLibCode.dir/Application/RiaGridDefines.cpp.o
[1392/3503] Building CXX object ApplicationLibCode/CMakeFiles/ApplicationLibCode.dir/Application/RiaModelExportDefines.cpp.o
[1393/3503] Building CXX object ApplicationLibCode/CMakeFiles/ApplicationLibCode.dir/Application/Tools/RiaArgumentParser.cpp.o
[1394/3503] Building CXX object ApplicationLibCode/CMakeFiles/ApplicationLibCode.dir/Application/Tools/RiaDateStringParser.cpp.o
[1395/3503] Building CXX object ApplicationLibCode/CMakeFiles/ApplicationLibCode.dir/Application/Tools/RiaColorTables.cpp.o
[1396/3503] Building CXX object ApplicationLibCode/CMakeFiles/ApplicationLibCode.dir/Application/Tools/RiaColorTools.cpp.o
[1397/3503] Building CXX object ApplicationLibCode/CMakeFiles/ApplicationLibCode.dir/Application/Tools/RiaEclipseUnitTools.cpp.o
[1398/3503] Building CXX object ApplicationLibCode/CMakeFiles/ApplicationLibCode.dir/Application/Tools/RiaImageCompareReporter.cpp.o
[1399/3503] Building CXX object ApplicationLibCode/CMakeFiles/ApplicationLibCode.dir/Application/Tools/RiaImageFileCompare.cpp.o
[1400/3503] Building CXX object ApplicationLibCode/CMakeFiles/ApplicationLibCode.dir/Application/Tools/RiaImageTools.cpp.o
[1401/3503] Building CXX object ApplicationLibCode/CMakeFiles/ApplicationLibCode.dir/Application/Tools/RiaProjectModifier.cpp.o
[1402/3503] Building CXX object ApplicationLibCode/CMakeFiles/ApplicationLibCode.dir/Application/Tools/RiaLogging.cpp.o
[1403/3503] Building CXX object ApplicationLibCode/CMakeFiles/ApplicationLibCode.dir/Application/Tools/RiaRegressionTest.cpp.o
[1404/3503] Building CXX object ApplicationLibCode/CMakeFiles/ApplicationLibCode.dir/Application/Tools/RiaImportEclipseCaseTools.cpp.o
[1405/3503] Building CXX object ApplicationLibCode/CMakeFiles/ApplicationLibCode.dir/Application/Tools/RiaQDateTimeTools.cpp.o
[1406/3503] Building CXX object ApplicationLibCode/CMakeFiles/ApplicationLibCode.dir/Application/Tools/RiaWellNameComparer.cpp.o
[1407/3503] Building CXX object ApplicationLibCode/CMakeFiles/ApplicationLibCode.dir/Application/Tools/RiaInterpolationTools.cpp.o
[1408/3503] Building CXX object ApplicationLibCode/CMakeFiles/ApplicationLibCode.dir/Application/Tools/RiaStdStringTools.cpp.o
[1409/3503] Building CXX object ApplicationLibCode/CMakeFiles/ApplicationLibCode.dir/Application/Tools/RiaSimWellBranchTools.cpp.o
[1410/3503] Building CXX object ApplicationLibCode/CMakeFiles/ApplicationLibCode.dir/Application/Tools/RiaProjectFileTools.cpp.o
[1411/3503] Building CXX object ApplicationLibCode/CMakeFiles/ApplicationLibCode.dir/Application/Tools/RiaStringEncodingTools.cpp.o
[1412/3503] Building CXX object ApplicationLibCode/CMakeFiles/ApplicationLibCode.dir/Application/Tools/RiaTextStringTools.cpp.o
[1413/3503] Building CXX object ApplicationLibCode/CMakeFiles/ApplicationLibCode.dir/Application/Tools/RiaTextFileCompare.cpp.o
[1414/3503] Building CXX object ApplicationLibCode/CMakeFiles/ApplicationLibCode.dir/Application/Tools/RiaExtractionTools.cpp.o
[1415/3503] Building CXX object ApplicationLibCode/CMakeFiles/ApplicationLibCode.dir/Application/Tools/RiaRegressionTestRunner.cpp.o
[1416/3503] Building CXX object ApplicationLibCode/CMakeFiles/ApplicationLibCode.dir/Application/Tools/RiaFilePathTools.cpp.o
[1417/3503] Building CXX object ApplicationLibCode/CMakeFiles/ApplicationLibCode.dir/Application/Tools/RiaCurveMerger.cpp.o
[1418/3503] Building CXX object ApplicationLibCode/CMakeFiles/ApplicationLibCode.dir/Application/Tools/RiaCurveDataTools.cpp.o
[1419/3503] Building CXX object ApplicationLibCode/CMakeFiles/ApplicationLibCode.dir/Application/Tools/RiaFileSearchTools.cpp.o
[1420/3503] Building CXX object ApplicationLibCode/CMakeFiles/ApplicationLibCode.dir/Application/Tools/RiaWellLogCurveMerger.cpp.o
[1421/3503] Building CXX object ApplicationLibCode/CMakeFiles/ApplicationLibCode.dir/Application/Tools/RiaWeightedGeometricMeanCalculator.cpp.o
[1422/3503] Building CXX object ApplicationLibCode/CMakeFiles/ApplicationLibCode.dir/Application/Tools/RiaWeightedHarmonicMeanCalculator.cpp.o
[1423/3503] Building CXX object ApplicationLibCode/CMakeFiles/ApplicationLibCode.dir/Application/Tools/RiaTimeHistoryCurveResampler.cpp.o
[1424/3503] Building CXX object ApplicationLibCode/CMakeFiles/ApplicationLibCode.dir/Application/Tools/RiaNameUniquenessTools.cpp.o
[1425/3503] Building CXX object ApplicationLibCode/CMakeFiles/ApplicationLibCode.dir/Application/Tools/RiaOptionItemFactory.cpp.o
[1426/3503] Building CXX object ApplicationLibCode/CMakeFiles/ApplicationLibCode.dir/Application/Tools/RiaGitDiff.cpp.o
[1427/3503] Building CXX object ApplicationLibCode/CMakeFiles/ApplicationLibCode.dir/Application/Tools/RiaCellDividingTools.cpp.o
[1428/3503] Building CXX object ApplicationLibCode/CMakeFiles/ApplicationLibCode.dir/Application/Tools/RiaWslTools.cpp.o
[1429/3503] Building CXX object ApplicationLibCode/CMakeFiles/ApplicationLibCode.dir/Application/Tools/RiaBoundingBoxTools.cpp.o
[1430/3503] Building CXX object ApplicationLibCode/CMakeFiles/ApplicationLibCode.dir/Application/Tools/RiaFieldHandleTools.cpp.o
[1431/3503] Building CXX object ApplicationLibCode/CMakeFiles/ApplicationLibCode.dir/Application/Tools/RiaTimeTTools.cpp.o
[1432/3503] Building CXX object ApplicationLibCode/CMakeFiles/ApplicationLibCode.dir/Application/Tools/RiaValidRegExpValidator.cpp.o
[1433/3503] Building CXX object ApplicationLibCode/CMakeFiles/ApplicationLibCode.dir/Application/Tools/RiaVec3Tools.cpp.o
[1434/3503] Building CXX object ApplicationLibCode/CMakeFiles/ApplicationLibCode.dir/Application/Tools/RiaNetworkTools.cpp.o
[1435/3503] Building CXX object ApplicationLibCode/CMakeFiles/ApplicationLibCode.dir/Application/Tools/RiaOpenMPTools.cpp.o
[1436/3503] Building CXX object ApplicationLibCode/CMakeFiles/ApplicationLibCode.dir/Application/Tools/RiaNumericalTools.cpp.o
[1437/3503] Building CXX object ApplicationLibCode/CMakeFiles/ApplicationLibCode.dir/Application/Tools/RiaEnsembleNameTools.cpp.o
[1438/3503] Building CXX object ApplicationLibCode/CMakeFiles/ApplicationLibCode.dir/Application/Tools/RiaPhaseTools.cpp.o
[1439/3503] Building CXX object ApplicationLibCode/CMakeFiles/ApplicationLibCode.dir/Application/Tools/RiaRegressionTextTools.cpp.o
[1440/3503] Building CXX object ApplicationLibCode/CMakeFiles/ApplicationLibCode.dir/Application/Tools/RiaProjectBackupTools.cpp.o
[1441/3503] Building CXX object ApplicationLibCode/CMakeFiles/ApplicationLibCode.dir/Application/Tools/RiaFileLogger.cpp.o
[1442/3503] Building CXX object ApplicationLibCode/CMakeFiles/ApplicationLibCode.dir/Application/Tools/RiaAngleUtils.cpp.o
[1443/3503] Building CXX object ApplicationLibCode/CMakeFiles/ApplicationLibCode.dir/Application/Tools/RiaQuantityInfoTools.cpp.o
[1444/3503] Building CXX object ApplicationLibCode/CMakeFiles/ApplicationLibCode.dir/Application/Tools/RiaToCafLogging.cpp.o
[1445/3503] Building CXX object ApplicationLibCode/CMakeFiles/ApplicationLibCode.dir/Application/Tools/RiaZScaleTools.cpp.o
[1446/3503] Building CXX object ApplicationLibCode/CMakeFiles/ApplicationLibCode.dir/Application/Tools/WellPathTools/RiaPolyArcLineSampler.cpp.o
[1447/3503] Building CXX object ApplicationLibCode/CMakeFiles/ApplicationLibCode.dir/Application/Tools/WellPathTools/RiaWellPlanCalculator.cpp.o
[1448/3503] Building CXX object ApplicationLibCode/CMakeFiles/ApplicationLibCode.dir/Application/Tools/WellPathTools/RiaSCurveCalculator.cpp.o
[1449/3503] Building CXX object ApplicationLibCode/CMakeFiles/ApplicationLibCode.dir/Application/Tools/WellPathTools/RiaJCurveCalculator.cpp.o
[1450/3503] Building CXX object ApplicationLibCode/CMakeFiles/ApplicationLibCode.dir/Application/Tools/WellPathTools/RiaArcCurveCalculator.cpp.o
[1451/3503] Building CXX object ApplicationLibCode/CMakeFiles/ApplicationLibCode.dir/Application/Tools/WellPathTools/RiaLineArcWellPathCalculator.cpp.o
/tmp/resinsight-p01-build/source/ApplicationLibCode/Application/Tools/WellPathTools/RiaLineArcWellPathCalculator.cpp:25:9: warning: 'M_PI' macro redefined [-Wmacro-redefined]
   25 | #define M_PI 3.14159265358979323846 // pi
      |         ^
/Applications/Xcode.app/Contents/Developer/Platforms/MacOSX.platform/Developer/SDKs/MacOSX.sdk/usr/include/math.h:695:9: note: previous definition is here
  695 | #define M_PI        3.14159265358979323846264338327950288   /* pi             */
      |         ^
1 warning generated.
[1452/3503] Building CXX object ApplicationLibCode/CMakeFiles/ApplicationLibCode.dir/Application/Tools/Cloud/RiaCloudApiService.cpp.o
[1453/3503] Building CXX object ApplicationLibCode/CMakeFiles/ApplicationLibCode.dir/Application/Tools/Cloud/RiaCloudConnector.cpp.o
[1454/3503] Building CXX object ApplicationLibCode/CMakeFiles/ApplicationLibCode.dir/Application/Tools/Cloud/RiaSumoDefines.cpp.o
[1455/3503] Building CXX object ApplicationLibCode/CMakeFiles/ApplicationLibCode.dir/Application/Tools/Cloud/RiaSumoConnector.cpp.o
[1456/3503] Building CXX object ApplicationLibCode/CMakeFiles/ApplicationLibCode.dir/Application/Tools/Cloud/RiaSumoExplore.cpp.o
[1457/3503] Building CXX object ApplicationLibCode/CMakeFiles/ApplicationLibCode.dir/Application/Tools/Cloud/RiaSumoSummary.cpp.o
[1458/3503] Building CXX object ApplicationLibCode/CMakeFiles/ApplicationLibCode.dir/Application/Tools/Cloud/RiaConnectorTools.cpp.o
[1459/3503] Building CXX object ApplicationLibCode/CMakeFiles/ApplicationLibCode.dir/Application/Tools/Cloud/RiaOAuthHttpServerReplyHandler.cpp.o
[1460/3503] Building CXX object ApplicationLibCode/CMakeFiles/ApplicationLibCode.dir/Application/Tools/Cloud/RiaOsduConnector.cpp.o
[1461/3503] Building CXX object ApplicationLibCode/CMakeFiles/ApplicationLibCode.dir/Application/Tools/Summary/RiaSummaryAddressAnalyzer.cpp.o
[1462/3503] Building CXX object ApplicationLibCode/CMakeFiles/ApplicationLibCode.dir/Application/Tools/Summary/RiaSummaryCurveAddress.cpp.o
[1463/3503] Building CXX object ApplicationLibCode/CMakeFiles/ApplicationLibCode.dir/Application/Tools/Summary/RiaSummaryAddressModifier.cpp.o
[1464/3503] Building CXX object ApplicationLibCode/CMakeFiles/ApplicationLibCode.dir/Application/Tools/Summary/RiaSummaryCurveDefinition.cpp.o
[1465/3503] Building CXX object ApplicationLibCode/CMakeFiles/ApplicationLibCode.dir/Application/Tools/Summary/RiaSummaryDefines.cpp.o
[1466/3503] Building CXX object ApplicationLibCode/CMakeFiles/ApplicationLibCode.dir/Application/Tools/Summary/RiaSummaryStringTools.cpp.o
[1467/3503] Building CXX object ApplicationLibCode/CMakeFiles/ApplicationLibCode.dir/Application/Tools/Summary/RiaSummaryTools.cpp.o
[1468/3503] Building CXX object ApplicationLibCode/CMakeFiles/ApplicationLibCode.dir/Application/Tools/Summary/RiaSummaryPlotBuilder.cpp.o
[1469/3503] Building CXX object ApplicationLibCode/CMakeFiles/ApplicationLibCode.dir/Application/Tools/Summary/RiaSummaryPlotTools.cpp.o
[1470/3503] Building CXX object ApplicationLibCode/CMakeFiles/ApplicationLibCode.dir/Application/Tools/Summary/RiaSummaryAddressCollectionTools.cpp.o
[1471/3503] Building CXX object ApplicationLibCode/CMakeFiles/ApplicationLibCode.dir/Application/Tools/KeyValueStore/RiaKeyValueStoreUtil.cpp.o
[1472/3503] Building CXX object ApplicationLibCode/CMakeFiles/ApplicationLibCode.dir/Application/Tools/Summary/RiaSummaryPlotTemplateTools.cpp.o
[1473/3503] Building CXX object ApplicationLibCode/CMakeFiles/ApplicationLibCode.dir/ReservoirDataModel/cvfGeometryTools.cpp.o
[1474/3503] Building CXX object ApplicationLibCode/CMakeFiles/ApplicationLibCode.dir/Application/Tools/Ensemble/RiaEnsembleImportTools.cpp.o
[1475/3503] Building CXX object ApplicationLibCode/CMakeFiles/ApplicationLibCode.dir/ReservoirDataModel/RigActiveCellInfo.cpp.o
[1476/3503] Building CXX object ApplicationLibCode/CMakeFiles/ApplicationLibCode.dir/ReservoirDataModel/RigActiveCellGrid.cpp.o
[1477/3503] Building CXX object ApplicationLibCode/CMakeFiles/ApplicationLibCode.dir/ReservoirDataModel/RigActiveCellLocalGrid.cpp.o
[1478/3503] Building CXX object ApplicationLibCode/CMakeFiles/ApplicationLibCode.dir/ReservoirDataModel/RigAllanDiagramData.cpp.o
[1479/3503] Building CXX object ApplicationLibCode/CMakeFiles/ApplicationLibCode.dir/ReservoirDataModel/RigBasicPlane.cpp.o
[1480/3503] Building CXX object ApplicationLibCode/CMakeFiles/ApplicationLibCode.dir/ReservoirDataModel/RigCaseCellResultCalculator.cpp.o
[1481/3503] Building CXX object ApplicationLibCode/CMakeFiles/ApplicationLibCode.dir/ReservoirDataModel/RigCaseRealizationParameters.cpp.o
[1482/3503] Building CXX object ApplicationLibCode/CMakeFiles/ApplicationLibCode.dir/ReservoirDataModel/RigCaseCellResultsData.cpp.o
[1483/3503] Building CXX object ApplicationLibCode/CMakeFiles/ApplicationLibCode.dir/ReservoirDataModel/RigCell.cpp.o
[1484/3503] Building CXX object ApplicationLibCode/CMakeFiles/ApplicationLibCode.dir/ReservoirDataModel/RigCellFaceGeometryTools.cpp.o
[1485/3503] Building CXX object ApplicationLibCode/CMakeFiles/ApplicationLibCode.dir/ReservoirDataModel/RigConvexHull.cpp.o
[1486/3503] Building CXX object ApplicationLibCode/CMakeFiles/ApplicationLibCode.dir/ReservoirDataModel/RigDeclineCurveCalculator.cpp.o
[1487/3503] Building CXX object ApplicationLibCode/CMakeFiles/ApplicationLibCode.dir/ReservoirDataModel/RigCellGeometryTools.cpp.o
[1488/3503] Building CXX object ApplicationLibCode/CMakeFiles/ApplicationLibCode.dir/ReservoirDataModel/RigEclipseAllanFaultsStatCalc.cpp.o
[1489/3503] Building CXX object ApplicationLibCode/CMakeFiles/ApplicationLibCode.dir/ReservoirDataModel/RigEclipseCaseData.cpp.o
[1490/3503] Building CXX object ApplicationLibCode/CMakeFiles/ApplicationLibCode.dir/ReservoirDataModel/RigEclipseCaseDataTools.cpp.o
[1491/3503] Building CXX object ApplicationLibCode/CMakeFiles/ApplicationLibCode.dir/ReservoirDataModel/RigEclipseCrossPlotDataExtractor.cpp.o
[1492/3503] Building CXX object ApplicationLibCode/CMakeFiles/ApplicationLibCode.dir/ReservoirDataModel/RigEclipseMultiPropertyStatCalc.cpp.o
[1493/3503] Building CXX object ApplicationLibCode/CMakeFiles/ApplicationLibCode.dir/ReservoirDataModel/RigEclipseNativeVisibleCellsStatCalc.cpp.o
[1494/3503] Building CXX object ApplicationLibCode/CMakeFiles/ApplicationLibCode.dir/ReservoirDataModel/RigEclipseNativeStatCalc.cpp.o
[1495/3503] Building CXX object ApplicationLibCode/CMakeFiles/ApplicationLibCode.dir/ReservoirDataModel/RigEclipseResultAddress.cpp.o
[1496/3503] Building CXX object ApplicationLibCode/CMakeFiles/ApplicationLibCode.dir/ReservoirDataModel/RigEclipseResultInfo.cpp.o
[1497/3503] Building CXX object ApplicationLibCode/CMakeFiles/ApplicationLibCode.dir/ReservoirDataModel/RigElasticProperties.cpp.o
[1498/3503] Building CXX object ApplicationLibCode/CMakeFiles/ApplicationLibCode.dir/ReservoirDataModel/RigEclipseResultTools.cpp.o
[1499/3503] Building CXX object ApplicationLibCode/CMakeFiles/ApplicationLibCode.dir/ReservoirDataModel/RigEnsembleFractureStatisticsCalculator.cpp.o
[1500/3503] Building CXX object ApplicationLibCode/CMakeFiles/ApplicationLibCode.dir/ReservoirDataModel/RigEnsembleParameter.cpp.o
[1501/3503] Building CXX object ApplicationLibCode/CMakeFiles/ApplicationLibCode.dir/ReservoirDataModel/RigEquil.cpp.o
[1502/3503] Building CXX object ApplicationLibCode/CMakeFiles/ApplicationLibCode.dir/ReservoirDataModel/RigFault.cpp.o
[1503/3503] Building CXX object ApplicationLibCode/CMakeFiles/ApplicationLibCode.dir/ReservoirDataModel/RigFaultReactivationModel.cpp.o
[1504/3503] Building CXX object ApplicationLibCode/CMakeFiles/ApplicationLibCode.dir/ReservoirDataModel/RigFlowDiagDefines.cpp.o
[1505/3503] Building CXX object ApplicationLibCode/CMakeFiles/ApplicationLibCode.dir/ReservoirDataModel/RigFaultReactivationModelGenerator.cpp.o
[1506/3503] Building CXX object ApplicationLibCode/CMakeFiles/ApplicationLibCode.dir/ReservoirDataModel/RigFlowDiagResultFrames.cpp.o
[1507/3503] Building CXX object ApplicationLibCode/CMakeFiles/ApplicationLibCode.dir/ReservoirDataModel/RigFlowDiagResultAddress.cpp.o
[1508/3503] Building CXX object ApplicationLibCode/CMakeFiles/ApplicationLibCode.dir/ReservoirDataModel/RigFlowDiagResults.cpp.o
[1509/3503] Building CXX object ApplicationLibCode/CMakeFiles/ApplicationLibCode.dir/ReservoirDataModel/RigFlowDiagSolverInterface.cpp.o
[1510/3503] Building CXX object ApplicationLibCode/CMakeFiles/ApplicationLibCode.dir/ReservoirDataModel/RigFlowDiagStatCalc.cpp.o
[1511/3503] Building CXX object ApplicationLibCode/CMakeFiles/ApplicationLibCode.dir/ReservoirDataModel/RigFlowDiagTimeStepResult.cpp.o
[1512/3503] Building CXX object ApplicationLibCode/CMakeFiles/ApplicationLibCode.dir/ReservoirDataModel/RigFormationNames.cpp.o
[1513/3503] Building CXX object ApplicationLibCode/CMakeFiles/ApplicationLibCode.dir/ReservoirDataModel/RigFlowDiagVisibleCellsStatCalc.cpp.o
[1514/3503] Building CXX object ApplicationLibCode/CMakeFiles/ApplicationLibCode.dir/ReservoirDataModel/RigFractureCell.cpp.o
[1515/3503] Building CXX object ApplicationLibCode/CMakeFiles/ApplicationLibCode.dir/ReservoirDataModel/RigFractureGrid.cpp.o
[1516/3503] Building CXX object ApplicationLibCode/CMakeFiles/ApplicationLibCode.dir/ReservoirDataModel/RigGeoMechBoreHoleStressCalculator.cpp.o
[1517/3503] Building CXX object ApplicationLibCode/CMakeFiles/ApplicationLibCode.dir/ReservoirDataModel/RigGridBase.cpp.o
[1518/3503] Building CXX object ApplicationLibCode/CMakeFiles/ApplicationLibCode.dir/ReservoirDataModel/RigGriddedPart3d.cpp.o
[1519/3503] Building CXX object ApplicationLibCode/CMakeFiles/ApplicationLibCode.dir/ReservoirDataModel/RigGridManager.cpp.o
[1520/3503] Building CXX object ApplicationLibCode/CMakeFiles/ApplicationLibCode.dir/ReservoirDataModel/RigHistogramData.cpp.o
[1521/3503] Building CXX object ApplicationLibCode/CMakeFiles/ApplicationLibCode.dir/ReservoirDataModel/RigHexIntersectionTools.cpp.o
[1522/3503] Building CXX object ApplicationLibCode/CMakeFiles/ApplicationLibCode.dir/ReservoirDataModel/RigLocalGrid.cpp.o
[1523/3503] Building CXX object ApplicationLibCode/CMakeFiles/ApplicationLibCode.dir/ReservoirDataModel/RigLasFileExporter.cpp.o
[1524/3503] Building CXX object ApplicationLibCode/CMakeFiles/ApplicationLibCode.dir/ReservoirDataModel/RigNncConnection.cpp.o
[1525/3503] Building CXX object ApplicationLibCode/CMakeFiles/ApplicationLibCode.dir/ReservoirDataModel/RigMainGrid.cpp.o
[1526/3503] Building CXX object ApplicationLibCode/CMakeFiles/ApplicationLibCode.dir/ReservoirDataModel/RigNumberOfFloodedPoreVolumesCalculator.cpp.o
[1527/3503] Building CXX object ApplicationLibCode/CMakeFiles/ApplicationLibCode.dir/ReservoirDataModel/RigPolyLinesData.cpp.o
[1528/3503] Building CXX object ApplicationLibCode/CMakeFiles/ApplicationLibCode.dir/ReservoirDataModel/RigNNCData.cpp.o
[1529/3503] Building CXX object ApplicationLibCode/CMakeFiles/ApplicationLibCode.dir/ReservoirDataModel/RigPressureDepthData.cpp.o
[1530/3503] Building CXX object ApplicationLibCode/CMakeFiles/ApplicationLibCode.dir/ReservoirDataModel/RigReservoirBuilder.cpp.o
[1531/3503] Building CXX object ApplicationLibCode/CMakeFiles/ApplicationLibCode.dir/ReservoirDataModel/RigReservoirBuilderMock.cpp.o
[1532/3503] Building CXX object ApplicationLibCode/CMakeFiles/ApplicationLibCode.dir/ReservoirDataModel/RigResultModifierFactory.cpp.o
[1533/3503] Building CXX object ApplicationLibCode/CMakeFiles/ApplicationLibCode.dir/ReservoirDataModel/RigSlice2D.cpp.o
[1534/3503] Building CXX object ApplicationLibCode/CMakeFiles/ApplicationLibCode.dir/ReservoirDataModel/RigStimPlanFractureDefinition.cpp.o
[1535/3503] Building CXX object ApplicationLibCode/CMakeFiles/ApplicationLibCode.dir/ReservoirDataModel/RigTesselatorTools.cpp.o
[1536/3503] Building CXX object ApplicationLibCode/CMakeFiles/ApplicationLibCode.dir/ReservoirDataModel/RigTexturedSection.cpp.o
[1537/3503] Building CXX object ApplicationLibCode/CMakeFiles/ApplicationLibCode.dir/ReservoirDataModel/RigStimPlanModelTools.cpp.o
[1538/3503] Building CXX object ApplicationLibCode/CMakeFiles/ApplicationLibCode.dir/ReservoirDataModel/RigThermalFractureResult.cpp.o
[1539/3503] Building CXX object ApplicationLibCode/CMakeFiles/ApplicationLibCode.dir/ReservoirDataModel/RigThermalFractureDefinition.cpp.o
[1540/3503] Building CXX object ApplicationLibCode/CMakeFiles/ApplicationLibCode.dir/ReservoirDataModel/RigTofAccumulatedPhaseFractionsCalculator.cpp.o
[1541/3503] Building CXX object ApplicationLibCode/CMakeFiles/ApplicationLibCode.dir/ReservoirDataModel/RigThermalFractureResultUtil.cpp.o
[1542/3503] Building CXX object ApplicationLibCode/CMakeFiles/ApplicationLibCode.dir/ReservoirDataModel/RigTracer.cpp.o
[1543/3503] Building CXX object ApplicationLibCode/CMakeFiles/ApplicationLibCode.dir/ReservoirDataModel/RigTofWellDistributionCalculator.cpp.o
[1544/3503] Building CXX object ApplicationLibCode/CMakeFiles/ApplicationLibCode.dir/ReservoirDataModel/RigTracerPoint.cpp.o
[1545/3503] Building CXX object ApplicationLibCode/CMakeFiles/ApplicationLibCode.dir/ReservoirDataModel/RigTransmissibilityEquations.cpp.o
[1546/3503] Building CXX object ApplicationLibCode/CMakeFiles/ApplicationLibCode.dir/ReservoirDataModel/RigVfpTables.cpp.o
[1547/3503] Building CXX object ApplicationLibCode/CMakeFiles/ApplicationLibCode.dir/ReservoirDataModel/RigVisibleCategoriesCalculator.cpp.o
[1548/3503] Building CXX object ApplicationLibCode/CMakeFiles/ApplicationLibCode.dir/ReservoirDataModel/RigWbsParameter.cpp.o
[1549/3503] Building CXX object ApplicationLibCode/CMakeFiles/ApplicationLibCode.dir/ReservoirDataModel/RigWeightedMeanCalc.cpp.o
[1550/3503] Building CXX object ApplicationLibCode/CMakeFiles/ApplicationLibCode.dir/ReservoirDataModel/RigFloodingSettings.cpp.o
[1551/3503] Building CXX object ApplicationLibCode/CMakeFiles/ApplicationLibCode.dir/ReservoirDataModel/RigPolygonTools.cpp.o
[1552/3503] Building CXX object ApplicationLibCode/CMakeFiles/ApplicationLibCode.dir/ReservoirDataModel/RigHydrocarbonFlowTools.cpp.o
[1553/3503] Building CXX object ApplicationLibCode/CMakeFiles/ApplicationLibCode.dir/ReservoirDataModel/RigDoglegTools.cpp.o
[1554/3503] Building CXX object ApplicationLibCode/CMakeFiles/ApplicationLibCode.dir/ReservoirDataModel/RigResdataGridConverter.cpp.o
[1555/3503] Building CXX object ApplicationLibCode/CMakeFiles/ApplicationLibCode.dir/ReservoirDataModel/RigGridExportAdapter.cpp.o
[1556/3503] Building CXX object ApplicationLibCode/CMakeFiles/ApplicationLibCode.dir/ReservoirDataModel/RigRefinement.cpp.o
[1557/3503] Building CXX object ApplicationLibCode/CMakeFiles/ApplicationLibCode.dir/ReservoirDataModel/RigNoRefinement.cpp.o
[1558/3503] Building CXX object ApplicationLibCode/CMakeFiles/ApplicationLibCode.dir/ReservoirDataModel/RigUniformRefinement.cpp.o
[1559/3503] Building CXX object ApplicationLibCode/CMakeFiles/ApplicationLibCode.dir/ReservoirDataModel/RigNonUniformRefinement.cpp.o
[1560/3503] Building CXX object ApplicationLibCode/CMakeFiles/ApplicationLibCode.dir/ReservoirDataModel/RigNestedHybridGridReconstructor.cpp.o
[1561/3503] Building CXX object ApplicationLibCode/CMakeFiles/ApplicationLibCode.dir/ReservoirDataModel/RigNestedHybridGridResultTools.cpp.o
[1562/3503] Building CXX object ApplicationLibCode/CMakeFiles/ApplicationLibCode.dir/ReservoirDataModel/RigCaseToCaseCellMapper.cpp.o
[1563/3503] Building CXX object ApplicationLibCode/CMakeFiles/ApplicationLibCode.dir/ReservoirDataModel/RigCaseToCaseCellMapperTools.cpp.o
[1564/3503] Building CXX object ApplicationLibCode/CMakeFiles/ApplicationLibCode.dir/ReservoirDataModel/RigCaseToCaseRangeFilterMapper.cpp.o
[1565/3503] Building CXX object ApplicationLibCode/CMakeFiles/ApplicationLibCode.dir/ReservoirDataModel/RigReservoirGridTools.cpp.o
[1566/3503] Building CXX object ApplicationLibCode/CMakeFiles/ApplicationLibCode.dir/ReservoirDataModel/Completions/RigCompletionData.cpp.o
[1567/3503] Building CXX object ApplicationLibCode/CMakeFiles/ApplicationLibCode.dir/ReservoirDataModel/Completions/RigCompletionDataGridCell.cpp.o
[1568/3503] Building CXX object ApplicationLibCode/CMakeFiles/ApplicationLibCode.dir/ReservoirDataModel/Completions/RigEclipseToStimPlanCellTransmissibilityCalculator.cpp.o
[1569/3503] Building CXX object ApplicationLibCode/CMakeFiles/ApplicationLibCode.dir/ReservoirDataModel/Completions/RigEclipseToThermalCellTransmissibilityCalculator.cpp.o
[1570/3503] Building CXX object ApplicationLibCode/CMakeFiles/ApplicationLibCode.dir/ReservoirDataModel/Completions/RigFractureTransmissibilityEquations.cpp.o
[1571/3503] Building CXX object ApplicationLibCode/CMakeFiles/ApplicationLibCode.dir/ReservoirDataModel/Completions/RigWellPathStimplanIntersector.cpp.o
[1572/3503] Building CXX object ApplicationLibCode/CMakeFiles/ApplicationLibCode.dir/ReservoirDataModel/Completions/RigTransmissibilityCondenser.cpp.o
[1573/3503] Building CXX object ApplicationLibCode/CMakeFiles/ApplicationLibCode.dir/ReservoirDataModel/Completions/RigVirtualPerforationTransmissibilities.cpp.o
[1574/3503] Building CXX object ApplicationLibCode/CMakeFiles/ApplicationLibCode.dir/ReservoirDataModel/Completions/RigPerforationTransmissibilityEquations.cpp.o
[1575/3503] Building CXX object ApplicationLibCode/CMakeFiles/ApplicationLibCode.dir/ReservoirDataModel/SimulationFile/RigModelPaddingSettings.cpp.o
[1576/3503] Building CXX object ApplicationLibCode/CMakeFiles/ApplicationLibCode.dir/ReservoirDataModel/Completions/RigEclipseToStimPlanCalculator.cpp.o
[1577/3503] Building CXX object ApplicationLibCode/CMakeFiles/ApplicationLibCode.dir/ReservoirDataModel/SimulationFile/RigSimulationInputSettings.cpp.o
[1578/3503] Building CXX object ApplicationLibCode/CMakeFiles/ApplicationLibCode.dir/ReservoirDataModel/SimulationFile/RigPadModel.cpp.o
[1579/3503] Building CXX object ApplicationLibCode/CMakeFiles/ApplicationLibCode.dir/ReservoirDataModel/CompletionsMsw/RigMswTableData.cpp.o
[1580/3503] Building CXX object ApplicationLibCode/CMakeFiles/ApplicationLibCode.dir/ReservoirDataModel/CompletionsMsw/RigMswDataFormatter.cpp.o
[1581/3503] Building CXX object ApplicationLibCode/CMakeFiles/ApplicationLibCode.dir/ReservoirDataModel/SimulationFile/RigSimulationInputTool.cpp.o
[1582/3503] Building CXX object ApplicationLibCode/CMakeFiles/ApplicationLibCode.dir/ReservoirDataModel/CompletionsMsw/RigMswUnifiedData.cpp.o
[1583/3503] Building CXX object ApplicationLibCode/CMakeFiles/ApplicationLibCode.dir/ReservoirDataModel/ContourMap/RigContourMapCalculator.cpp.o
[1584/3503] Building CXX object ApplicationLibCode/CMakeFiles/ApplicationLibCode.dir/ReservoirDataModel/ContourMap/RigContourMapGrid.cpp.o
[1585/3503] Building CXX object ApplicationLibCode/CMakeFiles/ApplicationLibCode.dir/ReservoirDataModel/ContourMap/RigContourPolygonsTools.cpp.o
[1586/3503] Building CXX object ApplicationLibCode/CMakeFiles/ApplicationLibCode.dir/ReservoirDataModel/ContourMap/RigContourMapProjection.cpp.o
[1587/3503] Building CXX object ApplicationLibCode/CMakeFiles/ApplicationLibCode.dir/ReservoirDataModel/ContourMap/RigContourMapTrianglesGenerator.cpp.o
[1588/3503] Building CXX object ApplicationLibCode/CMakeFiles/ApplicationLibCode.dir/ReservoirDataModel/ContourMap/RigEclipseContourMapProjection.cpp.o
[1589/3503] Building CXX object ApplicationLibCode/CMakeFiles/ApplicationLibCode.dir/ReservoirDataModel/ContourMap/RigStatisticsContourMapProjection.cpp.o
[1590/3503] Building CXX object ApplicationLibCode/CMakeFiles/ApplicationLibCode.dir/ReservoirDataModel/ContourMap/RigGeoMechContourMapProjection.cpp.o
[1591/3503] Building CXX object ApplicationLibCode/CMakeFiles/ApplicationLibCode.dir/ReservoirDataModel/ResultAccessors/RigResultAccessor.cpp.o
[1592/3503] Building CXX object ApplicationLibCode/CMakeFiles/ApplicationLibCode.dir/ReservoirDataModel/ResultAccessors/RigResultAccessorFactory.cpp.o
[1593/3503] Building CXX object ApplicationLibCode/CMakeFiles/ApplicationLibCode.dir/ReservoirDataModel/ResultAccessors/RigAllGridCellsResultAccessor.cpp.o
[1594/3503] Building CXX object ApplicationLibCode/CMakeFiles/ApplicationLibCode.dir/ReservoirDataModel/ResultAccessors/RigActiveCellsResultAccessor.cpp.o
[1595/3503] Building CXX object ApplicationLibCode/CMakeFiles/ApplicationLibCode.dir/ReservoirDataModel/ResultAccessors/RigCellEdgeResultAccessor.cpp.o
[1596/3503] Building CXX object ApplicationLibCode/CMakeFiles/ApplicationLibCode.dir/ReservoirDataModel/ResultAccessors/RigCombTransResultAccessor.cpp.o
[1597/3503] Building CXX object ApplicationLibCode/CMakeFiles/ApplicationLibCode.dir/ReservoirDataModel/ResultAccessors/RigCombMultResultAccessor.cpp.o
[1598/3503] Building CXX object ApplicationLibCode/CMakeFiles/ApplicationLibCode.dir/ReservoirDataModel/ResultAccessors/RigTernaryResultAccessor.cpp.o
[1599/3503] Building CXX object ApplicationLibCode/CMakeFiles/ApplicationLibCode.dir/ReservoirDataModel/ResultAccessors/RigTimeHistoryResultAccessor.cpp.o
[1600/3503] Building CXX object ApplicationLibCode/CMakeFiles/ApplicationLibCode.dir/ReservoirDataModel/ResultCalculators/RigEclipseResultCalculator.cpp.o
[1601/3503] Building CXX object ApplicationLibCode/CMakeFiles/ApplicationLibCode.dir/ReservoirDataModel/ResultAccessors/RigDepthResultAccessor.cpp.o
[1602/3503] Building CXX object ApplicationLibCode/CMakeFiles/ApplicationLibCode.dir/ReservoirDataModel/ResultCalculators/RigSoilResultCalculator.cpp.o
[1603/3503] Building CXX object ApplicationLibCode/CMakeFiles/ApplicationLibCode.dir/ReservoirDataModel/ResultCalculators/RigSwatResultCalculator.cpp.o
[1604/3503] Building CXX object ApplicationLibCode/CMakeFiles/ApplicationLibCode.dir/ReservoirDataModel/ResultCalculators/RigSgasResultCalculator.cpp.o
[1605/3503] Building CXX object ApplicationLibCode/CMakeFiles/ApplicationLibCode.dir/ReservoirDataModel/ResultCalculators/RigFaultDistanceCalculator.cpp.o
[1606/3503] Building CXX object ApplicationLibCode/CMakeFiles/ApplicationLibCode.dir/ReservoirDataModel/ResultCalculators/RigFaultDistanceResultCalculator.cpp.o
[1607/3503] Building CXX object ApplicationLibCode/CMakeFiles/ApplicationLibCode.dir/ReservoirDataModel/ResultCalculators/RigSelectedFaultDistanceResultCalculator.cpp.o
[1608/3503] Building CXX object ApplicationLibCode/CMakeFiles/ApplicationLibCode.dir/ReservoirDataModel/ResultCalculators/RigMobilePoreVolumeResultCalculator.cpp.o
[1609/3503] Building CXX object ApplicationLibCode/CMakeFiles/ApplicationLibCode.dir/ReservoirDataModel/ResultCalculators/RigIndexIjkResultCalculator.cpp.o
[1610/3503] Building CXX object ApplicationLibCode/CMakeFiles/ApplicationLibCode.dir/ReservoirDataModel/ResultCalculators/RigOilVolumeResultCalculator.cpp.o
[1611/3503] Building CXX object ApplicationLibCode/CMakeFiles/ApplicationLibCode.dir/ReservoirDataModel/ResultCalculators/RigCellVolumeResultCalculator.cpp.o
[1612/3503] Building CXX object ApplicationLibCode/CMakeFiles/ApplicationLibCode.dir/ReservoirDataModel/ResultCalculators/RigAllanUtil.cpp.o
[1613/3503] Building CXX object ApplicationLibCode/CMakeFiles/ApplicationLibCode.dir/ReservoirDataModel/ResultCalculators/RigCellsWithNncsCalculator.cpp.o
[1614/3503] Building CXX object ApplicationLibCode/CMakeFiles/ApplicationLibCode.dir/ReservoirDataModel/ResultCalculators/RigPorvSoilSgasResultCalculator.cpp.o
[1615/3503] Building CXX object ApplicationLibCode/CMakeFiles/ApplicationLibCode.dir/ReservoirDataModel/Well/RigEclipseWellLogExtractor.cpp.o
[1616/3503] Building CXX object ApplicationLibCode/CMakeFiles/ApplicationLibCode.dir/ReservoirDataModel/Well/RigAccWellFlowCalculator.cpp.o
[1617/3503] Building CXX object ApplicationLibCode/CMakeFiles/ApplicationLibCode.dir/ReservoirDataModel/Well/RigFishbonesGeometry.cpp.o
[1618/3503] Building CXX object ApplicationLibCode/CMakeFiles/ApplicationLibCode.dir/ReservoirDataModel/Well/RigGeoMechWellLogExtractor.cpp.o
[1619/3503] Building CXX object ApplicationLibCode/CMakeFiles/ApplicationLibCode.dir/ReservoirDataModel/Well/RigMswCenterLineCalculator.cpp.o
[1620/3503] Building CXX object ApplicationLibCode/CMakeFiles/ApplicationLibCode.dir/ReservoirDataModel/Well/RigOsduWellLogData.cpp.o
[1621/3503] Building CXX object ApplicationLibCode/CMakeFiles/ApplicationLibCode.dir/ReservoirDataModel/Well/RigSimulationWellCoordsAndMD.cpp.o
[1622/3503] Building CXX object ApplicationLibCode/CMakeFiles/ApplicationLibCode.dir/ReservoirDataModel/Well/RigSimulationWellCenterLineCalculator.cpp.o
[1623/3503] Building CXX object ApplicationLibCode/CMakeFiles/ApplicationLibCode.dir/ReservoirDataModel/Well/RigSimWellData.cpp.o
[1624/3503] Building CXX object ApplicationLibCode/CMakeFiles/ApplicationLibCode.dir/ReservoirDataModel/Well/RigWellDiskData.cpp.o
[1625/3503] Building CXX object ApplicationLibCode/CMakeFiles/ApplicationLibCode.dir/ReservoirDataModel/Well/RigWellLogCurveData.cpp.o
[1626/3503] Building CXX object ApplicationLibCode/CMakeFiles/ApplicationLibCode.dir/ReservoirDataModel/Well/RigWellAllocationOverTime.cpp.o
[1627/3503] Building CXX object ApplicationLibCode/CMakeFiles/ApplicationLibCode.dir/ReservoirDataModel/Well/RigWellLogIndexDepthOffset.cpp.o
[1628/3503] Building CXX object ApplicationLibCode/CMakeFiles/ApplicationLibCode.dir/ReservoirDataModel/Well/RigWellLogExtractor.cpp.o
[1629/3503] Building CXX object ApplicationLibCode/CMakeFiles/ApplicationLibCode.dir/ReservoirDataModel/Well/RigWellPath.cpp.o
[1630/3503] Building CXX object ApplicationLibCode/CMakeFiles/ApplicationLibCode.dir/ReservoirDataModel/Well/RigWellPathFormations.cpp.o
[1631/3503] Building CXX object ApplicationLibCode/CMakeFiles/ApplicationLibCode.dir/ReservoirDataModel/Well/RigWellPathGeometryExporter.cpp.o
[1632/3503] Building CXX object ApplicationLibCode/CMakeFiles/ApplicationLibCode.dir/ReservoirDataModel/Well/RigWellPathGeometryTools.cpp.o
[1633/3503] Building CXX object ApplicationLibCode/CMakeFiles/ApplicationLibCode.dir/ReservoirDataModel/Well/RigWellPathIntersectionTools.cpp.o
[1634/3503] Building CXX object ApplicationLibCode/CMakeFiles/ApplicationLibCode.dir/ReservoirDataModel/Well/RigWellResultBranch.cpp.o
[1635/3503] Building CXX object ApplicationLibCode/CMakeFiles/ApplicationLibCode.dir/ReservoirDataModel/Well/RigWellResultFrame.cpp.o
[1636/3503] Building CXX object ApplicationLibCode/CMakeFiles/ApplicationLibCode.dir/ReservoirDataModel/Well/RigWellResultPoint.cpp.o
[1637/3503] Building CXX object ApplicationLibCode/CMakeFiles/ApplicationLibCode.dir/ReservoirDataModel/Well/RigWellTargetMappingTools.cpp.o
[1638/3503] Building CXX object ApplicationLibCode/CMakeFiles/ApplicationLibCode.dir/ReservoirDataModel/Well/RigWellTargetMapping.cpp.o
[1639/3503] Building CXX object ApplicationLibCode/CMakeFiles/ApplicationLibCode.dir/ReservoirDataModel/Well/RigWellLogData.cpp.o
[1640/3503] Building CXX object ApplicationLibCode/CMakeFiles/ApplicationLibCode.dir/ReservoirDataModel/Well/RigWellLogLasFile.cpp.o
[1641/3503] Building CXX object ApplicationLibCode/CMakeFiles/ApplicationLibCode.dir/ReservoirDataModel/Well/RigImportedWellLogData.cpp.o
[1642/3503] Building CXX object ApplicationLibCode/CMakeFiles/ApplicationLibCode.dir/ReservoirDataModel/Well/RigWellLogCsvFile.cpp.o
[1643/3503] Building CXX object ApplicationLibCode/CMakeFiles/ApplicationLibCode.dir/ReservoirDataModel/Surface/RigSurface.cpp.o
[1644/3503] Building CXX object ApplicationLibCode/CMakeFiles/ApplicationLibCode.dir/ReservoirDataModel/Surface/RigSurfaceResampler.cpp.o
[1645/3503] Building CXX object ApplicationLibCode/CMakeFiles/ApplicationLibCode.dir/ReservoirDataModel/Surface/RigTriangleMeshData.cpp.o
[1646/3503] Building CXX object ApplicationLibCode/CMakeFiles/ApplicationLibCode.dir/ReservoirDataModel/Surface/RigSurfaceStatisticsCalculator.cpp.o
[1647/3503] Building CXX object ApplicationLibCode/CMakeFiles/ApplicationLibCode.dir/FileInterface/RifTextDataTableFormatter.cpp.o
[1648/3503] Building CXX object ApplicationLibCode/CMakeFiles/ApplicationLibCode.dir/FileInterface/RifEclipseInputFileTools.cpp.o
[1649/3503] Building CXX object ApplicationLibCode/CMakeFiles/ApplicationLibCode.dir/FileInterface/RifRoffFileTools.cpp.o
[1650/3503] Building CXX object ApplicationLibCode/CMakeFiles/ApplicationLibCode.dir/FileInterface/RifEclipseOutputFileTools.cpp.o
[1651/3503] Building CXX object ApplicationLibCode/CMakeFiles/ApplicationLibCode.dir/FileInterface/RifEclipseRestartFilesetAccess.cpp.o
[1652/3503] Building CXX object ApplicationLibCode/CMakeFiles/ApplicationLibCode.dir/FileInterface/RifEclipseSummaryTools.cpp.o
[1653/3503] Building CXX object ApplicationLibCode/CMakeFiles/ApplicationLibCode.dir/FileInterface/RifEclipseUnifiedRestartFileAccess.cpp.o
[1654/3503] Building CXX object ApplicationLibCode/CMakeFiles/ApplicationLibCode.dir/FileInterface/RifReaderEclipseInput.cpp.o
[1655/3503] Building CXX object ApplicationLibCode/CMakeFiles/ApplicationLibCode.dir/FileInterface/RifPerforationIntervalReader.cpp.o
[1656/3503] Building CXX object ApplicationLibCode/CMakeFiles/ApplicationLibCode.dir/FileInterface/RifReaderEclipseWell.cpp.o
[1657/3503] Building CXX object ApplicationLibCode/CMakeFiles/ApplicationLibCode.dir/FileInterface/RifReaderEclipseOutput.cpp.o
[1658/3503] Building CXX object ApplicationLibCode/CMakeFiles/ApplicationLibCode.dir/FileInterface/RifSummaryReaderInterface.cpp.o
[1659/3503] Building CXX object ApplicationLibCode/CMakeFiles/ApplicationLibCode.dir/FileInterface/RifEclipseUserDataParserTools.cpp.o
[1660/3503] Building CXX object ApplicationLibCode/CMakeFiles/ApplicationLibCode.dir/FileInterface/RifColumnBasedUserDataParser.cpp.o
[1661/3503] Building CXX object ApplicationLibCode/CMakeFiles/ApplicationLibCode.dir/FileInterface/RifKeywordVectorParser.cpp.o
[1662/3503] Building CXX object ApplicationLibCode/CMakeFiles/ApplicationLibCode.dir/FileInterface/RifReaderObservedData.cpp.o
[1663/3503] Building CXX object ApplicationLibCode/CMakeFiles/ApplicationLibCode.dir/FileInterface/RifReaderRftInterface.cpp.o
[1664/3503] Building CXX object ApplicationLibCode/CMakeFiles/ApplicationLibCode.dir/FileInterface/RifReaderEclipseSummary.cpp.o
[1665/3503] Building CXX object ApplicationLibCode/CMakeFiles/ApplicationLibCode.dir/FileInterface/RifJsonEncodeDecode.cpp.o
[1666/3503] Building CXX object ApplicationLibCode/CMakeFiles/ApplicationLibCode.dir/FileInterface/RifReaderFmuRft.cpp.o
[1667/3503] Building CXX object ApplicationLibCode/CMakeFiles/ApplicationLibCode.dir/FileInterface/RifReaderInterface.cpp.o
[1668/3503] Building CXX object ApplicationLibCode/CMakeFiles/ApplicationLibCode.dir/FileInterface/RifReaderMockModel.cpp.o
[1669/3503] Building CXX object ApplicationLibCode/CMakeFiles/ApplicationLibCode.dir/FileInterface/RifEclipseSummaryAddress.cpp.o
[1670/3503] Building CXX object ApplicationLibCode/CMakeFiles/ApplicationLibCode.dir/FileInterface/RifEclipseRftAddress.cpp.o
[1671/3503] Building CXX object ApplicationLibCode/CMakeFiles/ApplicationLibCode.dir/FileInterface/RifHdf5ReaderInterface.cpp.o
[1672/3503] Building CXX object ApplicationLibCode/CMakeFiles/ApplicationLibCode.dir/FileInterface/RifWellPathImporter.cpp.o
[1673/3503] Building CXX object ApplicationLibCode/CMakeFiles/ApplicationLibCode.dir/FileInterface/RifKeywordVectorUserData.cpp.o
[1674/3503] Building CXX object ApplicationLibCode/CMakeFiles/ApplicationLibCode.dir/FileInterface/RifColumnBasedUserData.cpp.o
[1675/3503] Building CXX object ApplicationLibCode/CMakeFiles/ApplicationLibCode.dir/FileInterface/RifDataSourceForRftPlt.cpp.o
[1676/3503] Building CXX object ApplicationLibCode/CMakeFiles/ApplicationLibCode.dir/FileInterface/RifEclipseUserDataKeywordTools.cpp.o
[1677/3503] Building CXX object ApplicationLibCode/CMakeFiles/ApplicationLibCode.dir/FileInterface/RifCsvUserData.cpp.o
[1678/3503] Building CXX object ApplicationLibCode/CMakeFiles/ApplicationLibCode.dir/FileInterface/RifCsvUserDataParser.cpp.o
[1679/3503] Building CXX object ApplicationLibCode/CMakeFiles/ApplicationLibCode.dir/FileInterface/RifWellMeasurementReader.cpp.o
[1680/3503] Building CXX object ApplicationLibCode/CMakeFiles/ApplicationLibCode.dir/FileInterface/RifWellPathFormationReader.cpp.o
[1681/3503] Building CXX object ApplicationLibCode/CMakeFiles/ApplicationLibCode.dir/FileInterface/RifWellPathFormationsImporter.cpp.o
[1682/3503] Building CXX object ApplicationLibCode/CMakeFiles/ApplicationLibCode.dir/FileInterface/RifElementPropertyReader.cpp.o
[1683/3503] Building CXX object ApplicationLibCode/CMakeFiles/ApplicationLibCode.dir/FileInterface/RifElementPropertyTableReader.cpp.o
[1684/3503] Building CXX object ApplicationLibCode/CMakeFiles/ApplicationLibCode.dir/FileInterface/RifThermalFractureReader.cpp.o
[1685/3503] Building CXX object ApplicationLibCode/CMakeFiles/ApplicationLibCode.dir/FileInterface/RifStimPlanXmlReader.cpp.o
[1686/3503] Building CXX object ApplicationLibCode/CMakeFiles/ApplicationLibCode.dir/FileInterface/RifSummaryCaseRestartSelector.cpp.o
[1687/3503] Building CXX object ApplicationLibCode/CMakeFiles/ApplicationLibCode.dir/FileInterface/RifCaseRealizationParametersReader.cpp.o
[1688/3503] Building CXX object ApplicationLibCode/CMakeFiles/ApplicationLibCode.dir/FileInterface/RifFileParseTools.cpp.o
[1689/3503] Building CXX object ApplicationLibCode/CMakeFiles/ApplicationLibCode.dir/FileInterface/RifActiveCellsReader.cpp.o
[1690/3503] Building CXX object ApplicationLibCode/CMakeFiles/ApplicationLibCode.dir/FileInterface/RifCsvDataTableFormatter.cpp.o
[1691/3503] Building CXX object ApplicationLibCode/CMakeFiles/ApplicationLibCode.dir/FileInterface/RifEclipseInputPropertyLoader.cpp.o
[1692/3503] Building CXX object ApplicationLibCode/CMakeFiles/ApplicationLibCode.dir/FileInterface/RifReaderEnsembleStatisticsRft.cpp.o
[1693/3503] Building CXX object ApplicationLibCode/CMakeFiles/ApplicationLibCode.dir/FileInterface/RifInputPropertyLoader.cpp.o
[1694/3503] Building CXX object ApplicationLibCode/CMakeFiles/ApplicationLibCode.dir/FileInterface/RifSurfaceImporter.cpp.o
[1695/3503] Building CXX object ApplicationLibCode/CMakeFiles/ApplicationLibCode.dir/FileInterface/RifRoffWriter.cpp.o
[1696/3503] Building CXX object ApplicationLibCode/CMakeFiles/ApplicationLibCode.dir/FileInterface/RifRoffReader.cpp.o
[1697/3503] Building CXX object ApplicationLibCode/CMakeFiles/ApplicationLibCode.dir/FileInterface/RifElasticPropertiesReader.cpp.o
[1698/3503] Building CXX object ApplicationLibCode/CMakeFiles/ApplicationLibCode.dir/FileInterface/RifFormationNamesReader.cpp.o
[1699/3503] Building CXX object ApplicationLibCode/CMakeFiles/ApplicationLibCode.dir/FileInterface/RifStimPlanModelExporter.cpp.o
[1700/3503] Building CXX object ApplicationLibCode/CMakeFiles/ApplicationLibCode.dir/FileInterface/RifStimPlanModelDeviationFrkExporter.cpp.o
[1701/3503] Building CXX object ApplicationLibCode/CMakeFiles/ApplicationLibCode.dir/FileInterface/RifStimPlanModelGeologicalFrkExporter.cpp.o
[1702/3503] Building CXX object ApplicationLibCode/CMakeFiles/ApplicationLibCode.dir/FileInterface/RifStimPlanModelAsymmetricFrkExporter.cpp.o
[1703/3503] Building CXX object ApplicationLibCode/CMakeFiles/ApplicationLibCode.dir/FileInterface/RifStimPlanModelPerfsFrkExporter.cpp.o
[1704/3503] Building CXX object ApplicationLibCode/CMakeFiles/ApplicationLibCode.dir/FileInterface/RifSurfaceExporter.cpp.o
[1705/3503] Building CXX object ApplicationLibCode/CMakeFiles/ApplicationLibCode.dir/FileInterface/RifThermalFractureTemplateSurfaceExporter.cpp.o
[1706/3503] Building CXX object ApplicationLibCode/CMakeFiles/ApplicationLibCode.dir/FileInterface/RifParameterXmlReader.cpp.o
[1707/3503] Building CXX object ApplicationLibCode/CMakeFiles/ApplicationLibCode.dir/FileInterface/RifOpmCommonSummary.cpp.o
[1708/3503] Building CXX object ApplicationLibCode/CMakeFiles/ApplicationLibCode.dir/FileInterface/RifOpmDeckTools.cpp.o
[1709/3503] Building CXX object ApplicationLibCode/CMakeFiles/ApplicationLibCode.dir/FileInterface/RifOpmFlowDeckFile.cpp.o
[1710/3503] Building CXX object ApplicationLibCode/CMakeFiles/ApplicationLibCode.dir/FileInterface/RifEnsembleFractureStatisticsExporter.cpp.o
[1711/3503] Building CXX object ApplicationLibCode/CMakeFiles/ApplicationLibCode.dir/FileInterface/RifEventKeywordFormatter.cpp.o
[1712/3503] Building CXX object ApplicationLibCode/CMakeFiles/ApplicationLibCode.dir/FileInterface/RifSummaryReaderAggregator.cpp.o
[1713/3503] Building CXX object ApplicationLibCode/CMakeFiles/ApplicationLibCode.dir/FileInterface/RifWellIAFileWriter.cpp.o
[1714/3503] Building CXX object ApplicationLibCode/CMakeFiles/ApplicationLibCode.dir/FileInterface/RifEclEclipseSummary.cpp.o
[1715/3503] Building CXX object ApplicationLibCode/CMakeFiles/ApplicationLibCode.dir/FileInterface/RifEclipseTextFileReader.cpp.o
[1716/3503] Building CXX object ApplicationLibCode/CMakeFiles/ApplicationLibCode.dir/FileInterface/RifMultipleSummaryReaders.cpp.o
[1717/3503] Building CXX object ApplicationLibCode/CMakeFiles/ApplicationLibCode.dir/FileInterface/RifProjectSummaryDataWriter.cpp.o
[1718/3503] Building CXX object ApplicationLibCode/CMakeFiles/ApplicationLibCode.dir/FileInterface/RifRftSegment.cpp.o
[1719/3503] Building CXX object ApplicationLibCode/CMakeFiles/ApplicationLibCode.dir/FileInterface/RifPressureDepthTextFileReader.cpp.o
[1720/3503] Building CXX object ApplicationLibCode/CMakeFiles/ApplicationLibCode.dir/FileInterface/RifReaderOpmRft.cpp.o
[1721/3503] Building CXX object ApplicationLibCode/CMakeFiles/ApplicationLibCode.dir/FileInterface/RifSeismicReader.cpp.o
[1722/3503] Building CXX object ApplicationLibCode/CMakeFiles/ApplicationLibCode.dir/FileInterface/RifReaderPressureDepthData.cpp.o
[1723/3503] Building CXX object ApplicationLibCode/CMakeFiles/ApplicationLibCode.dir/FileInterface/RifSeismicZGYReader.cpp.o
[1724/3503] Building CXX object ApplicationLibCode/CMakeFiles/ApplicationLibCode.dir/FileInterface/RifCsvSummaryReader.cpp.o
[1725/3503] Building CXX object ApplicationLibCode/CMakeFiles/ApplicationLibCode.dir/FileInterface/RifOpmRadialGridTools.cpp.o
[1726/3503] Building CXX object ApplicationLibCode/CMakeFiles/ApplicationLibCode.dir/FileInterface/RifRevealCsvSummaryReader.cpp.o
[1727/3503] Building CXX object ApplicationLibCode/CMakeFiles/ApplicationLibCode.dir/FileInterface/RifEclipseReportKeywords.cpp.o
[1728/3503] Building CXX object ApplicationLibCode/CMakeFiles/ApplicationLibCode.dir/FileInterface/RifStimPlanCsvSummaryReader.cpp.o
[1729/3503] Building CXX object ApplicationLibCode/CMakeFiles/ApplicationLibCode.dir/FileInterface/RifRevealCsvSectionSummaryReader.cpp.o
[1730/3503] Building CXX object ApplicationLibCode/CMakeFiles/ApplicationLibCode.dir/FileInterface/RifReaderOpmCommonActive.cpp.o
[1731/3503] Building CXX object ApplicationLibCode/CMakeFiles/ApplicationLibCode.dir/FileInterface/RifInpExportTools.cpp.o
[1732/3503] Building CXX object ApplicationLibCode/CMakeFiles/ApplicationLibCode.dir/FileInterface/RifReaderOpmCommon.cpp.o
[1733/3503] Building CXX object ApplicationLibCode/CMakeFiles/ApplicationLibCode.dir/FileInterface/RifEdfmTools.cpp.o
[1734/3503] Building CXX object ApplicationLibCode/CMakeFiles/ApplicationLibCode.dir/FileInterface/RifThermalToStimPlanFractureXmlOutput.cpp.o
[1735/3503] Building CXX object ApplicationLibCode/CMakeFiles/ApplicationLibCode.dir/FileInterface/RifFaultReactivationModelExporter.cpp.o
[1736/3503] Building CXX object ApplicationLibCode/CMakeFiles/ApplicationLibCode.dir/FileInterface/RifEclipseSummaryAddressDefines.cpp.o
[1737/3503] Building CXX object ApplicationLibCode/CMakeFiles/ApplicationLibCode.dir/FileInterface/RifGridCalculationImporter.cpp.o
[1738/3503] Building CXX object ApplicationLibCode/CMakeFiles/ApplicationLibCode.dir/FileInterface/RifGridCalculationExporter.cpp.o
[1739/3503] Building CXX object ApplicationLibCode/CMakeFiles/ApplicationLibCode.dir/FileInterface/RifSummaryCalculationExporter.cpp.o
[1740/3503] Building CXX object ApplicationLibCode/CMakeFiles/ApplicationLibCode.dir/FileInterface/RifSummaryCalculationImporter.cpp.o
[1741/3503] Building CXX object ApplicationLibCode/CMakeFiles/ApplicationLibCode.dir/FileInterface/RifPolygonReader.cpp.o
[1742/3503] Building CXX object ApplicationLibCode/CMakeFiles/ApplicationLibCode.dir/FileInterface/RifOsduWellLogReader.cpp.o
[1743/3503] Building CXX object ApplicationLibCode/CMakeFiles/ApplicationLibCode.dir/FileInterface/RifOsduWellPathReader.cpp.o
[1744/3503] Building CXX object ApplicationLibCode/CMakeFiles/ApplicationLibCode.dir/FileInterface/RifByteArrayArrowRandomAccessFile.cpp.o
[1745/3503] Building CXX object ApplicationLibCode/CMakeFiles/ApplicationLibCode.dir/FileInterface/RifArrowTools.cpp.o
[1746/3503] Building CXX object ApplicationLibCode/CMakeFiles/ApplicationLibCode.dir/FileInterface/RifVfpInjTable.cpp.o
[1747/3503] Building CXX object ApplicationLibCode/CMakeFiles/ApplicationLibCode.dir/FileInterface/RifVfpProdTable.cpp.o
[1748/3503] Building CXX object ApplicationLibCode/CMakeFiles/ApplicationLibCode.dir/FileInterface/RifReaderRegularGridModel.cpp.o
[1749/3503] Building CXX object ApplicationLibCode/CMakeFiles/ApplicationLibCode.dir/FileInterface/RifVtkSurfaceImporter.cpp.o
[1750/3503] Building CXX object ApplicationLibCode/CMakeFiles/ApplicationLibCode.dir/FileInterface/RifSurfio.cpp.o
[1751/3503] Building CXX object ApplicationLibCode/CMakeFiles/ApplicationLibCode.dir/FileInterface/RifFileTools.cpp.o
[1752/3503] Building CXX object ApplicationLibCode/CMakeFiles/ApplicationLibCode.dir/FileInterface/RifVtkImportUtil.cpp.o
[1753/3503] Building CXX object ApplicationLibCode/CMakeFiles/ApplicationLibCode.dir/FileInterface/RifRmsWellPathReader.cpp.o
[1754/3503] Building CXX object ApplicationLibCode/CMakeFiles/ApplicationLibCode.dir/FileInterface/RifEnsembleImportConfig.cpp.o
[1755/3503] Building CXX object ApplicationLibCode/CMakeFiles/ApplicationLibCode.dir/FileInterface/RifOpmSummaryTools.cpp.o
[1756/3503] Building CXX object ApplicationLibCode/CMakeFiles/ApplicationLibCode.dir/ProjectDataModel/RimCaseCollection.cpp.o
[1757/3503] Building CXX object ApplicationLibCode/CMakeFiles/ApplicationLibCode.dir/ProjectDataModel/RimEclipseCaseCollection.cpp.o
[1758/3503] Building CXX object ApplicationLibCode/CMakeFiles/ApplicationLibCode.dir/ProjectDataModel/RimOilField.cpp.o
[1759/3503] Building CXX object ApplicationLibCode/CMakeFiles/ApplicationLibCode.dir/ProjectDataModel/RimRegularLegendConfig.cpp.o
[1760/3503] Building CXX object ApplicationLibCode/CMakeFiles/ApplicationLibCode.dir/ProjectDataModel/RimProject.cpp.o
[1761/3503] Building CXX object ApplicationLibCode/CMakeFiles/ApplicationLibCode.dir/ProjectDataModel/RimEclipseCase.cpp.o
[1762/3503] Building CXX object ApplicationLibCode/CMakeFiles/ApplicationLibCode.dir/ProjectDataModel/RimDataAnalyticsCollection.cpp.o
[1763/3503] Building CXX object ApplicationLibCode/CMakeFiles/ApplicationLibCode.dir/ProjectDataModel/RimIdenticalGridCaseGroup.cpp.o
[1764/3503] Building CXX object ApplicationLibCode/CMakeFiles/ApplicationLibCode.dir/ProjectDataModel/RimEclipseInputProperty.cpp.o
[1765/3503] Building CXX object ApplicationLibCode/CMakeFiles/ApplicationLibCode.dir/ProjectDataModel/RimEclipseInputPropertyCollection.cpp.o
[1766/3503] Building CXX object ApplicationLibCode/CMakeFiles/ApplicationLibCode.dir/ProjectDataModel/RimEclipseInputCase.cpp.o
[1767/3503] Building CXX object ApplicationLibCode/CMakeFiles/ApplicationLibCode.dir/ProjectDataModel/RimEclipseResultCase.cpp.o
[1768/3503] Building CXX object ApplicationLibCode/CMakeFiles/ApplicationLibCode.dir/ProjectDataModel/RimEclipseResultDefinition.cpp.o
[1769/3503] Building CXX object ApplicationLibCode/CMakeFiles/ApplicationLibCode.dir/ProjectDataModel/RimEclipseView.cpp.o
[1770/3503] Building CXX object ApplicationLibCode/CMakeFiles/ApplicationLibCode.dir/ProjectDataModel/RimEclipseCellColors.cpp.o
[1771/3503] Building CXX object ApplicationLibCode/CMakeFiles/ApplicationLibCode.dir/ProjectDataModel/RimCellEdgeColors.cpp.o
[1772/3503] Building CXX object ApplicationLibCode/CMakeFiles/ApplicationLibCode.dir/ProjectDataModel/RimSimWellInView.cpp.o
[1773/3503] Building CXX object ApplicationLibCode/CMakeFiles/ApplicationLibCode.dir/ProjectDataModel/RimSimWellInViewTools.cpp.o
[1774/3503] Building CXX object ApplicationLibCode/CMakeFiles/ApplicationLibCode.dir/ProjectDataModel/RimSimWellInViewCollection.cpp.o
[1775/3503] Building CXX object ApplicationLibCode/CMakeFiles/ApplicationLibCode.dir/ProjectDataModel/RimScriptCollection.cpp.o
[1776/3503] Building CXX object ApplicationLibCode/CMakeFiles/ApplicationLibCode.dir/ProjectDataModel/RimEclipseStatisticsCaseCollection.cpp.o
[1777/3503] Building CXX object ApplicationLibCode/CMakeFiles/ApplicationLibCode.dir/ProjectDataModel/RimEclipseStatisticsCase.cpp.o
[1778/3503] Building CXX object ApplicationLibCode/CMakeFiles/ApplicationLibCode.dir/ProjectDataModel/RimCalcScript.cpp.o
[1779/3503] Building CXX object ApplicationLibCode/CMakeFiles/ApplicationLibCode.dir/ProjectDataModel/RimExportInputPropertySettings.cpp.o
[1780/3503] Building CXX object ApplicationLibCode/CMakeFiles/ApplicationLibCode.dir/ProjectDataModel/RimBinaryExportSettings.cpp.o
[1781/3503] Building CXX object ApplicationLibCode/CMakeFiles/ApplicationLibCode.dir/ProjectDataModel/RimHistogramCalculator.cpp.o
[1782/3503] Building CXX object ApplicationLibCode/CMakeFiles/ApplicationLibCode.dir/ProjectDataModel/Rim3dOverlayInfoConfig.cpp.o
[1783/3503] Building CXX object ApplicationLibCode/CMakeFiles/ApplicationLibCode.dir/ProjectDataModel/RimTensorResults.cpp.o
[1784/3503] Building CXX object ApplicationLibCode/CMakeFiles/ApplicationLibCode.dir/ProjectDataModel/RimReservoirCellResultsStorage.cpp.o
[1785/3503] Building CXX object ApplicationLibCode/CMakeFiles/ApplicationLibCode.dir/ProjectDataModel/RimMimeData.cpp.o
[1786/3503] Building CXX object ApplicationLibCode/CMakeFiles/ApplicationLibCode.dir/ProjectDataModel/RimEclipseStatisticsCaseEvaluator.cpp.o
[1787/3503] Building CXX object ApplicationLibCode/CMakeFiles/ApplicationLibCode.dir/ProjectDataModel/RimTools.cpp.o
[1788/3503] Building CXX object ApplicationLibCode/CMakeFiles/ApplicationLibCode.dir/ProjectDataModel/RimMockModelSettings.cpp.o
[1789/3503] Building CXX object ApplicationLibCode/CMakeFiles/ApplicationLibCode.dir/ProjectDataModel/RimEclipseFaultColors.cpp.o
[1790/3503] Building CXX object ApplicationLibCode/CMakeFiles/ApplicationLibCode.dir/ProjectDataModel/RimTernaryLegendConfig.cpp.o
[1791/3503] Building CXX object ApplicationLibCode/CMakeFiles/ApplicationLibCode.dir/ProjectDataModel/RimViewWindow.cpp.o
[1792/3503] Building CXX object ApplicationLibCode/CMakeFiles/ApplicationLibCode.dir/ProjectDataModel/RimMudWeightWindowParameters.cpp.o
[1793/3503] Building CXX object ApplicationLibCode/CMakeFiles/ApplicationLibCode.dir/ProjectDataModel/RimGridView.cpp.o
[1794/3503] Building CXX object ApplicationLibCode/CMakeFiles/ApplicationLibCode.dir/ProjectDataModel/Rim3dView.cpp.o
[1795/3503] Building CXX object ApplicationLibCode/CMakeFiles/ApplicationLibCode.dir/ProjectDataModel/Rim2dIntersectionView.cpp.o
[1796/3503] Building CXX object ApplicationLibCode/CMakeFiles/ApplicationLibCode.dir/ProjectDataModel/Rim2dIntersectionViewCollection.cpp.o
[1797/3503] Building CXX object ApplicationLibCode/CMakeFiles/ApplicationLibCode.dir/ProjectDataModel/RimViewManipulator.cpp.o
[1798/3503] Building CXX object ApplicationLibCode/CMakeFiles/ApplicationLibCode.dir/ProjectDataModel/RimCase.cpp.o
[1799/3503] Building CXX object ApplicationLibCode/CMakeFiles/ApplicationLibCode.dir/ProjectDataModel/RimViewController.cpp.o
[1800/3503] Building CXX object ApplicationLibCode/CMakeFiles/ApplicationLibCode.dir/ProjectDataModel/RimRftPlotCollection.cpp.o
[1801/3503] Building CXX object ApplicationLibCode/CMakeFiles/ApplicationLibCode.dir/ProjectDataModel/RimMainPlotCollection.cpp.o
[1802/3503] Building CXX object ApplicationLibCode/CMakeFiles/ApplicationLibCode.dir/ProjectDataModel/RimPltPlotCollection.cpp.o
[1803/3503] Building CXX object ApplicationLibCode/CMakeFiles/ApplicationLibCode.dir/ProjectDataModel/RimPlot.cpp.o
[1804/3503] Building CXX object ApplicationLibCode/CMakeFiles/ApplicationLibCode.dir/ProjectDataModel/RimPlotWindow.cpp.o
[1805/3503] Building CXX object ApplicationLibCode/CMakeFiles/ApplicationLibCode.dir/ProjectDataModel/RimMultiPlot.cpp.o
[1806/3503] Building CXX object ApplicationLibCode/CMakeFiles/ApplicationLibCode.dir/ProjectDataModel/RimWellBoreStabilityPlot.cpp.o
[1807/3503] Building CXX object ApplicationLibCode/CMakeFiles/ApplicationLibCode.dir/ProjectDataModel/RimDepthTrackPlot.cpp.o
[1808/3503] Building CXX object ApplicationLibCode/CMakeFiles/ApplicationLibCode.dir/ProjectDataModel/RimWbsParameters.cpp.o
[1809/3503] Building CXX object ApplicationLibCode/CMakeFiles/ApplicationLibCode.dir/ProjectDataModel/RimViewLinker.cpp.o
[1810/3503] Building CXX object ApplicationLibCode/CMakeFiles/ApplicationLibCode.dir/ProjectDataModel/RimViewLinkerCollection.cpp.o
[1811/3503] Building CXX object ApplicationLibCode/CMakeFiles/ApplicationLibCode.dir/ProjectDataModel/RimGridCollection.cpp.o
[1812/3503] Building CXX object ApplicationLibCode/CMakeFiles/ApplicationLibCode.dir/ProjectDataModel/RimContextCommandBuilder.cpp.o
[1813/3503] Building CXX object ApplicationLibCode/CMakeFiles/ApplicationLibCode.dir/ProjectDataModel/RimRefinementRegion.cpp.o
[1814/3503] Building CXX object ApplicationLibCode/CMakeFiles/ApplicationLibCode.dir/ProjectDataModel/RimRefinementRegionCollection.cpp.o
[1815/3503] Building CXX object ApplicationLibCode/CMakeFiles/ApplicationLibCode.dir/ProjectDataModel/RimPlotCurveAppearance.cpp.o
[1816/3503] Building CXX object ApplicationLibCode/CMakeFiles/ApplicationLibCode.dir/ProjectDataModel/RimPlotCurve.cpp.o
[1817/3503] Building CXX object ApplicationLibCode/CMakeFiles/ApplicationLibCode.dir/ProjectDataModel/RimStackablePlotCurve.cpp.o
[1818/3503] Building CXX object ApplicationLibCode/CMakeFiles/ApplicationLibCode.dir/ProjectDataModel/RimDockWindowController.cpp.o
[1819/3503] Building CXX object ApplicationLibCode/CMakeFiles/ApplicationLibCode.dir/ProjectDataModel/RimAdvancedSnapshotExportDefinition.cpp.o
[1820/3503] Building CXX object ApplicationLibCode/CMakeFiles/ApplicationLibCode.dir/ProjectDataModel/RimNamedObject.cpp.o
[1821/3503] Building CXX object ApplicationLibCode/CMakeFiles/ApplicationLibCode.dir/ProjectDataModel/RimCheckableNamedObject.cpp.o
[1822/3503] Building CXX object ApplicationLibCode/CMakeFiles/ApplicationLibCode.dir/ProjectDataModel/RimCheckableObject.cpp.o
[1823/3503] Building CXX object ApplicationLibCode/CMakeFiles/ApplicationLibCode.dir/ProjectDataModel/RimGridTimeHistoryCurve.cpp.o
[1824/3503] Building CXX object ApplicationLibCode/CMakeFiles/ApplicationLibCode.dir/ProjectDataModel/RimEclipseGeometrySelectionItem.cpp.o
[1825/3503] Building CXX object ApplicationLibCode/CMakeFiles/ApplicationLibCode.dir/ProjectDataModel/RimDialogData.cpp.o
[1826/3503] Building CXX object ApplicationLibCode/CMakeFiles/ApplicationLibCode.dir/ProjectDataModel/RimTimeStepFilter.cpp.o
[1827/3503] Building CXX object ApplicationLibCode/CMakeFiles/ApplicationLibCode.dir/ProjectDataModel/RimUserDefinedCalculation.cpp.o
[1828/3503] Building CXX object ApplicationLibCode/CMakeFiles/ApplicationLibCode.dir/ProjectDataModel/RimUserDefinedCalculationCollection.cpp.o
[1829/3503] Building CXX object ApplicationLibCode/CMakeFiles/ApplicationLibCode.dir/ProjectDataModel/RimUserDefinedCalculationVariable.cpp.o
[1830/3503] Building CXX object ApplicationLibCode/CMakeFiles/ApplicationLibCode.dir/ProjectDataModel/RimSummaryCalculationCollection.cpp.o
[1831/3503] Building CXX object ApplicationLibCode/CMakeFiles/ApplicationLibCode.dir/ProjectDataModel/RimSummaryCalculation.cpp.o
[1832/3503] Building CXX object ApplicationLibCode/CMakeFiles/ApplicationLibCode.dir/ProjectDataModel/RimSummaryCalculationVariable.cpp.o
[1833/3503] Building CXX object ApplicationLibCode/CMakeFiles/ApplicationLibCode.dir/ProjectDataModel/RimGridCalculationCollection.cpp.o
[1834/3503] Building CXX object ApplicationLibCode/CMakeFiles/ApplicationLibCode.dir/ProjectDataModel/RimGridCalculation.cpp.o
[1835/3503] Building CXX object ApplicationLibCode/CMakeFiles/ApplicationLibCode.dir/ProjectDataModel/RimGridCalculationVariable.cpp.o
[1836/3503] Building CXX object ApplicationLibCode/CMakeFiles/ApplicationLibCode.dir/ProjectDataModel/RimStimPlanLegendConfig.cpp.o
[1837/3503] Building CXX object ApplicationLibCode/CMakeFiles/ApplicationLibCode.dir/ProjectDataModel/RimStimPlanColors.cpp.o
[1838/3503] Building CXX object ApplicationLibCode/CMakeFiles/ApplicationLibCode.dir/ProjectDataModel/RimVirtualPerforationResults.cpp.o
[1839/3503] Building CXX object ApplicationLibCode/CMakeFiles/ApplicationLibCode.dir/ProjectDataModel/RimLegendConfig.cpp.o
[1840/3503] Building CXX object ApplicationLibCode/CMakeFiles/ApplicationLibCode.dir/ProjectDataModel/RimNameConfig.cpp.o
[1841/3503] Building CXX object ApplicationLibCode/CMakeFiles/ApplicationLibCode.dir/ProjectDataModel/RimDataSourceSteppingTools.cpp.o
[1842/3503] Building CXX object ApplicationLibCode/CMakeFiles/ApplicationLibCode.dir/ProjectDataModel/RimViewNameConfig.cpp.o
[1843/3503] Building CXX object ApplicationLibCode/CMakeFiles/ApplicationLibCode.dir/ProjectDataModel/RimPlotAxisPropertiesInterface.cpp.o
[1844/3503] Building CXX object ApplicationLibCode/CMakeFiles/ApplicationLibCode.dir/ProjectDataModel/RimReloadCaseTools.cpp.o
[1845/3503] Building CXX object ApplicationLibCode/CMakeFiles/ApplicationLibCode.dir/ProjectDataModel/RimPlotAxisLogRangeCalculator.cpp.o
[1846/3503] Building CXX object ApplicationLibCode/CMakeFiles/ApplicationLibCode.dir/ProjectDataModel/RimPlotAxisProperties.cpp.o
[1847/3503] Building CXX object ApplicationLibCode/CMakeFiles/ApplicationLibCode.dir/ProjectDataModel/RimObservedDataCollection.cpp.o
[1848/3503] Building CXX object ApplicationLibCode/CMakeFiles/ApplicationLibCode.dir/ProjectDataModel/RimObservedFmuRftData.cpp.o
[1849/3503] Building CXX object ApplicationLibCode/CMakeFiles/ApplicationLibCode.dir/ProjectDataModel/RimWellDiskConfig.cpp.o
[1850/3503] Building CXX object ApplicationLibCode/CMakeFiles/ApplicationLibCode.dir/ProjectDataModel/RimMultiPlotCollection.cpp.o
[1851/3503] Building CXX object ApplicationLibCode/CMakeFiles/ApplicationLibCode.dir/ProjectDataModel/RimColorLegendCollection.cpp.o
[1852/3503] Building CXX object ApplicationLibCode/CMakeFiles/ApplicationLibCode.dir/ProjectDataModel/RimElementVectorResult.cpp.o
[1853/3503] Building CXX object ApplicationLibCode/CMakeFiles/ApplicationLibCode.dir/ProjectDataModel/RimColorLegend.cpp.o
[1854/3503] Building CXX object ApplicationLibCode/CMakeFiles/ApplicationLibCode.dir/ProjectDataModel/RimColorLegendItem.cpp.o
[1855/3503] Building CXX object ApplicationLibCode/CMakeFiles/ApplicationLibCode.dir/ProjectDataModel/RiaOpmKeywordTools.cpp.o
[1856/3503] Building CXX object ApplicationLibCode/CMakeFiles/ApplicationLibCode.dir/ProjectDataModel/RiaOpmParserTools.cpp.o
[1857/3503] Building CXX object ApplicationLibCode/CMakeFiles/ApplicationLibCode.dir/ProjectDataModel/RimCaseDisplayNameTools.cpp.o
[1858/3503] Building CXX object ApplicationLibCode/CMakeFiles/ApplicationLibCode.dir/ProjectDataModel/RimCustomObjectiveFunctionCollection.cpp.o
[1859/3503] Building CXX object ApplicationLibCode/CMakeFiles/ApplicationLibCode.dir/ProjectDataModel/RimCustomObjectiveFunction.cpp.o
[1860/3503] Building CXX object ApplicationLibCode/CMakeFiles/ApplicationLibCode.dir/ProjectDataModel/RimCustomObjectiveFunctionWeight.cpp.o
[1861/3503] Building CXX object ApplicationLibCode/CMakeFiles/ApplicationLibCode.dir/ProjectDataModel/cafTreeNode.cpp.o
[1862/3503] Building CXX object ApplicationLibCode/CMakeFiles/ApplicationLibCode.dir/ProjectDataModel/RimMultipleLocations.cpp.o
[1863/3503] Building CXX object ApplicationLibCode/CMakeFiles/ApplicationLibCode.dir/ProjectDataModel/RimSurfaceIntersectionBand.cpp.o
[1864/3503] Building CXX object ApplicationLibCode/CMakeFiles/ApplicationLibCode.dir/ProjectDataModel/RimSurfaceIntersectionCurve.cpp.o
[1865/3503] Building CXX object ApplicationLibCode/CMakeFiles/ApplicationLibCode.dir/ProjectDataModel/RimSurfaceIntersectionCollection.cpp.o
[1866/3503] Building CXX object ApplicationLibCode/CMakeFiles/ApplicationLibCode.dir/ProjectDataModel/RimEclipseResultAddress.cpp.o
[1867/3503] Building CXX object ApplicationLibCode/CMakeFiles/ApplicationLibCode.dir/ProjectDataModel/RimEclipseResultAddressCollection.cpp.o
[1868/3503] Building CXX object ApplicationLibCode/CMakeFiles/ApplicationLibCode.dir/ProjectDataModel/RimEclipseCaseTools.cpp.o
[1869/3503] Building CXX object ApplicationLibCode/CMakeFiles/ApplicationLibCode.dir/ProjectDataModel/RimRoffCase.cpp.o
[1870/3503] Building CXX object ApplicationLibCode/CMakeFiles/ApplicationLibCode.dir/ProjectDataModel/RimPressureDepthData.cpp.o
[1871/3503] Building CXX object ApplicationLibCode/CMakeFiles/ApplicationLibCode.dir/ProjectDataModel/RimMultipleEclipseResults.cpp.o
[1872/3503] Building CXX object ApplicationLibCode/CMakeFiles/ApplicationLibCode.dir/ProjectDataModel/RimResultSelectionUi.cpp.o
[1873/3503] Building CXX object ApplicationLibCode/CMakeFiles/ApplicationLibCode.dir/ProjectDataModel/RimEclipseResultDefinitionTools.cpp.o
[1874/3503] Building CXX object ApplicationLibCode/CMakeFiles/ApplicationLibCode.dir/ProjectDataModel/RimResultNameAlias.cpp.o
[1875/3503] Building CXX object ApplicationLibCode/CMakeFiles/ApplicationLibCode.dir/ProjectDataModel/RimEmCase.cpp.o
[1876/3503] Building CXX object ApplicationLibCode/CMakeFiles/ApplicationLibCode.dir/ProjectDataModel/RimPolylinePickerInterface.cpp.o
[1877/3503] Building CXX object ApplicationLibCode/CMakeFiles/ApplicationLibCode.dir/ProjectDataModel/RimEclipseViewCollection.cpp.o
[1878/3503] Building CXX object ApplicationLibCode/CMakeFiles/ApplicationLibCode.dir/ProjectDataModel/RimEclipseCaseEnsemble.cpp.o
[1879/3503] Building CXX object ApplicationLibCode/CMakeFiles/ApplicationLibCode.dir/ProjectDataModel/RimCameraPosition.cpp.o
[1880/3503] Building CXX object ApplicationLibCode/CMakeFiles/ApplicationLibCode.dir/ProjectDataModel/RimRegularGridCase.cpp.o
[1881/3503] Building CXX object ApplicationLibCode/CMakeFiles/ApplicationLibCode.dir/ProjectDataModel/RimGeometrySelectionItem.cpp.o
[1882/3503] Building CXX object ApplicationLibCode/CMakeFiles/ApplicationLibCode.dir/ProjectDataModel/RimWellTargetMapping.cpp.o
[1883/3503] Building CXX object ApplicationLibCode/CMakeFiles/ApplicationLibCode.dir/ProjectDataModel/RimCornerPointCase.cpp.o
[1884/3503] Building CXX object ApplicationLibCode/CMakeFiles/ApplicationLibCode.dir/ProjectDataModel/RimReservoirGridEnsembleBase.cpp.o
[1885/3503] Building CXX object ApplicationLibCode/CMakeFiles/ApplicationLibCode.dir/ProjectDataModel/RimReservoirGridEnsemble.cpp.o
[1886/3503] Building CXX object ApplicationLibCode/CMakeFiles/ApplicationLibCode.dir/ProjectDataModel/AnalysisPlots/RimAnalysisPlotDataEntry.cpp.o
[1887/3503] Building CXX object ApplicationLibCode/CMakeFiles/ApplicationLibCode.dir/ProjectDataModel/AnalysisPlots/RimAnalysisPlotCollection.cpp.o
[1888/3503] Building CXX object ApplicationLibCode/CMakeFiles/ApplicationLibCode.dir/ProjectDataModel/AnalysisPlots/RimAnalysisPlot.cpp.o
[1889/3503] Building CXX object ApplicationLibCode/CMakeFiles/ApplicationLibCode.dir/ProjectDataModel/AnalysisPlots/RimPlotDataFilterCollection.cpp.o
[1890/3503] Building CXX object ApplicationLibCode/CMakeFiles/ApplicationLibCode.dir/ProjectDataModel/AnalysisPlots/RimPlotDataFilterItem.cpp.o
[1891/3503] Building CXX object ApplicationLibCode/CMakeFiles/ApplicationLibCode.dir/ProjectDataModel/Appearance/RimCurveAppearanceDefines.cpp.o
[1892/3503] Building CXX object ApplicationLibCode/CMakeFiles/ApplicationLibCode.dir/ProjectDataModel/Appearance/RimCurveSetAppearance.cpp.o
[1893/3503] Building CXX object ApplicationLibCode/CMakeFiles/ApplicationLibCode.dir/ProjectDataModel/Appearance/RimFontSizeField.cpp.o
[1894/3503] Building CXX object ApplicationLibCode/CMakeFiles/ApplicationLibCode.dir/ProjectDataModel/CorrelationPlots/RimAbstractCorrelationPlot.cpp.o
[1895/3503] Building CXX object ApplicationLibCode/CMakeFiles/ApplicationLibCode.dir/ProjectDataModel/CorrelationPlots/RimCorrelationPlot.cpp.o
[1896/3503] Building CXX object ApplicationLibCode/CMakeFiles/ApplicationLibCode.dir/ProjectDataModel/CorrelationPlots/RimParameterResultCrossPlot.cpp.o
[1897/3503] Building CXX object ApplicationLibCode/CMakeFiles/ApplicationLibCode.dir/ProjectDataModel/CorrelationPlots/RimCorrelationMatrixPlot.cpp.o
[1898/3503] Building CXX object ApplicationLibCode/CMakeFiles/ApplicationLibCode.dir/ProjectDataModel/CorrelationPlots/RimCorrelationPlotCollection.cpp.o
[1899/3503] Building CXX object ApplicationLibCode/CMakeFiles/ApplicationLibCode.dir/ProjectDataModel/CorrelationPlots/RimParameterRftCrossPlot.cpp.o
[1900/3503] Building CXX object ApplicationLibCode/CMakeFiles/ApplicationLibCode.dir/ProjectDataModel/CorrelationPlots/RimCorrelationReportPlot.cpp.o
[1901/3503] Building CXX object ApplicationLibCode/CMakeFiles/ApplicationLibCode.dir/ProjectDataModel/CorrelationPlots/RimRftCorrelationReportPlot.cpp.o
[1902/3503] Building CXX object ApplicationLibCode/CMakeFiles/ApplicationLibCode.dir/ProjectDataModel/CorrelationPlots/RimCorrelationBarChartTools.cpp.o
[1903/3503] Building CXX object ApplicationLibCode/CMakeFiles/ApplicationLibCode.dir/ProjectDataModel/ContourMap/RimContourMapResolutionTools.cpp.o
[1904/3503] Building CXX object ApplicationLibCode/CMakeFiles/ApplicationLibCode.dir/ProjectDataModel/CorrelationPlots/RimRftTornadoPlot.cpp.o
[1905/3503] Building CXX object ApplicationLibCode/CMakeFiles/ApplicationLibCode.dir/ProjectDataModel/ContourMap/RimEclipseContourMapProjection.cpp.o
[1906/3503] Building CXX object ApplicationLibCode/CMakeFiles/ApplicationLibCode.dir/ProjectDataModel/ContourMap/RimContourMapProjection.cpp.o
[1907/3503] Building CXX object ApplicationLibCode/CMakeFiles/ApplicationLibCode.dir/ProjectDataModel/ContourMap/RimEclipseContourMapViewCollection.cpp.o
[1908/3503] Building CXX object ApplicationLibCode/CMakeFiles/ApplicationLibCode.dir/ProjectDataModel/ContourMap/RimEclipseContourMapView.cpp.o
[1909/3503] Building CXX object ApplicationLibCode/CMakeFiles/ApplicationLibCode.dir/ProjectDataModel/ContourMap/RimStatisticsContourMapProjection.cpp.o
[1910/3503] Building CXX object ApplicationLibCode/CMakeFiles/ApplicationLibCode.dir/ProjectDataModel/ContourMap/RimStatisticsContourMapView.cpp.o
[1911/3503] Building CXX object ApplicationLibCode/CMakeFiles/ApplicationLibCode.dir/ProjectDataModel/ContourMap/RimStatisticsContourMap.cpp.o
[1912/3503] Building CXX object ApplicationLibCode/CMakeFiles/ApplicationLibCode.dir/ProjectDataModel/Cloud/RimCloudDataSourceCollection.cpp.o
[1913/3503] Building CXX object ApplicationLibCode/CMakeFiles/ApplicationLibCode.dir/ProjectDataModel/EnsembleFileSet/RimEnsembleFileSet.cpp.o
[1914/3503] Building CXX object ApplicationLibCode/CMakeFiles/ApplicationLibCode.dir/ProjectDataModel/EnsembleFileSet/RimEnsembleFileSetCollection.cpp.o
[1915/3503] Building CXX object ApplicationLibCode/CMakeFiles/ApplicationLibCode.dir/ProjectDataModel/EnsembleFileSet/RimEnsembleFileSetTools.cpp.o
[1916/3503] Building CXX object ApplicationLibCode/CMakeFiles/ApplicationLibCode.dir/ProjectDataModel/Faults/RimFaultDistance.cpp.o
[1917/3503] Building CXX object ApplicationLibCode/CMakeFiles/ApplicationLibCode.dir/ProjectDataModel/Faults/RimFaultDistanceCollection.cpp.o
[1918/3503] Building CXX object ApplicationLibCode/CMakeFiles/ApplicationLibCode.dir/ProjectDataModel/Faults/RimFaultInView.cpp.o
[1919/3503] Building CXX object ApplicationLibCode/CMakeFiles/ApplicationLibCode.dir/ProjectDataModel/Faults/RimFaultInViewCollection.cpp.o
[1920/3503] Building CXX object ApplicationLibCode/CMakeFiles/ApplicationLibCode.dir/ProjectDataModel/Faults/RimFaultReactivationModelCollection.cpp.o
[1921/3503] Building CXX object ApplicationLibCode/CMakeFiles/ApplicationLibCode.dir/ProjectDataModel/Faults/RimFaultReactivationModel.cpp.o
[1922/3503] Building CXX object ApplicationLibCode/CMakeFiles/ApplicationLibCode.dir/ProjectDataModel/Faults/RimFaultReactivationTools.cpp.o
[1923/3503] Building CXX object ApplicationLibCode/CMakeFiles/ApplicationLibCode.dir/ProjectDataModel/Faults/RimFaultReactivationDataAccessor.cpp.o
[1924/3503] Building CXX object ApplicationLibCode/CMakeFiles/ApplicationLibCode.dir/ProjectDataModel/Faults/RimFaultReactivationDataAccess.cpp.o
[1925/3503] Building CXX object ApplicationLibCode/CMakeFiles/ApplicationLibCode.dir/ProjectDataModel/Faults/RimFaultReactivationDataAccessorPorePressure.cpp.o
[1926/3503] Building CXX object ApplicationLibCode/CMakeFiles/ApplicationLibCode.dir/ProjectDataModel/Faults/RimFaultReactivationDataAccessorVoidRatio.cpp.o
[1927/3503] Building CXX object ApplicationLibCode/CMakeFiles/ApplicationLibCode.dir/ProjectDataModel/Faults/RimFaultReactivationDataAccessorTemperature.cpp.o
[1928/3503] Building CXX object ApplicationLibCode/CMakeFiles/ApplicationLibCode.dir/ProjectDataModel/Faults/RimFaultReactivationDataAccessorGeoMech.cpp.o
[1929/3503] Building CXX object ApplicationLibCode/CMakeFiles/ApplicationLibCode.dir/ProjectDataModel/Faults/RimFaultReactivationDataAccessorStress.cpp.o
[1930/3503] Building CXX object ApplicationLibCode/CMakeFiles/ApplicationLibCode.dir/ProjectDataModel/Faults/RimFaultReactivationDataAccessorStressGeoMech.cpp.o
[1931/3503] Building CXX object ApplicationLibCode/CMakeFiles/ApplicationLibCode.dir/ProjectDataModel/Faults/RimFaultReactivationDataAccessorStressEclipse.cpp.o
[1932/3503] Building CXX object ApplicationLibCode/CMakeFiles/ApplicationLibCode.dir/ProjectDataModel/Faults/RimFaultReactivationDataAccessorWellLogExtraction.cpp.o
[1933/3503] Building CXX object ApplicationLibCode/CMakeFiles/ApplicationLibCode.dir/ProjectDataModel/Faults/RimFaultReactivationEnums.cpp.o
[1934/3503] Building CXX object ApplicationLibCode/CMakeFiles/ApplicationLibCode.dir/ProjectDataModel/GeoMech/RimGeoMechModels.cpp.o
[1935/3503] Building CXX object ApplicationLibCode/CMakeFiles/ApplicationLibCode.dir/ProjectDataModel/GeoMech/RimGeoMechCase.cpp.o
[1936/3503] Building CXX object ApplicationLibCode/CMakeFiles/ApplicationLibCode.dir/ProjectDataModel/GeoMech/RimGeoMechView.cpp.o
[1937/3503] Building CXX object ApplicationLibCode/CMakeFiles/ApplicationLibCode.dir/ProjectDataModel/GeoMech/RimGeoMechCellColors.cpp.o
[1938/3503] Building CXX object ApplicationLibCode/CMakeFiles/ApplicationLibCode.dir/ProjectDataModel/GeoMech/RimGeoMechResultDefinition.cpp.o
[1939/3503] Building CXX object ApplicationLibCode/CMakeFiles/ApplicationLibCode.dir/ProjectDataModel/GeoMech/RimGeoMechContourMapProjection.cpp.o
[1940/3503] Building CXX object ApplicationLibCode/CMakeFiles/ApplicationLibCode.dir/ProjectDataModel/GeoMech/RimGeoMechContourMapView.cpp.o
[1941/3503] Building CXX object ApplicationLibCode/CMakeFiles/ApplicationLibCode.dir/ProjectDataModel/GeoMech/RimGeoMechContourMapViewCollection.cpp.o
[1942/3503] Building CXX object ApplicationLibCode/CMakeFiles/ApplicationLibCode.dir/ProjectDataModel/GeoMech/RimGeoMechPartCollection.cpp.o
[1943/3503] Building CXX object ApplicationLibCode/CMakeFiles/ApplicationLibCode.dir/ProjectDataModel/GeoMech/RimGeoMechPart.cpp.o
[1944/3503] Building CXX object ApplicationLibCode/CMakeFiles/ApplicationLibCode.dir/ProjectDataModel/GeoMech/RimGeoMechFaultReactivationResult.cpp.o
[1945/3503] Building CXX object ApplicationLibCode/CMakeFiles/ApplicationLibCode.dir/ProjectDataModel/GridCrossPlots/RimGridCrossPlot.cpp.o
[1946/3503] Building CXX object ApplicationLibCode/CMakeFiles/ApplicationLibCode.dir/ProjectDataModel/GridCrossPlots/RimGridCrossPlotCollection.cpp.o
[1947/3503] Building CXX object ApplicationLibCode/CMakeFiles/ApplicationLibCode.dir/ProjectDataModel/GridCrossPlots/RimGridCrossPlotCurve.cpp.o
[1948/3503] Building CXX object ApplicationLibCode/CMakeFiles/ApplicationLibCode.dir/ProjectDataModel/GridCrossPlots/RimGridCrossPlotRegressionCurve.cpp.o
[1949/3503] Building CXX object ApplicationLibCode/CMakeFiles/ApplicationLibCode.dir/ProjectDataModel/GridCrossPlots/RimGridCrossPlotTextProvider.cpp.o
[1950/3503] Building CXX object ApplicationLibCode/CMakeFiles/ApplicationLibCode.dir/ProjectDataModel/GridCrossPlots/RimGridCrossPlotDataSet.cpp.o
[1951/3503] Building CXX object ApplicationLibCode/CMakeFiles/ApplicationLibCode.dir/ProjectDataModel/GridCrossPlots/RimSaturationPressurePlot.cpp.o
[1952/3503] Building CXX object ApplicationLibCode/CMakeFiles/ApplicationLibCode.dir/ProjectDataModel/GridCrossPlots/RimSaturationPressurePlotCollection.cpp.o
[1953/3503] Building CXX object ApplicationLibCode/CMakeFiles/ApplicationLibCode.dir/ProjectDataModel/GridCrossPlots/CellFilters/RimPlotCellFilter.cpp.o
[1954/3503] Building CXX object ApplicationLibCode/CMakeFiles/ApplicationLibCode.dir/ProjectDataModel/GridCrossPlots/CellFilters/RimPlotCellFilterCollection.cpp.o
[1955/3503] Building CXX object ApplicationLibCode/CMakeFiles/ApplicationLibCode.dir/ProjectDataModel/GridCrossPlots/CellFilters/RimPlotCellPropertyFilter.cpp.o
[1956/3503] Building CXX object ApplicationLibCode/CMakeFiles/ApplicationLibCode.dir/ProjectDataModel/Jobs/RimGenericJob.cpp.o
[1957/3503] Building CXX object ApplicationLibCode/CMakeFiles/ApplicationLibCode.dir/ProjectDataModel/Jobs/RimOpmFlowJobSettings.cpp.o
[1958/3503] Building CXX object ApplicationLibCode/CMakeFiles/ApplicationLibCode.dir/ProjectDataModel/Jobs/RimOpmFlowJob.cpp.o
[1959/3503] Building CXX object ApplicationLibCode/CMakeFiles/ApplicationLibCode.dir/ProjectDataModel/Jobs/RimDeckPositionDlg.cpp.o
[1960/3503] Building CXX object ApplicationLibCode/CMakeFiles/ApplicationLibCode.dir/ProjectDataModel/Jobs/RimJobCollection.cpp.o
[1961/3503] Building CXX object ApplicationLibCode/CMakeFiles/ApplicationLibCode.dir/ProjectDataModel/Jobs/RimKeywordWconprod.cpp.o
[1962/3503] Building CXX object ApplicationLibCode/CMakeFiles/ApplicationLibCode.dir/ProjectDataModel/Jobs/RimKeywordFactory.cpp.o
[1963/3503] Building CXX object ApplicationLibCode/CMakeFiles/ApplicationLibCode.dir/ProjectDataModel/Jobs/RimJobMonitor.cpp.o
[1964/3503] Building CXX object ApplicationLibCode/CMakeFiles/ApplicationLibCode.dir/ProjectDataModel/Jobs/RimKeywordWconinje.cpp.o
[1965/3503] Building CXX object ApplicationLibCode/CMakeFiles/ApplicationLibCode.dir/ProjectDataModel/Jobs/RimKeywordBcprop.cpp.o
[1966/3503] Building CXX object ApplicationLibCode/CMakeFiles/ApplicationLibCode.dir/ProjectDataModel/Summary/RimAsciiDataCurve.cpp.o
[1967/3503] Building CXX object ApplicationLibCode/CMakeFiles/ApplicationLibCode.dir/ProjectDataModel/Summary/RimFileSummaryCase.cpp.o
[1968/3503] Building CXX object ApplicationLibCode/CMakeFiles/ApplicationLibCode.dir/ProjectDataModel/Summary/RimGridSummaryCase.cpp.o
[1969/3503] Building CXX object ApplicationLibCode/CMakeFiles/ApplicationLibCode.dir/ProjectDataModel/Summary/RimSummaryCase.cpp.o
[1970/3503] Building CXX object ApplicationLibCode/CMakeFiles/ApplicationLibCode.dir/ProjectDataModel/Summary/RimSummaryCaseMainCollection.cpp.o
[1971/3503] Building CXX object ApplicationLibCode/CMakeFiles/ApplicationLibCode.dir/ProjectDataModel/Summary/RimSummaryEnsemble.cpp.o
[1972/3503] Building CXX object ApplicationLibCode/CMakeFiles/ApplicationLibCode.dir/ProjectDataModel/Summary/RimSummaryCurve.cpp.o
[1973/3503] Building CXX object ApplicationLibCode/CMakeFiles/ApplicationLibCode.dir/ProjectDataModel/Summary/RimSummaryCurvesData.cpp.o
[1974/3503] Building CXX object ApplicationLibCode/CMakeFiles/ApplicationLibCode.dir/ProjectDataModel/Summary/RimSummaryCurveAppearanceCalculator.cpp.o
[1975/3503] Building CXX object ApplicationLibCode/CMakeFiles/ApplicationLibCode.dir/ProjectDataModel/Summary/RimSummaryPlotAxisFormatter.cpp.o
[1976/3503] Building CXX object ApplicationLibCode/CMakeFiles/ApplicationLibCode.dir/ProjectDataModel/Summary/RimSummaryCurveAutoName.cpp.o
[1977/3503] Building CXX object ApplicationLibCode/CMakeFiles/ApplicationLibCode.dir/ProjectDataModel/Summary/RimSummaryCurveCollection.cpp.o
[1978/3503] Building CXX object ApplicationLibCode/CMakeFiles/ApplicationLibCode.dir/ProjectDataModel/Summary/RimSummaryPlotTextProvider.cpp.o
[1979/3503] Building CXX object ApplicationLibCode/CMakeFiles/ApplicationLibCode.dir/ProjectDataModel/Summary/RimSummaryPlot.cpp.o
[1980/3503] Building CXX object ApplicationLibCode/CMakeFiles/ApplicationLibCode.dir/ProjectDataModel/Summary/RimSummaryPlotCollection.cpp.o
[1981/3503] Building CXX object ApplicationLibCode/CMakeFiles/ApplicationLibCode.dir/ProjectDataModel/Summary/RimSummaryCrossPlotCollection.cpp.o
[1982/3503] Building CXX object ApplicationLibCode/CMakeFiles/ApplicationLibCode.dir/ProjectDataModel/Summary/RimObservedSummaryData.cpp.o
[1983/3503] Building CXX object ApplicationLibCode/CMakeFiles/ApplicationLibCode.dir/ProjectDataModel/Summary/RimSummaryTimeAxisProperties.cpp.o
[1984/3503] Building CXX object ApplicationLibCode/CMakeFiles/ApplicationLibCode.dir/ProjectDataModel/Summary/RimSummaryObservedDataFile.cpp.o
[1985/3503] Building CXX object ApplicationLibCode/CMakeFiles/ApplicationLibCode.dir/ProjectDataModel/Summary/RimCalculatedSummaryCurveReader.cpp.o
[1986/3503] Building CXX object ApplicationLibCode/CMakeFiles/ApplicationLibCode.dir/ProjectDataModel/Summary/RimObservedEclipseUserData.cpp.o
[1987/3503] Building CXX object ApplicationLibCode/CMakeFiles/ApplicationLibCode.dir/ProjectDataModel/Summary/RimSummaryCrossPlot.cpp.o
[1988/3503] Building CXX object ApplicationLibCode/CMakeFiles/ApplicationLibCode.dir/ProjectDataModel/Summary/RimSummaryAddress.cpp.o
[1989/3503] Building CXX object ApplicationLibCode/CMakeFiles/ApplicationLibCode.dir/ProjectDataModel/Summary/RimCsvUserData.cpp.o
[1990/3503] Building CXX object ApplicationLibCode/CMakeFiles/ApplicationLibCode.dir/ProjectDataModel/Summary/RimSummaryPlotSourceStepping.cpp.o
[1991/3503] Building CXX object ApplicationLibCode/CMakeFiles/ApplicationLibCode.dir/ProjectDataModel/Summary/RimSummaryPlotNameHelper.cpp.o
[1992/3503] Building CXX object ApplicationLibCode/CMakeFiles/ApplicationLibCode.dir/ProjectDataModel/Summary/RimEnsembleCurveSetCollection.cpp.o
[1993/3503] Building CXX object ApplicationLibCode/CMakeFiles/ApplicationLibCode.dir/ProjectDataModel/Summary/RimEnsembleCurveSetColorManager.cpp.o
[1994/3503] Building CXX object ApplicationLibCode/CMakeFiles/ApplicationLibCode.dir/ProjectDataModel/Summary/RimEnsembleCurveSet.cpp.o
[1995/3503] Building CXX object ApplicationLibCode/CMakeFiles/ApplicationLibCode.dir/ProjectDataModel/Summary/RimEnsembleCurveFilter.cpp.o
[1996/3503] Building CXX object ApplicationLibCode/CMakeFiles/ApplicationLibCode.dir/ProjectDataModel/Summary/RimEnsembleCurveFilterCollection.cpp.o
[1997/3503] Building CXX object ApplicationLibCode/CMakeFiles/ApplicationLibCode.dir/ProjectDataModel/Summary/RimEnsembleStatistics.cpp.o
[1998/3503] Building CXX object ApplicationLibCode/CMakeFiles/ApplicationLibCode.dir/ProjectDataModel/Summary/RimEnsembleStatisticsCase.cpp.o
[1999/3503] Building CXX object ApplicationLibCode/CMakeFiles/ApplicationLibCode.dir/ProjectDataModel/Summary/RimDeltaSummaryCase.cpp.o
[2000/3503] Building CXX object ApplicationLibCode/CMakeFiles/ApplicationLibCode.dir/ProjectDataModel/Summary/RimDeltaSummaryEnsemble.cpp.o
[2001/3503] Building CXX object ApplicationLibCode/CMakeFiles/ApplicationLibCode.dir/ProjectDataModel/Summary/RimObjectiveFunction.cpp.o
[2002/3503] Building CXX object ApplicationLibCode/CMakeFiles/ApplicationLibCode.dir/ProjectDataModel/Summary/RimObjectiveFunctionTools.cpp.o
[2003/3503] Building CXX object ApplicationLibCode/CMakeFiles/ApplicationLibCode.dir/ProjectDataModel/Summary/RimSummaryPlotManager.cpp.o
[2004/3503] Building CXX object ApplicationLibCode/CMakeFiles/ApplicationLibCode.dir/ProjectDataModel/Summary/RimSummaryDataSourceStepping.cpp.o
[2005/3503] Building CXX object ApplicationLibCode/CMakeFiles/ApplicationLibCode.dir/ProjectDataModel/Summary/RimSummaryNameHelper.cpp.o
[2006/3503] Building CXX object ApplicationLibCode/CMakeFiles/ApplicationLibCode.dir/ProjectDataModel/Summary/RimSummaryMultiPlot.cpp.o
[2007/3503] Building CXX object ApplicationLibCode/CMakeFiles/ApplicationLibCode.dir/ProjectDataModel/Summary/RimMultipleSummaryPlotNameHelper.cpp.o
[2008/3503] Building CXX object ApplicationLibCode/CMakeFiles/ApplicationLibCode.dir/ProjectDataModel/Summary/RimSummaryAddressCollection.cpp.o
[2009/3503] Building CXX object ApplicationLibCode/CMakeFiles/ApplicationLibCode.dir/ProjectDataModel/Summary/RimSummaryMultiPlotCollection.cpp.o
[2010/3503] Building CXX object ApplicationLibCode/CMakeFiles/ApplicationLibCode.dir/ProjectDataModel/Summary/RimSummaryPlotControls.cpp.o
[2011/3503] Building CXX object ApplicationLibCode/CMakeFiles/ApplicationLibCode.dir/ProjectDataModel/Summary/RimEnsembleCurveInfoTextProvider.cpp.o
[2012/3503] Building CXX object ApplicationLibCode/CMakeFiles/ApplicationLibCode.dir/ProjectDataModel/Summary/RimRftCase.cpp.o
[2013/3503] Building CXX object ApplicationLibCode/CMakeFiles/ApplicationLibCode.dir/ProjectDataModel/Summary/RimCsvSummaryCase.cpp.o
[2014/3503] Building CXX object ApplicationLibCode/CMakeFiles/ApplicationLibCode.dir/ProjectDataModel/Summary/RimSummaryTableCollection.cpp.o
[2015/3503] Building CXX object ApplicationLibCode/CMakeFiles/ApplicationLibCode.dir/ProjectDataModel/Summary/RimSummaryTableTools.cpp.o
[2016/3503] Building CXX object ApplicationLibCode/CMakeFiles/ApplicationLibCode.dir/ProjectDataModel/Summary/RimSummaryTable.cpp.o
[2017/3503] Building CXX object ApplicationLibCode/CMakeFiles/ApplicationLibCode.dir/ProjectDataModel/Summary/RimSummaryDeclineCurve.cpp.o
[2018/3503] Building CXX object ApplicationLibCode/CMakeFiles/ApplicationLibCode.dir/ProjectDataModel/Summary/RimSummaryRegressionAnalysisCurve.cpp.o
[2019/3503] Building CXX object ApplicationLibCode/CMakeFiles/ApplicationLibCode.dir/ProjectDataModel/Summary/RimSummaryAddressSelector.cpp.o
[2020/3503] Building CXX object ApplicationLibCode/CMakeFiles/ApplicationLibCode.dir/ProjectDataModel/Summary/RimEnsembleCrossPlotStatisticsCase.cpp.o
[2021/3503] Building CXX object ApplicationLibCode/CMakeFiles/ApplicationLibCode.dir/ProjectDataModel/Summary/RimSummaryCaseUpdateBatch.cpp.o
[2022/3503] Building CXX object ApplicationLibCode/CMakeFiles/ApplicationLibCode.dir/ProjectDataModel/Summary/RimSummaryEnsembleTools.cpp.o
[2023/3503] Building CXX object ApplicationLibCode/CMakeFiles/ApplicationLibCode.dir/ProjectDataModel/Summary/RimSummaryPlotReadOut.cpp.o
[2024/3503] Building CXX object ApplicationLibCode/CMakeFiles/ApplicationLibCode.dir/ProjectDataModel/Summary/Sumo/RimSummaryCaseSumo.cpp.o
[2025/3503] Building CXX object ApplicationLibCode/CMakeFiles/ApplicationLibCode.dir/ProjectDataModel/Summary/Sumo/RimSummaryEnsembleSumo.cpp.o
[2026/3503] Building CXX object ApplicationLibCode/CMakeFiles/ApplicationLibCode.dir/ProjectDataModel/Summary/Sumo/RimSumoDataSource.cpp.o
[2027/3503] Building CXX object ApplicationLibCode/CMakeFiles/ApplicationLibCode.dir/ProjectDataModel/Summary/Ensemble/RimSummaryFileSetEnsemble.cpp.o
[2028/3503] Building CXX object ApplicationLibCode/CMakeFiles/ApplicationLibCode.dir/ProjectDataModel/Summary/Ensemble/RimSummaryEnsembleParameter.cpp.o
[2029/3503] Building CXX object ApplicationLibCode/CMakeFiles/ApplicationLibCode.dir/ProjectDataModel/Summary/Ensemble/RimSummaryEnsembleParameterCollection.cpp.o
[2030/3503] Building CXX object ApplicationLibCode/CMakeFiles/ApplicationLibCode.dir/ProjectDataModel/Flow/RimFlowDiagSolution.cpp.o
[2031/3503] Building CXX object ApplicationLibCode/CMakeFiles/ApplicationLibCode.dir/ProjectDataModel/Flow/RimFlowPlotCollection.cpp.o
[2032/3503] Building CXX object ApplicationLibCode/CMakeFiles/ApplicationLibCode.dir/ProjectDataModel/Flow/RimTotalWellAllocationPlot.cpp.o
[2033/3503] Building CXX object ApplicationLibCode/CMakeFiles/ApplicationLibCode.dir/ProjectDataModel/Flow/RimWellAllocationPlot.cpp.o
[2034/3503] Building CXX object ApplicationLibCode/CMakeFiles/ApplicationLibCode.dir/ProjectDataModel/Flow/RimWellFlowRateCurve.cpp.o
[2035/3503] Building CXX object ApplicationLibCode/CMakeFiles/ApplicationLibCode.dir/ProjectDataModel/Flow/RimTofAccumulatedPhaseFractionsPlot.cpp.o
[2036/3503] Building CXX object ApplicationLibCode/CMakeFiles/ApplicationLibCode.dir/ProjectDataModel/Flow/RimWellAllocationPlotLegend.cpp.o
[2037/3503] Building CXX object ApplicationLibCode/CMakeFiles/ApplicationLibCode.dir/ProjectDataModel/Flow/RimFlowCharacteristicsPlot.cpp.o
[2038/3503] Building CXX object ApplicationLibCode/CMakeFiles/ApplicationLibCode.dir/ProjectDataModel/Flow/RimWellRftPlot.cpp.o
[2039/3503] Building CXX object ApplicationLibCode/CMakeFiles/ApplicationLibCode.dir/ProjectDataModel/Flow/RimWellPltPlot.cpp.o
[2040/3503] Building CXX object ApplicationLibCode/CMakeFiles/ApplicationLibCode.dir/ProjectDataModel/Flow/RimDataSourceForRftPlt.cpp.o
[2041/3503] Building CXX object ApplicationLibCode/CMakeFiles/ApplicationLibCode.dir/ProjectDataModel/Flow/RimWellPlotTools.cpp.o
[2042/3503] Building CXX object ApplicationLibCode/CMakeFiles/ApplicationLibCode.dir/ProjectDataModel/Flow/RimWellRftEnsembleCurveSet.cpp.o
[2043/3503] Building CXX object ApplicationLibCode/CMakeFiles/ApplicationLibCode.dir/ProjectDataModel/Flow/RimWellDistributionPlot.cpp.o
[2044/3503] Building CXX object ApplicationLibCode/CMakeFiles/ApplicationLibCode.dir/ProjectDataModel/Flow/RimWellDistributionPlotCollection.cpp.o
[2045/3503] Building CXX object ApplicationLibCode/CMakeFiles/ApplicationLibCode.dir/ProjectDataModel/Flow/RimWellAllocationTools.cpp.o
[2046/3503] Building CXX object ApplicationLibCode/CMakeFiles/ApplicationLibCode.dir/ProjectDataModel/Flow/RimWellAllocationOverTimePlot.cpp.o
[2047/3503] Building CXX object ApplicationLibCode/CMakeFiles/ApplicationLibCode.dir/ProjectDataModel/Flow/RimFlowDiagnosticsTools.cpp.o
[2048/3503] Building CXX object ApplicationLibCode/CMakeFiles/ApplicationLibCode.dir/ProjectDataModel/Flow/RimWellConnectivityTable.cpp.o
[2049/3503] Building CXX object ApplicationLibCode/CMakeFiles/ApplicationLibCode.dir/ProjectDataModel/Formations/RimFormationNames.cpp.o
[2050/3503] Building CXX object ApplicationLibCode/CMakeFiles/ApplicationLibCode.dir/ProjectDataModel/Formations/RimFormationNamesCollection.cpp.o
[2051/3503] Building CXX object ApplicationLibCode/CMakeFiles/ApplicationLibCode.dir/ProjectDataModel/Formations/RimFormationTools.cpp.o
[2052/3503] Building CXX object ApplicationLibCode/CMakeFiles/ApplicationLibCode.dir/ProjectDataModel/Annotations/RimAnnotationCollectionBase.cpp.o
[2053/3503] Building CXX object ApplicationLibCode/CMakeFiles/ApplicationLibCode.dir/ProjectDataModel/Annotations/RimAnnotationCollection.cpp.o
[2054/3503] Building CXX object ApplicationLibCode/CMakeFiles/ApplicationLibCode.dir/ProjectDataModel/Annotations/RimPolylinesAnnotation.cpp.o
[2055/3503] Building CXX object ApplicationLibCode/CMakeFiles/ApplicationLibCode.dir/ProjectDataModel/Annotations/RimPolylinesFromFileAnnotation.cpp.o
[2056/3503] Building CXX object ApplicationLibCode/CMakeFiles/ApplicationLibCode.dir/ProjectDataModel/Annotations/RimUserDefinedPolylinesAnnotation.cpp.o
[2057/3503] Building CXX object ApplicationLibCode/CMakeFiles/ApplicationLibCode.dir/ProjectDataModel/Annotations/RimReachCircleAnnotation.cpp.o
[2058/3503] Building CXX object ApplicationLibCode/CMakeFiles/ApplicationLibCode.dir/ProjectDataModel/Annotations/RimTextAnnotation.cpp.o
[2059/3503] Building CXX object ApplicationLibCode/CMakeFiles/ApplicationLibCode.dir/ProjectDataModel/Annotations/RimAnnotationInViewCollection.cpp.o
[2060/3503] Building CXX object ApplicationLibCode/CMakeFiles/ApplicationLibCode.dir/ProjectDataModel/Annotations/RimAnnotationLineAppearance.cpp.o
[2061/3503] Building CXX object ApplicationLibCode/CMakeFiles/ApplicationLibCode.dir/ProjectDataModel/Annotations/RimAnnotationTextAppearance.cpp.o
[2062/3503] Building CXX object ApplicationLibCode/CMakeFiles/ApplicationLibCode.dir/ProjectDataModel/Annotations/RimReachCircleAnnotationInView.cpp.o
[2063/3503] Building CXX object ApplicationLibCode/CMakeFiles/ApplicationLibCode.dir/ProjectDataModel/Annotations/RimTextAnnotationInView.cpp.o
[2064/3503] Building CXX object ApplicationLibCode/CMakeFiles/ApplicationLibCode.dir/ProjectDataModel/Annotations/RimAnnotationGroupCollection.cpp.o
[2065/3503] Building CXX object ApplicationLibCode/CMakeFiles/ApplicationLibCode.dir/ProjectDataModel/Annotations/RimPolylineTarget.cpp.o
[2066/3503] Building CXX object ApplicationLibCode/CMakeFiles/ApplicationLibCode.dir/ProjectDataModel/Annotations/RimTimeAxisAnnotation.cpp.o
[2067/3503] Building CXX object ApplicationLibCode/CMakeFiles/ApplicationLibCode.dir/ProjectDataModel/Annotations/RimPlotAxisAnnotation.cpp.o
[2068/3503] Building CXX object ApplicationLibCode/CMakeFiles/ApplicationLibCode.dir/ProjectDataModel/Annotations/RimTimeAxisAnnotationUpdater.cpp.o
[2069/3503] Building CXX object ApplicationLibCode/CMakeFiles/ApplicationLibCode.dir/ProjectDataModel/Annotations/RimEquilibriumAxisAnnotation.cpp.o
[2070/3503] Building CXX object ApplicationLibCode/CMakeFiles/ApplicationLibCode.dir/ProjectDataModel/Annotations/RimPlotRectAnnotation.cpp.o
[2071/3503] Building CXX object ApplicationLibCode/CMakeFiles/ApplicationLibCode.dir/ProjectDataModel/Completions/RimCompletionCellIntersectionCalc.cpp.o
[2072/3503] Building CXX object ApplicationLibCode/CMakeFiles/ApplicationLibCode.dir/ProjectDataModel/Completions/RimFishbonesCollection.cpp.o
[2073/3503] Building CXX object ApplicationLibCode/CMakeFiles/ApplicationLibCode.dir/ProjectDataModel/Completions/RimFishbones.cpp.o
[2074/3503] Building CXX object ApplicationLibCode/CMakeFiles/ApplicationLibCode.dir/ProjectDataModel/Completions/RimFishbonesPipeProperties.cpp.o
[2075/3503] Building CXX object ApplicationLibCode/CMakeFiles/ApplicationLibCode.dir/ProjectDataModel/Completions/RimFishbonesDefines.cpp.o
[2076/3503] Building CXX object ApplicationLibCode/CMakeFiles/ApplicationLibCode.dir/ProjectDataModel/Completions/RimPerforationCollection.cpp.o
[2077/3503] Building CXX object ApplicationLibCode/CMakeFiles/ApplicationLibCode.dir/ProjectDataModel/Completions/RimPerforationInterval.cpp.o
[2078/3503] Building CXX object ApplicationLibCode/CMakeFiles/ApplicationLibCode.dir/ProjectDataModel/Completions/RimWellPathCompletions.cpp.o
[2079/3503] Building CXX object ApplicationLibCode/CMakeFiles/ApplicationLibCode.dir/ProjectDataModel/Completions/RimWellPathCompletionSettings.cpp.o
[2080/3503] Building CXX object ApplicationLibCode/CMakeFiles/ApplicationLibCode.dir/ProjectDataModel/Completions/RimEllipseFractureTemplate.cpp.o
[2081/3503] Building CXX object ApplicationLibCode/CMakeFiles/ApplicationLibCode.dir/ProjectDataModel/Completions/RimFractureContainment.cpp.o
[2082/3503] Building CXX object ApplicationLibCode/CMakeFiles/ApplicationLibCode.dir/ProjectDataModel/Completions/RimFracture.cpp.o
[2083/3503] Building CXX object ApplicationLibCode/CMakeFiles/ApplicationLibCode.dir/ProjectDataModel/Completions/RimFractureContainmentTools.cpp.o
[2084/3503] Building CXX object ApplicationLibCode/CMakeFiles/ApplicationLibCode.dir/ProjectDataModel/Completions/RimFractureExportSettings.cpp.o
[2085/3503] Building CXX object ApplicationLibCode/CMakeFiles/ApplicationLibCode.dir/ProjectDataModel/Completions/RimCompletionTemplateCollection.cpp.o
[2086/3503] Building CXX object ApplicationLibCode/CMakeFiles/ApplicationLibCode.dir/ProjectDataModel/Completions/RimFractureTemplate.cpp.o
[2087/3503] Building CXX object ApplicationLibCode/CMakeFiles/ApplicationLibCode.dir/ProjectDataModel/Completions/RimFractureTemplateCollection.cpp.o
[2088/3503] Building CXX object ApplicationLibCode/CMakeFiles/ApplicationLibCode.dir/ProjectDataModel/Completions/RimValveTemplateCollection.cpp.o
[2089/3503] Building CXX object ApplicationLibCode/CMakeFiles/ApplicationLibCode.dir/ProjectDataModel/Completions/RimValveTemplate.cpp.o
[2090/3503] Building CXX object ApplicationLibCode/CMakeFiles/ApplicationLibCode.dir/ProjectDataModel/Completions/RimMeshFractureTemplate.cpp.o
[2091/3503] Building CXX object ApplicationLibCode/CMakeFiles/ApplicationLibCode.dir/ProjectDataModel/Completions/RimThermalFractureTemplate.cpp.o
[2092/3503] Building CXX object ApplicationLibCode/CMakeFiles/ApplicationLibCode.dir/ProjectDataModel/Completions/RimStimPlanFractureTemplate.cpp.o
[2093/3503] Building CXX object ApplicationLibCode/CMakeFiles/ApplicationLibCode.dir/ProjectDataModel/Completions/RimWellPathFracture.cpp.o
[2094/3503] Building CXX object ApplicationLibCode/CMakeFiles/ApplicationLibCode.dir/ProjectDataModel/Completions/RimWellPathFractureCollection.cpp.o
[2095/3503] Building CXX object ApplicationLibCode/CMakeFiles/ApplicationLibCode.dir/ProjectDataModel/Completions/Rim3dWellLogCurveCollection.cpp.o
[2096/3503] Building CXX object ApplicationLibCode/CMakeFiles/ApplicationLibCode.dir/ProjectDataModel/Completions/RimMswCompletionParameters.cpp.o
[2097/3503] Building CXX object ApplicationLibCode/CMakeFiles/ApplicationLibCode.dir/ProjectDataModel/Completions/RimNonDarcyPerforationParameters.cpp.o
[2098/3503] Building CXX object ApplicationLibCode/CMakeFiles/ApplicationLibCode.dir/ProjectDataModel/Completions/RimValveCollection.cpp.o
[2099/3503] Building CXX object ApplicationLibCode/CMakeFiles/ApplicationLibCode.dir/ProjectDataModel/Completions/RimWellPathValve.cpp.o
[2100/3503] Building CXX object ApplicationLibCode/CMakeFiles/ApplicationLibCode.dir/ProjectDataModel/Completions/RimMultipleValveLocations.cpp.o
[2101/3503] Building CXX object ApplicationLibCode/CMakeFiles/ApplicationLibCode.dir/ProjectDataModel/Completions/RimWellPathAicdParameters.cpp.o
[2102/3503] Building CXX object ApplicationLibCode/CMakeFiles/ApplicationLibCode.dir/ProjectDataModel/Completions/RimWellPathSicdParameters.cpp.o
[2103/3503] Building CXX object ApplicationLibCode/CMakeFiles/ApplicationLibCode.dir/ProjectDataModel/Completions/RimDiameterRoughnessInterval.cpp.o
[2104/3503] Building CXX object ApplicationLibCode/CMakeFiles/ApplicationLibCode.dir/ProjectDataModel/Completions/RimDiameterRoughnessIntervalCollection.cpp.o
[2105/3503] Building CXX object ApplicationLibCode/CMakeFiles/ApplicationLibCode.dir/ProjectDataModel/Completions/RimCustomSegmentInterval.cpp.o
[2106/3503] Building CXX object ApplicationLibCode/CMakeFiles/ApplicationLibCode.dir/ProjectDataModel/Completions/RimCustomSegmentIntervalCollection.cpp.o
[2107/3503] Building CXX object ApplicationLibCode/CMakeFiles/ApplicationLibCode.dir/ProjectDataModel/Completions/RimEnsembleFractureStatisticsCollection.cpp.o
[2108/3503] Building CXX object ApplicationLibCode/CMakeFiles/ApplicationLibCode.dir/ProjectDataModel/Completions/RimEnsembleFractureStatistics.cpp.o
[2109/3503] Building CXX object ApplicationLibCode/CMakeFiles/ApplicationLibCode.dir/ProjectDataModel/Completions/RimMswSegment.cpp.o
[2110/3503] Building CXX object ApplicationLibCode/CMakeFiles/ApplicationLibCode.dir/ProjectDataModel/Measurement/RimMeasurement.cpp.o
[2111/3503] Building CXX object ApplicationLibCode/CMakeFiles/ApplicationLibCode.dir/ProjectDataModel/Completions/RimMswSegmentCollection.cpp.o
[2112/3503] Building CXX object ApplicationLibCode/CMakeFiles/ApplicationLibCode.dir/ProjectDataModel/Measurement/RiuMeasurementEventFilter.cpp.o
[2113/3503] Building CXX object ApplicationLibCode/CMakeFiles/ApplicationLibCode.dir/ProjectDataModel/Parameters/RimGenericParameter.cpp.o
[2114/3503] Building CXX object ApplicationLibCode/CMakeFiles/ApplicationLibCode.dir/ProjectDataModel/Parameters/RimDoubleParameter.cpp.o
[2115/3503] Building CXX object ApplicationLibCode/CMakeFiles/ApplicationLibCode.dir/ProjectDataModel/Parameters/RimIntegerParameter.cpp.o
[2116/3503] Building CXX object ApplicationLibCode/CMakeFiles/ApplicationLibCode.dir/ProjectDataModel/Parameters/RimStringParameter.cpp.o
[2117/3503] Building CXX object ApplicationLibCode/CMakeFiles/ApplicationLibCode.dir/ProjectDataModel/Parameters/RimListParameter.cpp.o
[2118/3503] Building CXX object ApplicationLibCode/CMakeFiles/ApplicationLibCode.dir/ProjectDataModel/Parameters/RimParameterGroups.cpp.o
[2119/3503] Building CXX object ApplicationLibCode/CMakeFiles/ApplicationLibCode.dir/ProjectDataModel/Parameters/RimParameterGroup.cpp.o
[2120/3503] Building CXX object ApplicationLibCode/CMakeFiles/ApplicationLibCode.dir/ProjectDataModel/Parameters/RimParameterList.cpp.o
[2121/3503] Building CXX object ApplicationLibCode/CMakeFiles/ApplicationLibCode.dir/ProjectDataModel/PlotTemplates/RimPlotTemplateFolderItem.cpp.o
[2122/3503] Building CXX object ApplicationLibCode/CMakeFiles/ApplicationLibCode.dir/ProjectDataModel/PlotTemplates/RimPlotTemplateFileItem.cpp.o
[2123/3503] Building CXX object ApplicationLibCode/CMakeFiles/ApplicationLibCode.dir/ProjectDataModel/StimPlanModel/RimStimPlanModelCollection.cpp.o
[2124/3503] Building CXX object ApplicationLibCode/CMakeFiles/ApplicationLibCode.dir/ProjectDataModel/StimPlanModel/RimStimPlanModelTemplate.cpp.o
[2125/3503] Building CXX object ApplicationLibCode/CMakeFiles/ApplicationLibCode.dir/ProjectDataModel/StimPlanModel/RimStimPlanModelTemplateCollection.cpp.o
[2126/3503] Building CXX object ApplicationLibCode/CMakeFiles/ApplicationLibCode.dir/ProjectDataModel/StimPlanModel/RimStimPlanModel.cpp.o
[2127/3503] Building CXX object ApplicationLibCode/CMakeFiles/ApplicationLibCode.dir/ProjectDataModel/StimPlanModel/RimStimPlanModelCalculator.cpp.o
[2128/3503] Building CXX object ApplicationLibCode/CMakeFiles/ApplicationLibCode.dir/ProjectDataModel/StimPlanModel/RimStimPlanModelCurve.cpp.o
[2129/3503] Building CXX object ApplicationLibCode/CMakeFiles/ApplicationLibCode.dir/ProjectDataModel/StimPlanModel/RimStimPlanModelElasticPropertyCalculator.cpp.o
[2130/3503] Building CXX object ApplicationLibCode/CMakeFiles/ApplicationLibCode.dir/ProjectDataModel/StimPlanModel/RimStimPlanModelLayerCalculator.cpp.o
[2131/3503] Building CXX object ApplicationLibCode/CMakeFiles/ApplicationLibCode.dir/ProjectDataModel/StimPlanModel/RimStimPlanModelPlotCollection.cpp.o
[2132/3503] Building CXX object ApplicationLibCode/CMakeFiles/ApplicationLibCode.dir/ProjectDataModel/StimPlanModel/RimStimPlanModelStressCalculator.cpp.o
[2133/3503] Building CXX object ApplicationLibCode/CMakeFiles/ApplicationLibCode.dir/ProjectDataModel/StimPlanModel/RimStimPlanModelPlot.cpp.o
[2134/3503] Building CXX object ApplicationLibCode/CMakeFiles/ApplicationLibCode.dir/ProjectDataModel/StimPlanModel/RimStimPlanModelWellLogCalculator.cpp.o
[2135/3503] Building CXX object ApplicationLibCode/CMakeFiles/ApplicationLibCode.dir/ProjectDataModel/StimPlanModel/RimStimPlanModelPressureCalculator.cpp.o
[2136/3503] Building CXX object ApplicationLibCode/CMakeFiles/ApplicationLibCode.dir/ProjectDataModel/StimPlanModel/RimElasticProperties.cpp.o
[2137/3503] Building CXX object ApplicationLibCode/CMakeFiles/ApplicationLibCode.dir/ProjectDataModel/StimPlanModel/RimElasticPropertyScaling.cpp.o
[2138/3503] Building CXX object ApplicationLibCode/CMakeFiles/ApplicationLibCode.dir/ProjectDataModel/StimPlanModel/RimElasticPropertyScalingCollection.cpp.o
[2139/3503] Building CXX object ApplicationLibCode/CMakeFiles/ApplicationLibCode.dir/ProjectDataModel/StimPlanModel/RimFaciesProperties.cpp.o
[2140/3503] Building CXX object ApplicationLibCode/CMakeFiles/ApplicationLibCode.dir/ProjectDataModel/StimPlanModel/RimNonNetLayers.cpp.o
[2141/3503] Building CXX object ApplicationLibCode/CMakeFiles/ApplicationLibCode.dir/ProjectDataModel/StimPlanModel/RimFaciesInitialPressureConfig.cpp.o
[2142/3503] Building CXX object ApplicationLibCode/CMakeFiles/ApplicationLibCode.dir/ProjectDataModel/StimPlanModel/RimPressureTableItem.cpp.o
[2143/3503] Building CXX object ApplicationLibCode/CMakeFiles/ApplicationLibCode.dir/ProjectDataModel/StimPlanModel/RimPressureTable.cpp.o
[2144/3503] Building CXX object ApplicationLibCode/CMakeFiles/ApplicationLibCode.dir/ProjectDataModel/StimPlanModel/RimExtractionConfiguration.cpp.o
[2145/3503] Building CXX object ApplicationLibCode/CMakeFiles/ApplicationLibCode.dir/ProjectDataModel/Streamlines/RimStreamline.cpp.o
[2146/3503] Building CXX object ApplicationLibCode/CMakeFiles/ApplicationLibCode.dir/ProjectDataModel/Streamlines/RimStreamlineGeneratorBase.cpp.o
[2147/3503] Building CXX object ApplicationLibCode/CMakeFiles/ApplicationLibCode.dir/ProjectDataModel/Streamlines/RimStreamlineInViewCollection.cpp.o
[2148/3503] Building CXX object ApplicationLibCode/CMakeFiles/ApplicationLibCode.dir/ProjectDataModel/Streamlines/RimStreamlineDataAccess.cpp.o
[2149/3503] Building CXX object ApplicationLibCode/CMakeFiles/ApplicationLibCode.dir/ProjectDataModel/Streamlines/RimStreamlineGenerator.cpp.o
[2150/3503] Building CXX object ApplicationLibCode/CMakeFiles/ApplicationLibCode.dir/ProjectDataModel/Seismic/RimSeismicDataCollection.cpp.o
[2151/3503] Building CXX object ApplicationLibCode/CMakeFiles/ApplicationLibCode.dir/ProjectDataModel/Seismic/RimSeismicData.cpp.o
[2152/3503] Building CXX object ApplicationLibCode/CMakeFiles/ApplicationLibCode.dir/ProjectDataModel/Seismic/RimSeismicSectionCollection.cpp.o
[2153/3503] Building CXX object ApplicationLibCode/CMakeFiles/ApplicationLibCode.dir/ProjectDataModel/Seismic/RimSeismicAlphaMapper.cpp.o
[2154/3503] Building CXX object ApplicationLibCode/CMakeFiles/ApplicationLibCode.dir/ProjectDataModel/Seismic/RimSeismicSection.cpp.o
[2155/3503] Building CXX object ApplicationLibCode/CMakeFiles/ApplicationLibCode.dir/ProjectDataModel/Seismic/RimSEGYConvertOptions.cpp.o
[2156/3503] Building CXX object ApplicationLibCode/CMakeFiles/ApplicationLibCode.dir/ProjectDataModel/Seismic/RimSeismicDataInterface.cpp.o
[2157/3503] Building CXX object ApplicationLibCode/CMakeFiles/ApplicationLibCode.dir/ProjectDataModel/Seismic/RimSeismicDifferenceData.cpp.o
[2158/3503] Building CXX object ApplicationLibCode/CMakeFiles/ApplicationLibCode.dir/ProjectDataModel/Seismic/RimSeismicViewCollection.cpp.o
[2159/3503] Building CXX object ApplicationLibCode/CMakeFiles/ApplicationLibCode.dir/ProjectDataModel/Seismic/RimSeismicView.cpp.o
[2160/3503] Building CXX object ApplicationLibCode/CMakeFiles/ApplicationLibCode.dir/ProjectDataModel/Surfaces/RimSurface.cpp.o
[2161/3503] Building CXX object ApplicationLibCode/CMakeFiles/ApplicationLibCode.dir/ProjectDataModel/Surfaces/RimFileSurface.cpp.o
[2162/3503] Building CXX object ApplicationLibCode/CMakeFiles/ApplicationLibCode.dir/ProjectDataModel/Surfaces/RimGridCaseSurface.cpp.o
[2163/3503] Building CXX object ApplicationLibCode/CMakeFiles/ApplicationLibCode.dir/ProjectDataModel/Surfaces/RimSurfaceCollection.cpp.o
[2164/3503] Building CXX object ApplicationLibCode/CMakeFiles/ApplicationLibCode.dir/ProjectDataModel/Surfaces/RimSurfaceInView.cpp.o
[2165/3503] Building CXX object ApplicationLibCode/CMakeFiles/ApplicationLibCode.dir/ProjectDataModel/Surfaces/RimSurfaceInViewCollection.cpp.o
[2166/3503] Building CXX object ApplicationLibCode/CMakeFiles/ApplicationLibCode.dir/ProjectDataModel/Surfaces/RimSurfaceResultDefinition.cpp.o
[2167/3503] Building CXX object ApplicationLibCode/CMakeFiles/ApplicationLibCode.dir/ProjectDataModel/Surfaces/RimEnsembleSurface.cpp.o
[2168/3503] Building CXX object ApplicationLibCode/CMakeFiles/ApplicationLibCode.dir/ProjectDataModel/Surfaces/RimEnsembleStatisticsSurface.cpp.o
[2169/3503] Building CXX object ApplicationLibCode/CMakeFiles/ApplicationLibCode.dir/ProjectDataModel/Surfaces/RimDepthSurface.cpp.o
[2170/3503] Building CXX object ApplicationLibCode/CMakeFiles/ApplicationLibCode.dir/ProjectDataModel/Surfaces/RimFractureSurface.cpp.o
[2171/3503] Building CXX object ApplicationLibCode/CMakeFiles/ApplicationLibCode.dir/ProjectDataModel/Surfaces/RimRegularFileSurface.cpp.o
[2172/3503] Building CXX object ApplicationLibCode/CMakeFiles/ApplicationLibCode.dir/ProjectDataModel/Surfaces/RimRegularSurface.cpp.o
[2173/3503] Building CXX object ApplicationLibCode/CMakeFiles/ApplicationLibCode.dir/ProjectDataModel/Intersections/RimIntersection.cpp.o
[2174/3503] Building CXX object ApplicationLibCode/CMakeFiles/ApplicationLibCode.dir/ProjectDataModel/Intersections/RimIntersectionCollection.cpp.o
[2175/3503] Building CXX object ApplicationLibCode/CMakeFiles/ApplicationLibCode.dir/ProjectDataModel/Intersections/RimExtrudedCurveIntersection.cpp.o
[2176/3503] Building CXX object ApplicationLibCode/CMakeFiles/ApplicationLibCode.dir/ProjectDataModel/Intersections/RimIntersectionResultsDefinitionCollection.cpp.o
[2177/3503] Building CXX object ApplicationLibCode/CMakeFiles/ApplicationLibCode.dir/ProjectDataModel/Intersections/RimIntersectionResultDefinition.cpp.o
[2178/3503] Building CXX object ApplicationLibCode/CMakeFiles/ApplicationLibCode.dir/ProjectDataModel/Intersections/RimBoxIntersection.cpp.o
[2179/3503] Building CXX object ApplicationLibCode/CMakeFiles/ApplicationLibCode.dir/ProjectDataModel/Intersections/RimIjkIntersection.cpp.o
[2180/3503] Building CXX object ApplicationLibCode/CMakeFiles/ApplicationLibCode.dir/ProjectDataModel/Intersections/RimIntersectionEnums.cpp.o
[2181/3503] Building CXX object ApplicationLibCode/CMakeFiles/ApplicationLibCode.dir/ProjectDataModel/CellFilters/RimCellFilter.cpp.o
[2182/3503] Building CXX object ApplicationLibCode/CMakeFiles/ApplicationLibCode.dir/ProjectDataModel/CellFilters/RimCellFilterCollection.cpp.o
[2183/3503] Building CXX object ApplicationLibCode/CMakeFiles/ApplicationLibCode.dir/ProjectDataModel/CellFilters/RimCellRangeFilter.cpp.o
[2184/3503] Building CXX object ApplicationLibCode/CMakeFiles/ApplicationLibCode.dir/ProjectDataModel/CellFilters/RimCombinedFilter.cpp.o
[2185/3503] Building CXX object ApplicationLibCode/CMakeFiles/ApplicationLibCode.dir/ProjectDataModel/CellFilters/RimDataFilterCollection.cpp.o
[2186/3503] Building CXX object ApplicationLibCode/CMakeFiles/ApplicationLibCode.dir/ProjectDataModel/CellFilters/RimDataFilterInView.cpp.o
[2187/3503] Building CXX object ApplicationLibCode/CMakeFiles/ApplicationLibCode.dir/ProjectDataModel/CellFilters/RimDataFilterInViewCollection.cpp.o
[2188/3503] Building CXX object ApplicationLibCode/CMakeFiles/ApplicationLibCode.dir/ProjectDataModel/CellFilters/RimPropertyFilter.cpp.o
[2189/3503] Building CXX object ApplicationLibCode/CMakeFiles/ApplicationLibCode.dir/ProjectDataModel/CellFilters/RimPropertyFilterCollection.cpp.o
[2190/3503] Building CXX object ApplicationLibCode/CMakeFiles/ApplicationLibCode.dir/ProjectDataModel/CellFilters/RimEclipsePropertyFilter.cpp.o
[2191/3503] Building CXX object ApplicationLibCode/CMakeFiles/ApplicationLibCode.dir/ProjectDataModel/CellFilters/RimEclipsePropertyFilterCollection.cpp.o
[2192/3503] Building CXX object ApplicationLibCode/CMakeFiles/ApplicationLibCode.dir/ProjectDataModel/CellFilters/RimGeoMechPropertyFilterCollection.cpp.o
[2193/3503] Building CXX object ApplicationLibCode/CMakeFiles/ApplicationLibCode.dir/ProjectDataModel/CellFilters/RimGeoMechPropertyFilter.cpp.o
[2194/3503] Building CXX object ApplicationLibCode/CMakeFiles/ApplicationLibCode.dir/ProjectDataModel/CellFilters/RimUserDefinedFilter.cpp.o
[2195/3503] Building CXX object ApplicationLibCode/CMakeFiles/ApplicationLibCode.dir/ProjectDataModel/CellFilters/RimCellFilterIntervalTool.cpp.o
[2196/3503] Building CXX object ApplicationLibCode/CMakeFiles/ApplicationLibCode.dir/ProjectDataModel/CellFilters/RimPolygonFilter.cpp.o
[2197/3503] Building CXX object ApplicationLibCode/CMakeFiles/ApplicationLibCode.dir/ProjectDataModel/CellFilters/RimCellIndexFilter.cpp.o
[2198/3503] Building CXX object ApplicationLibCode/CMakeFiles/ApplicationLibCode.dir/ProjectDataModel/CellFilters/RimUserDefinedIndexFilter.cpp.o
[2199/3503] Building CXX object ApplicationLibCode/CMakeFiles/ApplicationLibCode.dir/ProjectDataModel/CellFilters/RimFilterDisplayUtil.cpp.o
[2200/3503] Building CXX object ApplicationLibCode/CMakeFiles/ApplicationLibCode.dir/ProjectDataModel/CellFilters/RimFilterInViewCollection.cpp.o
[2201/3503] Building CXX object ApplicationLibCode/CMakeFiles/ApplicationLibCode.dir/ProjectDataModel/ProcessControl/RimProcessMonitor.cpp.o
[2202/3503] Building CXX object ApplicationLibCode/CMakeFiles/ApplicationLibCode.dir/ProjectDataModel/ProcessControl/RimProcess.cpp.o
[2203/3503] Building CXX object ApplicationLibCode/CMakeFiles/ApplicationLibCode.dir/ProjectDataModel/ProcessControl/RimProcessQueue.cpp.o
[2204/3503] Building CXX object ApplicationLibCode/CMakeFiles/ApplicationLibCode.dir/ProjectDataModel/Polygons/RimPolygon.cpp.o
[2205/3503] Building CXX object ApplicationLibCode/CMakeFiles/ApplicationLibCode.dir/ProjectDataModel/Polygons/RimPolygonContainer.cpp.o
[2206/3503] Building CXX object ApplicationLibCode/CMakeFiles/ApplicationLibCode.dir/ProjectDataModel/Polygons/RimPolygonCollection.cpp.o
[2207/3503] Building CXX object ApplicationLibCode/CMakeFiles/ApplicationLibCode.dir/ProjectDataModel/Polygons/RimPolygonFile.cpp.o
[2208/3503] Building CXX object ApplicationLibCode/CMakeFiles/ApplicationLibCode.dir/ProjectDataModel/Polygons/RimPolygonInViewCollection.cpp.o
[2209/3503] Building CXX object ApplicationLibCode/CMakeFiles/ApplicationLibCode.dir/ProjectDataModel/Polygons/RimPolygonInView.cpp.o
[2210/3503] Building CXX object ApplicationLibCode/CMakeFiles/ApplicationLibCode.dir/ProjectDataModel/Polygons/RimPolygonTools.cpp.o
[2211/3503] Building CXX object ApplicationLibCode/CMakeFiles/ApplicationLibCode.dir/ProjectDataModel/Polygons/RimPolygonAppearance.cpp.o
[2212/3503] Building CXX object ApplicationLibCode/CMakeFiles/ApplicationLibCode.dir/ProjectDataModel/WellLog/RimWellLogPlotCollection.cpp.o
[2213/3503] Building CXX object ApplicationLibCode/CMakeFiles/ApplicationLibCode.dir/ProjectDataModel/WellLog/RimWellLogPlot.cpp.o
[2214/3503] Building CXX object ApplicationLibCode/CMakeFiles/ApplicationLibCode.dir/ProjectDataModel/WellLog/RimWellLogCurve.cpp.o
[2215/3503] Building CXX object ApplicationLibCode/CMakeFiles/ApplicationLibCode.dir/ProjectDataModel/WellLog/RimWellLogLasFile.cpp.o
[2216/3503] Building CXX object ApplicationLibCode/CMakeFiles/ApplicationLibCode.dir/ProjectDataModel/WellLog/RimWellLogExtractionCurve.cpp.o
[2217/3503] Building CXX object ApplicationLibCode/CMakeFiles/ApplicationLibCode.dir/ProjectDataModel/WellLog/RimWellLogCsvFile.cpp.o
[2218/3503] Building CXX object ApplicationLibCode/CMakeFiles/ApplicationLibCode.dir/ProjectDataModel/WellLog/RimOsduWellLog.cpp.o
[2219/3503] Building CXX object ApplicationLibCode/CMakeFiles/ApplicationLibCode.dir/ProjectDataModel/WellLog/RimWellLog.cpp.o
[2220/3503] Building CXX object ApplicationLibCode/CMakeFiles/ApplicationLibCode.dir/ProjectDataModel/WellLog/RimWellLogFile.cpp.o
[2221/3503] Building CXX object ApplicationLibCode/CMakeFiles/ApplicationLibCode.dir/ProjectDataModel/WellLog/RimWellLogFileUtil.cpp.o
[2222/3503] Building CXX object ApplicationLibCode/CMakeFiles/ApplicationLibCode.dir/ProjectDataModel/WellLog/RimWellLogChannel.cpp.o
[2223/3503] Building CXX object ApplicationLibCode/CMakeFiles/ApplicationLibCode.dir/ProjectDataModel/WellLog/RimOsduWellLogChannel.cpp.o
[2224/3503] Building CXX object ApplicationLibCode/CMakeFiles/ApplicationLibCode.dir/ProjectDataModel/WellLog/RimWellLogLasFileCurve.cpp.o
[2225/3503] Building CXX object ApplicationLibCode/CMakeFiles/ApplicationLibCode.dir/ProjectDataModel/WellLog/RimWellLogWbsCurve.cpp.o
[2226/3503] Building CXX object ApplicationLibCode/CMakeFiles/ApplicationLibCode.dir/ProjectDataModel/WellLog/RimWellLogRftCurve.cpp.o
[2227/3503] Building CXX object ApplicationLibCode/CMakeFiles/ApplicationLibCode.dir/ProjectDataModel/WellLog/RimWellLogPlotNameConfig.cpp.o
[2228/3503] Building CXX object ApplicationLibCode/CMakeFiles/ApplicationLibCode.dir/ProjectDataModel/WellLog/RimWellLogLasFileCurveNameConfig.cpp.o
[2229/3503] Building CXX object ApplicationLibCode/CMakeFiles/ApplicationLibCode.dir/ProjectDataModel/WellLog/RimWellLogExtractionCurveNameConfig.cpp.o
[2230/3503] Building CXX object ApplicationLibCode/CMakeFiles/ApplicationLibCode.dir/ProjectDataModel/WellLog/RimWellLogRftCurveNameConfig.cpp.o
[2231/3503] Building CXX object ApplicationLibCode/CMakeFiles/ApplicationLibCode.dir/ProjectDataModel/WellLog/Rim3dWellLogCurve.cpp.o
[2232/3503] Building CXX object ApplicationLibCode/CMakeFiles/ApplicationLibCode.dir/ProjectDataModel/WellLog/Rim3dWellLogFileCurve.cpp.o
[2233/3503] Building CXX object ApplicationLibCode/CMakeFiles/ApplicationLibCode.dir/ProjectDataModel/WellLog/Rim3dWellLogExtractionCurve.cpp.o
[2234/3503] Building CXX object ApplicationLibCode/CMakeFiles/ApplicationLibCode.dir/ProjectDataModel/WellLog/Rim3dWellLogRftCurve.cpp.o
[2235/3503] Building CXX object ApplicationLibCode/CMakeFiles/ApplicationLibCode.dir/ProjectDataModel/WellLog/RimEnsembleWellLogs.cpp.o
[2236/3503] Building CXX object ApplicationLibCode/CMakeFiles/ApplicationLibCode.dir/ProjectDataModel/WellLog/RimEnsembleWellLogsCollection.cpp.o
[2237/3503] Building CXX object ApplicationLibCode/CMakeFiles/ApplicationLibCode.dir/ProjectDataModel/WellLog/RimWellLogCurveCommonDataSource.cpp.o
[2238/3503] Building CXX object ApplicationLibCode/CMakeFiles/ApplicationLibCode.dir/ProjectDataModel/WellLog/RimEnsembleWellLogStatistics.cpp.o
[2239/3503] Building CXX object ApplicationLibCode/CMakeFiles/ApplicationLibCode.dir/ProjectDataModel/WellLog/RimEnsembleWellLogCurveSet.cpp.o
[2240/3503] Building CXX object ApplicationLibCode/CMakeFiles/ApplicationLibCode.dir/ProjectDataModel/WellLog/RimEnsembleWellLogStatisticsCurve.cpp.o
[2241/3503] Building CXX object ApplicationLibCode/CMakeFiles/ApplicationLibCode.dir/ProjectDataModel/WellLog/RimRftTools.cpp.o
[2242/3503] Building CXX object ApplicationLibCode/CMakeFiles/ApplicationLibCode.dir/ProjectDataModel/WellLog/RimWellLogCurveInfoTextProvider.cpp.o
[2243/3503] Building CXX object ApplicationLibCode/CMakeFiles/ApplicationLibCode.dir/ProjectDataModel/WellLog/RimRftTopologyCurve.cpp.o
[2244/3503] Building CXX object ApplicationLibCode/CMakeFiles/ApplicationLibCode.dir/ProjectDataModel/WellLog/RimWellLogFileDataLoader.cpp.o
[2245/3503] Building CXX object ApplicationLibCode/CMakeFiles/ApplicationLibCode.dir/ProjectDataModel/WellLog/RimWellLogCalculatedCurve.cpp.o
[2246/3503] Building CXX object ApplicationLibCode/CMakeFiles/ApplicationLibCode.dir/ProjectDataModel/WellLog/RimImportedWellLog.cpp.o
[2247/3503] Building CXX object ApplicationLibCode/CMakeFiles/ApplicationLibCode.dir/ProjectDataModel/WellLog/RimOsduWellLogDataLoader.cpp.o
[2248/3503] Building CXX object ApplicationLibCode/CMakeFiles/ApplicationLibCode.dir/ProjectDataModel/WellLog/RimImportedWellLogData.cpp.o
[2249/3503] Building CXX object ApplicationLibCode/CMakeFiles/ApplicationLibCode.dir/ProjectDataModel/WellLog/RimWellLogChannelData.cpp.o
[2250/3503] Building CXX object ApplicationLibCode/CMakeFiles/ApplicationLibCode.dir/ProjectDataModel/WellLog/WellLogTrack/RimWellLogPropertyAxisSettings.cpp.o
[2251/3503] Building CXX object ApplicationLibCode/CMakeFiles/ApplicationLibCode.dir/ProjectDataModel/WellLog/WellLogTrack/RimWellLogFormationSettings.cpp.o
[2252/3503] Building CXX object ApplicationLibCode/CMakeFiles/ApplicationLibCode.dir/ProjectDataModel/WellLog/WellLogTrack/RimWellLogTrack.cpp.o
[2253/3503] Building CXX object ApplicationLibCode/CMakeFiles/ApplicationLibCode.dir/ProjectDataModel/WellLog/WellLogTrack/RimWellLogRegionAnnotationSettings.cpp.o
[2254/3503] Building CXX object ApplicationLibCode/CMakeFiles/ApplicationLibCode.dir/ProjectDataModel/WellLog/WellLogTrack/RimWellLogWellPathAttributeSettings.cpp.o
[2255/3503] Building CXX object ApplicationLibCode/CMakeFiles/ApplicationLibCode.dir/ProjectDataModel/WellMeasurement/RimWellMeasurement.cpp.o
[2256/3503] Building CXX object ApplicationLibCode/CMakeFiles/ApplicationLibCode.dir/ProjectDataModel/WellMeasurement/RimWellMeasurementCollection.cpp.o
[2257/3503] Building CXX object ApplicationLibCode/CMakeFiles/ApplicationLibCode.dir/ProjectDataModel/WellMeasurement/RimWellMeasurementFilePath.cpp.o
[2258/3503] Building CXX object ApplicationLibCode/CMakeFiles/ApplicationLibCode.dir/ProjectDataModel/WellMeasurement/RimWellMeasurementFilter.cpp.o
[2259/3503] Building CXX object ApplicationLibCode/CMakeFiles/ApplicationLibCode.dir/ProjectDataModel/WellMeasurement/RimWellMeasurementCurve.cpp.o
[2260/3503] Building CXX object ApplicationLibCode/CMakeFiles/ApplicationLibCode.dir/ProjectDataModel/WellMeasurement/RimWellMeasurementInViewCollection.cpp.o
[2261/3503] Building CXX object ApplicationLibCode/CMakeFiles/ApplicationLibCode.dir/ProjectDataModel/WellMeasurement/RimWellMeasurementInView.cpp.o
[2262/3503] Building CXX object ApplicationLibCode/CMakeFiles/ApplicationLibCode.dir/ProjectDataModel/WellPath/RimFileWellPath.cpp.o
[2263/3503] Building CXX object ApplicationLibCode/CMakeFiles/ApplicationLibCode.dir/ProjectDataModel/WellPath/RimPointBasedWellPath.cpp.o
[2264/3503] Building CXX object ApplicationLibCode/CMakeFiles/ApplicationLibCode.dir/ProjectDataModel/WellPath/RimModeledWellPath.cpp.o
[2265/3503] Building CXX object ApplicationLibCode/CMakeFiles/ApplicationLibCode.dir/ProjectDataModel/WellPath/RimWellPathAttribute.cpp.o
[2266/3503] Building CXX object ApplicationLibCode/CMakeFiles/ApplicationLibCode.dir/ProjectDataModel/WellPath/RimWellPath.cpp.o
[2267/3503] Building CXX object ApplicationLibCode/CMakeFiles/ApplicationLibCode.dir/ProjectDataModel/WellPath/RimWellPathAttributeCollection.cpp.o
[2268/3503] Building CXX object ApplicationLibCode/CMakeFiles/ApplicationLibCode.dir/ProjectDataModel/WellPath/RimWellPathGeometryDef.cpp.o
[2269/3503] Building CXX object ApplicationLibCode/CMakeFiles/ApplicationLibCode.dir/ProjectDataModel/WellPath/RimWellPathCollection.cpp.o
[2270/3503] Building CXX object ApplicationLibCode/CMakeFiles/ApplicationLibCode.dir/ProjectDataModel/WellPath/RimWellPathGeometryDefTools.cpp.o
[2271/3503] Building CXX object ApplicationLibCode/CMakeFiles/ApplicationLibCode.dir/ProjectDataModel/WellPath/RimWellPathGroup.cpp.o
[2272/3503] Building CXX object ApplicationLibCode/CMakeFiles/ApplicationLibCode.dir/ProjectDataModel/WellPath/RimWellPathTarget.cpp.o
[2273/3503] Building CXX object ApplicationLibCode/CMakeFiles/ApplicationLibCode.dir/ProjectDataModel/WellPath/RimWellPathTieIn.cpp.o
[2274/3503] Building CXX object ApplicationLibCode/CMakeFiles/ApplicationLibCode.dir/ProjectDataModel/WellPath/RimWellIASettingsCollection.cpp.o
[2275/3503] Building CXX object ApplicationLibCode/CMakeFiles/ApplicationLibCode.dir/ProjectDataModel/WellPath/RimWellIASettings.cpp.o
[2276/3503] Building CXX object ApplicationLibCode/CMakeFiles/ApplicationLibCode.dir/ProjectDataModel/WellPath/RimWellIAModelBox.cpp.o
[2277/3503] Building CXX object ApplicationLibCode/CMakeFiles/ApplicationLibCode.dir/ProjectDataModel/WellPath/RimWellIAModelData.cpp.o
[2278/3503] Building CXX object ApplicationLibCode/CMakeFiles/ApplicationLibCode.dir/ProjectDataModel/WellPath/RimWellIADataAccess.cpp.o
[2279/3503] Building CXX object ApplicationLibCode/CMakeFiles/ApplicationLibCode.dir/ProjectDataModel/WellPath/RimOsduWellPath.cpp.o
[2280/3503] Building CXX object ApplicationLibCode/CMakeFiles/ApplicationLibCode.dir/ProjectDataModel/WellPath/RimFileWellPathDataLoader.cpp.o
[2281/3503] Building CXX object ApplicationLibCode/CMakeFiles/ApplicationLibCode.dir/ProjectDataModel/WellPath/RimOsduWellPathDataLoader.cpp.o
[2282/3503] Building CXX object ApplicationLibCode/CMakeFiles/ApplicationLibCode.dir/ProjectDataModel/WellPath/RimModeledWellPathDataLoader.cpp.o
[2283/3503] Building CXX object ApplicationLibCode/CMakeFiles/ApplicationLibCode.dir/ProjectDataModel/WellEvents/RimWellEvent.cpp.o
[2284/3503] Building CXX object ApplicationLibCode/CMakeFiles/ApplicationLibCode.dir/ProjectDataModel/WellEvents/RimWellEventPerf.cpp.o
[2285/3503] Building CXX object ApplicationLibCode/CMakeFiles/ApplicationLibCode.dir/ProjectDataModel/WellEvents/RimWellEventRawText.cpp.o
[2286/3503] Building CXX object ApplicationLibCode/CMakeFiles/ApplicationLibCode.dir/ProjectDataModel/WellEvents/RimWellEventValve.cpp.o
[2287/3503] Building CXX object ApplicationLibCode/CMakeFiles/ApplicationLibCode.dir/ProjectDataModel/WellEvents/RimWellEventTubing.cpp.o
[2288/3503] Building CXX object ApplicationLibCode/CMakeFiles/ApplicationLibCode.dir/ProjectDataModel/WellEvents/RimWellEventState.cpp.o
[2289/3503] Building CXX object ApplicationLibCode/CMakeFiles/ApplicationLibCode.dir/ProjectDataModel/WellEvents/RimWellEventType.cpp.o
[2290/3503] Building CXX object ApplicationLibCode/CMakeFiles/ApplicationLibCode.dir/ProjectDataModel/WellEvents/RimWellEventWellSpec.cpp.o
[2291/3503] Building CXX object ApplicationLibCode/CMakeFiles/ApplicationLibCode.dir/ProjectDataModel/WellEvents/RimWellEventControl.cpp.o
[2292/3503] Building CXX object ApplicationLibCode/CMakeFiles/ApplicationLibCode.dir/ProjectDataModel/WellEvents/RimWellEventKeyword.cpp.o
[2293/3503] Building CXX object ApplicationLibCode/CMakeFiles/ApplicationLibCode.dir/ProjectDataModel/WellEvents/RimWellEventKeywordItem.cpp.o
[2294/3503] Building CXX object ApplicationLibCode/CMakeFiles/ApplicationLibCode.dir/ProjectDataModel/WellEvents/RimKeywordEvent.cpp.o
[2295/3503] Building CXX object ApplicationLibCode/CMakeFiles/ApplicationLibCode.dir/ProjectDataModel/Tools/RiaVariableMapper.cpp.o
[2296/3503] Building CXX object ApplicationLibCode/CMakeFiles/ApplicationLibCode.dir/ProjectDataModel/WellEvents/RimWellEventTimeline.cpp.o
[2297/3503] Building CXX object ApplicationLibCode/CMakeFiles/ApplicationLibCode.dir/ProjectDataModel/Tools/RimPlotAxisTools.cpp.o
[2298/3503] Building CXX object ApplicationLibCode/CMakeFiles/ApplicationLibCode.dir/ProjectDataModel/Tools/RimAutomationSettings.cpp.o
[2299/3503] Building CXX object ApplicationLibCode/CMakeFiles/ApplicationLibCode.dir/ProjectDataModel/Tools/RimEclipseViewTools.cpp.o
[2300/3503] Building CXX object ApplicationLibCode/CMakeFiles/ApplicationLibCode.dir/ProjectDataModelCommands/RimcSummaryPlotCollection.cpp.o
[2301/3503] Building CXX object ApplicationLibCode/CMakeFiles/ApplicationLibCode.dir/ProjectDataModelCommands/RimcSummaryCase.cpp.o
[2302/3503] Building CXX object ApplicationLibCode/CMakeFiles/ApplicationLibCode.dir/ProjectDataModelCommands/RimcSummaryResampleData.cpp.o
[2303/3503] Building CXX object ApplicationLibCode/CMakeFiles/ApplicationLibCode.dir/ProjectDataModelCommands/RimcElasticProperties.cpp.o
[2304/3503] Building CXX object ApplicationLibCode/CMakeFiles/ApplicationLibCode.dir/ProjectDataModelCommands/RimcProject.cpp.o
[2305/3503] Building CXX object ApplicationLibCode/CMakeFiles/ApplicationLibCode.dir/ProjectDataModelCommands/RimcStimPlanModelCollection.cpp.o
[2306/3503] Building CXX object ApplicationLibCode/CMakeFiles/ApplicationLibCode.dir/ProjectDataModelCommands/RimcStimPlanModelTemplateCollection.cpp.o
[2307/3503] Building CXX object ApplicationLibCode/CMakeFiles/ApplicationLibCode.dir/ProjectDataModelCommands/RimcStimPlanModelPlotCollection.cpp.o
[2308/3503] Building CXX object ApplicationLibCode/CMakeFiles/ApplicationLibCode.dir/ProjectDataModelCommands/RimcStimPlanModel.cpp.o
[2309/3503] Building CXX object ApplicationLibCode/CMakeFiles/ApplicationLibCode.dir/ProjectDataModelCommands/RimcSurface.cpp.o
[2310/3503] Building CXX object ApplicationLibCode/CMakeFiles/ApplicationLibCode.dir/ProjectDataModelCommands/RimcSurfaceCollection.cpp.o
[2311/3503] Building CXX object ApplicationLibCode/CMakeFiles/ApplicationLibCode.dir/ProjectDataModelCommands/RimcDataContainerDouble.cpp.o
[2312/3503] Building CXX object ApplicationLibCode/CMakeFiles/ApplicationLibCode.dir/ProjectDataModelCommands/RimcDataContainerString.cpp.o
[2313/3503] Building CXX object ApplicationLibCode/CMakeFiles/ApplicationLibCode.dir/ProjectDataModelCommands/RimcDataContainerTime.cpp.o
[2314/3503] Building CXX object ApplicationLibCode/CMakeFiles/ApplicationLibCode.dir/ProjectDataModelCommands/RimcWellLog.cpp.o
[2315/3503] Building CXX object ApplicationLibCode/CMakeFiles/ApplicationLibCode.dir/ProjectDataModelCommands/RimcWellLogPlotCollection.cpp.o
[2316/3503] Building CXX object ApplicationLibCode/CMakeFiles/ApplicationLibCode.dir/ProjectDataModelCommands/RimcWellLogPlot.cpp.o
[2317/3503] Building CXX object ApplicationLibCode/CMakeFiles/ApplicationLibCode.dir/ProjectDataModelCommands/RimcWellLogTrack.cpp.o
[2318/3503] Building CXX object ApplicationLibCode/CMakeFiles/ApplicationLibCode.dir/ProjectDataModelCommands/RimcWellPathGeometryDef.cpp.o
[2319/3503] Building CXX object ApplicationLibCode/CMakeFiles/ApplicationLibCode.dir/ProjectDataModelCommands/RimcModeledWellPath.cpp.o
[2320/3503] Building CXX object ApplicationLibCode/CMakeFiles/ApplicationLibCode.dir/ProjectDataModelCommands/RimcWellPathCollection.cpp.o
[2321/3503] Building CXX object ApplicationLibCode/CMakeFiles/ApplicationLibCode.dir/ProjectDataModelCommands/RimcFractureTemplateCollection.cpp.o
[2322/3503] Building CXX object ApplicationLibCode/CMakeFiles/ApplicationLibCode.dir/ProjectDataModelCommands/RimcWellPath.cpp.o
[2323/3503] Building CXX object ApplicationLibCode/CMakeFiles/ApplicationLibCode.dir/ProjectDataModelCommands/RimcFractureTemplate.cpp.o
[2324/3503] Building CXX object ApplicationLibCode/CMakeFiles/ApplicationLibCode.dir/ProjectDataModelCommands/RimcThermalFractureTemplate.cpp.o
[2325/3503] Building CXX object ApplicationLibCode/CMakeFiles/ApplicationLibCode.dir/ProjectDataModelCommands/RimcCornerPointCase.cpp.o
[2326/3503] Building CXX object ApplicationLibCode/CMakeFiles/ApplicationLibCode.dir/ProjectDataModelCommands/RimcIntersection.cpp.o
[2327/3503] Building CXX object ApplicationLibCode/CMakeFiles/ApplicationLibCode.dir/ProjectDataModelCommands/RimcEclipseStatisticsCase.cpp.o
[2328/3503] Building CXX object ApplicationLibCode/CMakeFiles/ApplicationLibCode.dir/ProjectDataModelCommands/RimcEclipseCase.cpp.o
[2329/3503] Building CXX object ApplicationLibCode/CMakeFiles/ApplicationLibCode.dir/ProjectDataModelCommands/RimcIdenticalGridCaseGroup.cpp.o
[2330/3503] Building CXX object ApplicationLibCode/CMakeFiles/ApplicationLibCode.dir/ProjectDataModelCommands/RimcGridView.cpp.o
[2331/3503] Building CXX object ApplicationLibCode/CMakeFiles/ApplicationLibCode.dir/ProjectDataModelCommands/RimcPressureTable.cpp.o
[2332/3503] Building CXX object ApplicationLibCode/CMakeFiles/ApplicationLibCode.dir/ProjectDataModelCommands/RimcEclipseView.cpp.o
[2333/3503] Building CXX object ApplicationLibCode/CMakeFiles/ApplicationLibCode.dir/ProjectDataModelCommands/RimcFishbonesCollection.cpp.o
[2334/3503] Building CXX object ApplicationLibCode/CMakeFiles/ApplicationLibCode.dir/ProjectDataModelCommands/RimcPolygonCollection.cpp.o
[2335/3503] Building CXX object ApplicationLibCode/CMakeFiles/ApplicationLibCode.dir/ProjectDataModelCommands/RimcDataFilterCollection.cpp.o
[2336/3503] Building CXX object ApplicationLibCode/CMakeFiles/ApplicationLibCode.dir/ProjectDataModelCommands/RimcCombinedFilter.cpp.o
[2337/3503] Building CXX object ApplicationLibCode/CMakeFiles/ApplicationLibCode.dir/ProjectDataModelCommands/RimcRegularSurface.cpp.o
[2338/3503] Building CXX object ApplicationLibCode/CMakeFiles/ApplicationLibCode.dir/ProjectDataModelCommands/RimcPerforationInterval.cpp.o
[2339/3503] Building CXX object ApplicationLibCode/CMakeFiles/ApplicationLibCode.dir/ProjectDataModelCommands/RimcValveTemplateCollection.cpp.o
[2340/3503] Building CXX object ApplicationLibCode/CMakeFiles/ApplicationLibCode.dir/ProjectDataModelCommands/RimcWellPathCompletionSettings.cpp.o
[2341/3503] Building CXX object ApplicationLibCode/CMakeFiles/ApplicationLibCode.dir/ProjectDataModelCommands/RimcWellPathValve.cpp.o
[2342/3503] Building CXX object ApplicationLibCode/CMakeFiles/ApplicationLibCode.dir/ProjectDataModelCommands/RimcWellEventPerf.cpp.o
[2343/3503] Building CXX object ApplicationLibCode/CMakeFiles/ApplicationLibCode.dir/ProjectDataModelCommands/RimcColorLegend.cpp.o
[2344/3503] Building CXX object ApplicationLibCode/CMakeFiles/ApplicationLibCode.dir/ProjectDataModelCommands/RimcWellEventTimeline.cpp.o
[2345/3503] Building CXX object ApplicationLibCode/CMakeFiles/ApplicationLibCode.dir/ProjectDataModelCommands/RimcNestedCollectionBase.cpp.o
[2346/3503] Building CXX object ApplicationLibCode/CMakeFiles/ApplicationLibCode.dir/ProjectDataModelCommands/CommandRouter/RimCommandRouter.cpp.o
[2347/3503] Building CXX object ApplicationLibCode/CMakeFiles/ApplicationLibCode.dir/ProjectDataModel/VerticalFlowPerformance/RimVfpDefines.cpp.o
[2348/3503] Building CXX object ApplicationLibCode/CMakeFiles/ApplicationLibCode.dir/ProjectDataModelCommands/CommandRouter/RimcExtractSurfaces.cpp.o
[2349/3503] Building CXX object ApplicationLibCode/CMakeFiles/ApplicationLibCode.dir/ProjectDataModel/VerticalFlowPerformance/RimVfpPlotCollection.cpp.o
[2350/3503] Building CXX object ApplicationLibCode/CMakeFiles/ApplicationLibCode.dir/ProjectDataModel/VerticalFlowPerformance/RimVfpTableData.cpp.o
[2351/3503] Building CXX object ApplicationLibCode/CMakeFiles/ApplicationLibCode.dir/ProjectDataModel/VerticalFlowPerformance/RimCustomVfpPlot.cpp.o
[2352/3503] Building CXX object ApplicationLibCode/CMakeFiles/ApplicationLibCode.dir/ProjectDataModel/VerticalFlowPerformance/RimVfpTable.cpp.o
[2353/3503] Building CXX object ApplicationLibCode/CMakeFiles/ApplicationLibCode.dir/ProjectDataModel/VerticalFlowPerformance/RimVfpDataCollection.cpp.o
[2354/3503] Building CXX object ApplicationLibCode/CMakeFiles/ApplicationLibCode.dir/ProjectDataModel/QuickAccess/RimFieldQuickAccess.cpp.o
[2355/3503] Building CXX object ApplicationLibCode/CMakeFiles/ApplicationLibCode.dir/ProjectDataModel/QuickAccess/RimFieldQuickAccessGroup.cpp.o
[2356/3503] Building CXX object ApplicationLibCode/CMakeFiles/ApplicationLibCode.dir/ProjectDataModel/QuickAccess/RimFieldReference.cpp.o
[2357/3503] Building CXX object ApplicationLibCode/CMakeFiles/ApplicationLibCode.dir/ProjectDataModel/QuickAccess/RimFieldSelection.cpp.o
[2358/3503] Building CXX object ApplicationLibCode/CMakeFiles/ApplicationLibCode.dir/ProjectDataModel/QuickAccess/RimQuickAccessCollection.cpp.o
[2359/3503] Building CXX object ApplicationLibCode/CMakeFiles/ApplicationLibCode.dir/ProjectDataModel/Histogram/RimEnsembleParameterHistogramDataSource.cpp.o
[2360/3503] Building CXX object ApplicationLibCode/CMakeFiles/ApplicationLibCode.dir/ProjectDataModel/Histogram/RimEnsembleSummaryVectorHistogramDataSource.cpp.o
[2361/3503] Building CXX object ApplicationLibCode/CMakeFiles/ApplicationLibCode.dir/ProjectDataModel/Histogram/RimGridStatisticsHistogramDataSource.cpp.o
[2362/3503] Building CXX object ApplicationLibCode/CMakeFiles/ApplicationLibCode.dir/ProjectDataModel/Histogram/RimHistogramCurve.cpp.o
[2363/3503] Building CXX object ApplicationLibCode/CMakeFiles/ApplicationLibCode.dir/ProjectDataModel/Histogram/RimHistogramCurveCollection.cpp.o
[2364/3503] Building CXX object ApplicationLibCode/CMakeFiles/ApplicationLibCode.dir/ProjectDataModel/Histogram/RimHistogramDataSource.cpp.o
[2365/3503] Building CXX object ApplicationLibCode/CMakeFiles/ApplicationLibCode.dir/ProjectDataModel/Histogram/RimHistogramMultiPlot.cpp.o
[2366/3503] Building CXX object ApplicationLibCode/CMakeFiles/ApplicationLibCode.dir/ProjectDataModel/Histogram/RimHistogramMultiPlotCollection.cpp.o
[2367/3503] Building CXX object ApplicationLibCode/CMakeFiles/ApplicationLibCode.dir/ProjectDataModel/Histogram/RimEnsembleFractureHistogramDataSource.cpp.o
[2368/3503] Building CXX object ApplicationLibCode/CMakeFiles/ApplicationLibCode.dir/ProjectDataModel/Histogram/RimHistogramPlot.cpp.o
[2369/3503] Building CXX object ApplicationLibCode/CMakeFiles/ApplicationLibCode.dir/GeoMech/GeoMechVisualization/RivFemPartGeometryGenerator.cpp.o
[2370/3503] Building CXX object ApplicationLibCode/CMakeFiles/ApplicationLibCode.dir/GeoMech/GeoMechVisualization/RivGeoMechPartMgr.cpp.o
[2371/3503] Building CXX object ApplicationLibCode/CMakeFiles/ApplicationLibCode.dir/GeoMech/GeoMechVisualization/RivFemPartPartMgr.cpp.o
[2372/3503] Building CXX object ApplicationLibCode/CMakeFiles/ApplicationLibCode.dir/GeoMech/GeoMechVisualization/RivGeoMechPartMgrCache.cpp.o
[2373/3503] Building CXX object ApplicationLibCode/CMakeFiles/ApplicationLibCode.dir/GeoMech/GeoMechVisualization/RivGeoMechVizLogic.cpp.o
[2374/3503] Building CXX object ApplicationLibCode/CMakeFiles/ApplicationLibCode.dir/GeoMech/GeoMechVisualization/RivFemPickSourceInfo.cpp.o
[2375/3503] Building CXX object ApplicationLibCode/CMakeFiles/ApplicationLibCode.dir/GeoMech/GeoMechVisualization/RivFemElmVisibilityCalculator.cpp.o
[2376/3503] Building CXX object ApplicationLibCode/CMakeFiles/ApplicationLibCode.dir/ModelVisualization/RivCellEdgeEffectGenerator.cpp.o
[2377/3503] Building CXX object ApplicationLibCode/CMakeFiles/ApplicationLibCode.dir/ModelVisualization/RivNNCGeometryGenerator.cpp.o
[2378/3503] Building CXX object ApplicationLibCode/CMakeFiles/ApplicationLibCode.dir/ModelVisualization/RivGridPartMgr.cpp.o
[2379/3503] Building CXX object ApplicationLibCode/CMakeFiles/ApplicationLibCode.dir/ModelVisualization/RivTernarySaturationOverlayItem.cpp.o
[2380/3503] Building CXX object ApplicationLibCode/CMakeFiles/ApplicationLibCode.dir/ModelVisualization/RivReservoirPartMgr.cpp.o
[2381/3503] Building CXX object ApplicationLibCode/CMakeFiles/ApplicationLibCode.dir/ModelVisualization/RivReservoirViewPartMgr.cpp.o
[2382/3503] Building CXX object ApplicationLibCode/CMakeFiles/ApplicationLibCode.dir/ModelVisualization/RivPipeGeometryGenerator.cpp.o
[2383/3503] Building CXX object ApplicationLibCode/CMakeFiles/ApplicationLibCode.dir/ModelVisualization/RivSourceInfo.cpp.o
[2384/3503] Building CXX object ApplicationLibCode/CMakeFiles/ApplicationLibCode.dir/ModelVisualization/RivReservoirSimWellsPartMgr.cpp.o
[2385/3503] Building CXX object ApplicationLibCode/CMakeFiles/ApplicationLibCode.dir/ModelVisualization/RivWellPathSourceInfo.cpp.o
[2386/3503] Building CXX object ApplicationLibCode/CMakeFiles/ApplicationLibCode.dir/ModelVisualization/RivWellPathPartMgr.cpp.o
[2387/3503] Building CXX object ApplicationLibCode/CMakeFiles/ApplicationLibCode.dir/ModelVisualization/RivWellPathsPartMgr.cpp.o
[2388/3503] Building CXX object ApplicationLibCode/CMakeFiles/ApplicationLibCode.dir/ModelVisualization/RivWellHeadPartMgr.cpp.o
[2389/3503] Building CXX object ApplicationLibCode/CMakeFiles/ApplicationLibCode.dir/ModelVisualization/RivSimWellPipesPartMgr.cpp.o
[2390/3503] Building CXX object ApplicationLibCode/CMakeFiles/ApplicationLibCode.dir/ModelVisualization/RivTernaryScalarMapper.cpp.o
[2391/3503] Building CXX object ApplicationLibCode/CMakeFiles/ApplicationLibCode.dir/ModelVisualization/RivTextureCoordsCreator.cpp.o
[2392/3503] Building CXX object ApplicationLibCode/CMakeFiles/ApplicationLibCode.dir/ModelVisualization/RivTernaryTextureCoordsCreator.cpp.o
[2393/3503] Building CXX object ApplicationLibCode/CMakeFiles/ApplicationLibCode.dir/ModelVisualization/RivTernaryScalarMapperEffectGenerator.cpp.o
[2394/3503] Building CXX object ApplicationLibCode/CMakeFiles/ApplicationLibCode.dir/ModelVisualization/RivScalarMapperUtils.cpp.o
[2395/3503] Building CXX object ApplicationLibCode/CMakeFiles/ApplicationLibCode.dir/ModelVisualization/RivCellEdgeGeometryUtils.cpp.o
[2396/3503] Building CXX object ApplicationLibCode/CMakeFiles/ApplicationLibCode.dir/ModelVisualization/RivPipeQuadToSegmentMapper.cpp.o
[2397/3503] Building CXX object ApplicationLibCode/CMakeFiles/ApplicationLibCode.dir/ModelVisualization/RivSimWellPipeSourceInfo.cpp.o
[2398/3503] Building CXX object ApplicationLibCode/CMakeFiles/ApplicationLibCode.dir/ModelVisualization/RivSingleCellPartGenerator.cpp.o
[2399/3503] Building CXX object ApplicationLibCode/CMakeFiles/ApplicationLibCode.dir/ModelVisualization/RivObjectSourceInfo.cpp.o
[2400/3503] Building CXX object ApplicationLibCode/CMakeFiles/ApplicationLibCode.dir/ModelVisualization/RivWellSpheresPartMgr.cpp.o
[2401/3503] Building CXX object ApplicationLibCode/CMakeFiles/ApplicationLibCode.dir/ModelVisualization/RivFishbonesSubsPartMgr.cpp.o
[2402/3503] Building CXX object ApplicationLibCode/CMakeFiles/ApplicationLibCode.dir/ModelVisualization/RivWellConnectionsPartMgr.cpp.o
[2403/3503] Building CXX object ApplicationLibCode/CMakeFiles/ApplicationLibCode.dir/ModelVisualization/RivTensorResultPartMgr.cpp.o
[2404/3503] Building CXX object ApplicationLibCode/CMakeFiles/ApplicationLibCode.dir/ModelVisualization/RivWellFracturePartMgr.cpp.o
[2405/3503] Building CXX object ApplicationLibCode/CMakeFiles/ApplicationLibCode.dir/ModelVisualization/Riv3dWellLogPlanePartMgr.cpp.o
[2406/3503] Building CXX object ApplicationLibCode/CMakeFiles/ApplicationLibCode.dir/ModelVisualization/Riv3dWellLogCurveGeometryGenerator.cpp.o
[2407/3503] Building CXX object ApplicationLibCode/CMakeFiles/ApplicationLibCode.dir/ModelVisualization/RivWellConnectionFactorGeometryGenerator.cpp.o
[2408/3503] Building CXX object ApplicationLibCode/CMakeFiles/ApplicationLibCode.dir/ModelVisualization/RivWellConnectionFactorPartMgr.cpp.o
[2409/3503] Building CXX object ApplicationLibCode/CMakeFiles/ApplicationLibCode.dir/ModelVisualization/RivWellConnectionSourceInfo.cpp.o
[2410/3503] Building CXX object ApplicationLibCode/CMakeFiles/ApplicationLibCode.dir/ModelVisualization/RivSimWellConnectionSourceInfo.cpp.o
[2411/3503] Building CXX object ApplicationLibCode/CMakeFiles/ApplicationLibCode.dir/ModelVisualization/Riv3dWellLogDrawSurfaceGenerator.cpp.o
[2412/3503] Building CXX object ApplicationLibCode/CMakeFiles/ApplicationLibCode.dir/ModelVisualization/RivMeshLinesSourceInfo.cpp.o
[2413/3503] Building CXX object ApplicationLibCode/CMakeFiles/ApplicationLibCode.dir/ModelVisualization/RivContourMapProjectionPartMgr.cpp.o
[2414/3503] Building CXX object ApplicationLibCode/CMakeFiles/ApplicationLibCode.dir/ModelVisualization/RivAnnotationsPartMgr.cpp.o
[2415/3503] Building CXX object ApplicationLibCode/CMakeFiles/ApplicationLibCode.dir/ModelVisualization/RivTextAnnotationPartMgr.cpp.o
[2416/3503] Building CXX object ApplicationLibCode/CMakeFiles/ApplicationLibCode.dir/ModelVisualization/RivReachCircleAnnotationPartMgr.cpp.o
[2417/3503] Building CXX object ApplicationLibCode/CMakeFiles/ApplicationLibCode.dir/ModelVisualization/RivPolylinesAnnotationSourceInfo.cpp.o
[2418/3503] Building CXX object ApplicationLibCode/CMakeFiles/ApplicationLibCode.dir/ModelVisualization/RivReachCircleAnnotationSourceInfo.cpp.o
[2419/3503] Building CXX object ApplicationLibCode/CMakeFiles/ApplicationLibCode.dir/ModelVisualization/RivMeasurementPartMgr.cpp.o
[2420/3503] Building CXX object ApplicationLibCode/CMakeFiles/ApplicationLibCode.dir/ModelVisualization/RivPolylineGenerator.cpp.o
[2421/3503] Building CXX object ApplicationLibCode/CMakeFiles/ApplicationLibCode.dir/ModelVisualization/RivDiskGeometryGenerator.cpp.o
[2422/3503] Building CXX object ApplicationLibCode/CMakeFiles/ApplicationLibCode.dir/ModelVisualization/RivTextLabelSourceInfo.cpp.o
[2423/3503] Building CXX object ApplicationLibCode/CMakeFiles/ApplicationLibCode.dir/ModelVisualization/RivWellDiskPartMgr.cpp.o
[2424/3503] Building CXX object ApplicationLibCode/CMakeFiles/ApplicationLibCode.dir/ModelVisualization/RivElementVectorResultPartMgr.cpp.o
[2425/3503] Building CXX object ApplicationLibCode/CMakeFiles/ApplicationLibCode.dir/ModelVisualization/RivDrawableSpheres.cpp.o
[2426/3503] Building CXX object ApplicationLibCode/CMakeFiles/ApplicationLibCode.dir/ModelVisualization/RivPolylinePartMgr.cpp.o
[2427/3503] Building CXX object ApplicationLibCode/CMakeFiles/ApplicationLibCode.dir/ModelVisualization/RivBoxGeometryGenerator.cpp.o
[2428/3503] Building CXX object ApplicationLibCode/CMakeFiles/ApplicationLibCode.dir/ModelVisualization/RivAnnotationTools.cpp.o
[2429/3503] Building CXX object ApplicationLibCode/CMakeFiles/ApplicationLibCode.dir/ModelVisualization/RivRefinementRegionPartMgr.cpp.o
[2430/3503] Building CXX object ApplicationLibCode/CMakeFiles/ApplicationLibCode.dir/ModelVisualization/RivAnnotationSourceInfo.cpp.o
[2431/3503] Building CXX object ApplicationLibCode/CMakeFiles/ApplicationLibCode.dir/ModelVisualization/Faults/RivFaultGeometryGenerator.cpp.o
[2432/3503] Building CXX object ApplicationLibCode/CMakeFiles/ApplicationLibCode.dir/ModelVisualization/Faults/RivFaultPartMgr.cpp.o
[2433/3503] Building CXX object ApplicationLibCode/CMakeFiles/ApplicationLibCode.dir/ModelVisualization/Faults/RivReservoirFaultsPartMgr.cpp.o
[2434/3503] Building CXX object ApplicationLibCode/CMakeFiles/ApplicationLibCode.dir/ModelVisualization/GridBox/RivPatchGenerator.cpp.o
[2435/3503] Building CXX object ApplicationLibCode/CMakeFiles/ApplicationLibCode.dir/ModelVisualization/Faults/RivFaultReactivationModelPartMgr.cpp.o
[2436/3503] Building CXX object ApplicationLibCode/CMakeFiles/ApplicationLibCode.dir/ModelVisualization/GridBox/RivGridBoxGenerator.cpp.o
[2437/3503] Building CXX object ApplicationLibCode/CMakeFiles/ApplicationLibCode.dir/ModelVisualization/Intersections/RivExtrudedCurveIntersectionGeometryGenerator.cpp.o
[2438/3503] Building CXX object ApplicationLibCode/CMakeFiles/ApplicationLibCode.dir/ModelVisualization/Intersections/RivExtrudedCurveIntersectionSourceInfo.cpp.o
[2439/3503] Building CXX object ApplicationLibCode/CMakeFiles/ApplicationLibCode.dir/ModelVisualization/Intersections/RivExtrudedCurveIntersectionPartMgr.cpp.o
[2440/3503] Building CXX object ApplicationLibCode/CMakeFiles/ApplicationLibCode.dir/ModelVisualization/Intersections/RivBoxIntersectionGeometryGenerator.cpp.o
[2441/3503] Building CXX object ApplicationLibCode/CMakeFiles/ApplicationLibCode.dir/ModelVisualization/Intersections/RivIntersectionResultsColoringTools.cpp.o
[2442/3503] Building CXX object ApplicationLibCode/CMakeFiles/ApplicationLibCode.dir/ModelVisualization/Intersections/RivBoxIntersectionSourceInfo.cpp.o
[2443/3503] Building CXX object ApplicationLibCode/CMakeFiles/ApplicationLibCode.dir/ModelVisualization/Intersections/RivBoxIntersectionPartMgr.cpp.o
[2444/3503] Building CXX object ApplicationLibCode/CMakeFiles/ApplicationLibCode.dir/ModelVisualization/Intersections/RivIjkIntersectionGeometryGenerator.cpp.o
[2445/3503] Building CXX object ApplicationLibCode/CMakeFiles/ApplicationLibCode.dir/ModelVisualization/Intersections/RivIjkIntersectionPartMgr.cpp.o
[2446/3503] Building CXX object ApplicationLibCode/CMakeFiles/ApplicationLibCode.dir/ModelVisualization/Intersections/RivIjkIntersectionSourceInfo.cpp.o
[2447/3503] Building CXX object ApplicationLibCode/CMakeFiles/ApplicationLibCode.dir/ModelVisualization/Intersections/RivSectionFlattener.cpp.o
[2448/3503] Building CXX object ApplicationLibCode/CMakeFiles/ApplicationLibCode.dir/ModelVisualization/Intersections/RivEclipseIntersectionGrid.cpp.o
[2449/3503] Building CXX object ApplicationLibCode/CMakeFiles/ApplicationLibCode.dir/ModelVisualization/Intersections/RivFemIntersectionGrid.cpp.o
[2450/3503] Building CXX object ApplicationLibCode/CMakeFiles/ApplicationLibCode.dir/ModelVisualization/Seismic/RivSeismicSectionPartMgr.cpp.o
[2451/3503] Building CXX object ApplicationLibCode/CMakeFiles/ApplicationLibCode.dir/ModelVisualization/Seismic/RivSeismicSectionSourceInfo.cpp.o
[2452/3503] Building CXX object ApplicationLibCode/CMakeFiles/ApplicationLibCode.dir/ModelVisualization/Seismic/RivTexturePartMgr.cpp.o
[2453/3503] Building CXX object ApplicationLibCode/CMakeFiles/ApplicationLibCode.dir/ModelVisualization/Streamlines/RivStreamlinesPartMgr.cpp.o
[2454/3503] Building CXX object ApplicationLibCode/CMakeFiles/ApplicationLibCode.dir/ModelVisualization/Surfaces/RivSurfacePartMgr.cpp.o
[2455/3503] Building CXX object ApplicationLibCode/CMakeFiles/ApplicationLibCode.dir/ModelVisualization/Surfaces/RivSurfaceIntersectionGeometryGenerator.cpp.o
[2456/3503] Building CXX object ApplicationLibCode/CMakeFiles/ApplicationLibCode.dir/ModelVisualization/Surfaces/RivReservoirSurfaceIntersectionSourceInfo.cpp.o
[2457/3503] Building CXX object ApplicationLibCode/CMakeFiles/ApplicationLibCode.dir/ModelVisualization/WindowEdgeAxesOverlayItem/RivWindowEdgeAxesOverlayItem.cpp.o
[2458/3503] Building CXX object ApplicationLibCode/CMakeFiles/ApplicationLibCode.dir/ModelVisualization/Surfaces/RivSurfaceIntersectionCurveTools.cpp.o
[2459/3503] Building CXX object ApplicationLibCode/CMakeFiles/ApplicationLibCode.dir/UserInterface/RiuCursors.cpp.o
[2460/3503] Building CXX object ApplicationLibCode/CMakeFiles/ApplicationLibCode.dir/UserInterface/RiuCadNavigation.cpp.o
[2461/3503] Building CXX object ApplicationLibCode/CMakeFiles/ApplicationLibCode.dir/UserInterface/RiuFemResultTextBuilder.cpp.o
[2462/3503] Building CXX object ApplicationLibCode/CMakeFiles/ApplicationLibCode.dir/UserInterface/RiuDragDrop.cpp.o
[2463/3503] Building CXX object ApplicationLibCode/CMakeFiles/ApplicationLibCode.dir/UserInterface/RiuGeoQuestNavigation.cpp.o
[2464/3503] Building CXX object ApplicationLibCode/CMakeFiles/ApplicationLibCode.dir/UserInterface/RiuInterfaceToViewWindow.cpp.o
[2465/3503] Building CXX object ApplicationLibCode/CMakeFiles/ApplicationLibCode.dir/UserInterface/RiuPlotCurveSymbol.cpp.o
[2466/3503] Building CXX object ApplicationLibCode/CMakeFiles/ApplicationLibCode.dir/UserInterface/RiuPlotCurveSymbolImageCreator.cpp.o
[2467/3503] Building CXX object ApplicationLibCode/CMakeFiles/ApplicationLibCode.dir/UserInterface/RiuQwtSymbol.cpp.o
[2468/3503] Building CXX object ApplicationLibCode/CMakeFiles/ApplicationLibCode.dir/UserInterface/RiuPlotCurve.cpp.o
[2469/3503] Building CXX object ApplicationLibCode/CMakeFiles/ApplicationLibCode.dir/UserInterface/RiuQwtPlotCurve.cpp.o
[2470/3503] Building CXX object ApplicationLibCode/CMakeFiles/ApplicationLibCode.dir/UserInterface/RiuQwtPlotItem.cpp.o
[2471/3503] Building CXX object ApplicationLibCode/CMakeFiles/ApplicationLibCode.dir/UserInterface/RiuQwtPlotCurveDefines.cpp.o
[2472/3503] Building CXX object ApplicationLibCode/CMakeFiles/ApplicationLibCode.dir/UserInterface/RiuPlotMainWindow.cpp.o
[2473/3503] Building CXX object ApplicationLibCode/CMakeFiles/ApplicationLibCode.dir/UserInterface/RiuMainWindow.cpp.o
[2474/3503] Building CXX object ApplicationLibCode/CMakeFiles/ApplicationLibCode.dir/UserInterface/RiuProcessMonitor.cpp.o
[2475/3503] Building CXX object ApplicationLibCode/CMakeFiles/ApplicationLibCode.dir/UserInterface/RiuMainWindowBase.cpp.o
[2476/3503] Building CXX object ApplicationLibCode/CMakeFiles/ApplicationLibCode.dir/UserInterface/RiuProjectPropertyView.cpp.o
[2477/3503] Building CXX object ApplicationLibCode/CMakeFiles/ApplicationLibCode.dir/UserInterface/RiuPropertyViewTabWidget.cpp.o
[2478/3503] Building CXX object ApplicationLibCode/CMakeFiles/ApplicationLibCode.dir/UserInterface/RiuPropertyViewWizard.cpp.o
[2479/3503] Building CXX object ApplicationLibCode/CMakeFiles/ApplicationLibCode.dir/UserInterface/RiuPvtPlotPanel.cpp.o
[2480/3503] Building CXX object ApplicationLibCode/CMakeFiles/ApplicationLibCode.dir/UserInterface/RiuPvtPlotUpdater.cpp.o
[2481/3503] Building CXX object ApplicationLibCode/CMakeFiles/ApplicationLibCode.dir/UserInterface/RiuPvtPlotWidget.cpp.o
[2482/3503] Building CXX object ApplicationLibCode/CMakeFiles/ApplicationLibCode.dir/UserInterface/RiuQwtLinearScaleEngine.cpp.o
[2483/3503] Building CXX object ApplicationLibCode/CMakeFiles/ApplicationLibCode.dir/UserInterface/RiuPlotUpdater.cpp.o
[2484/3503] Building CXX object ApplicationLibCode/CMakeFiles/ApplicationLibCode.dir/UserInterface/RiuQwtScalePicker.cpp.o
[2485/3503] Building CXX object ApplicationLibCode/CMakeFiles/ApplicationLibCode.dir/UserInterface/RiuQwtCurvePointTracker.cpp.o
[2486/3503] Building CXX object ApplicationLibCode/CMakeFiles/ApplicationLibCode.dir/UserInterface/RiuQwtPlotWheelZoomer.cpp.o
[2487/3503] Building CXX object ApplicationLibCode/CMakeFiles/ApplicationLibCode.dir/UserInterface/RiuWidgetDragger.cpp.o
[2488/3503] Building CXX object ApplicationLibCode/CMakeFiles/ApplicationLibCode.dir/UserInterface/RiuRecentFileActionProvider.cpp.o
[2489/3503] Building CXX object ApplicationLibCode/CMakeFiles/ApplicationLibCode.dir/UserInterface/RiuRelativePermeabilityPlotPanel.cpp.o
[2490/3503] Building CXX object ApplicationLibCode/CMakeFiles/ApplicationLibCode.dir/UserInterface/RiuRelativePermeabilityPlotUpdater.cpp.o
[2491/3503] Building CXX object ApplicationLibCode/CMakeFiles/ApplicationLibCode.dir/UserInterface/RiuResultInfoPanel.cpp.o
[2492/3503] Building CXX object ApplicationLibCode/CMakeFiles/ApplicationLibCode.dir/UserInterface/RiuResultQwtPlot.cpp.o
[2493/3503] Building CXX object ApplicationLibCode/CMakeFiles/ApplicationLibCode.dir/UserInterface/RiuResultTextBuilder.cpp.o
[2494/3503] Building CXX object ApplicationLibCode/CMakeFiles/ApplicationLibCode.dir/UserInterface/RiuRmsNavigation.cpp.o
[2495/3503] Building CXX object ApplicationLibCode/CMakeFiles/ApplicationLibCode.dir/UserInterface/RiuSelectionChangedHandler.cpp.o
[2496/3503] Building CXX object ApplicationLibCode/CMakeFiles/ApplicationLibCode.dir/UserInterface/Riu3dSelectionManager.cpp.o
[2497/3503] Building CXX object ApplicationLibCode/CMakeFiles/ApplicationLibCode.dir/UserInterface/RiuSimpleHistogramWidget.cpp.o
[2498/3503] Building CXX object ApplicationLibCode/CMakeFiles/ApplicationLibCode.dir/UserInterface/RiuDockedQwtPlot.cpp.o
[2499/3503] Building CXX object ApplicationLibCode/CMakeFiles/ApplicationLibCode.dir/UserInterface/RiuGridCrossQwtPlot.cpp.o
[2500/3503] Building CXX object ApplicationLibCode/CMakeFiles/ApplicationLibCode.dir/UserInterface/RiuSummaryQwtPlot.cpp.o
[2501/3503] Building CXX object ApplicationLibCode/CMakeFiles/ApplicationLibCode.dir/UserInterface/RiuTextDialog.cpp.o
[2502/3503] Building CXX object ApplicationLibCode/CMakeFiles/ApplicationLibCode.dir/UserInterface/RiuSummaryPlot.cpp.o
[2503/3503] Building CXX object ApplicationLibCode/CMakeFiles/ApplicationLibCode.dir/UserInterface/RiuTimeStepChangedHandler.cpp.o
[2504/3503] Building CXX object ApplicationLibCode/CMakeFiles/ApplicationLibCode.dir/UserInterface/RiuTofAccumulatedPhaseFractionsPlot.cpp.o
[2505/3503] Building CXX object ApplicationLibCode/CMakeFiles/ApplicationLibCode.dir/UserInterface/RiuToolTipMenu.cpp.o
[2506/3503] Building CXX object ApplicationLibCode/CMakeFiles/ApplicationLibCode.dir/UserInterface/RiuTreeViewEventFilter.cpp.o
[2507/3503] Building CXX object ApplicationLibCode/CMakeFiles/ApplicationLibCode.dir/UserInterface/RiuViewer.cpp.o
[2508/3503] Building CXX object ApplicationLibCode/CMakeFiles/ApplicationLibCode.dir/UserInterface/RiuViewerCommands.cpp.o
[2509/3503] Building CXX object ApplicationLibCode/CMakeFiles/ApplicationLibCode.dir/UserInterface/RiuPickItemInfo.cpp.o
[2510/3503] Building CXX object ApplicationLibCode/CMakeFiles/ApplicationLibCode.dir/UserInterface/RiuCellAndNncPickEventHandler.cpp.o
[2511/3503] Building CXX object ApplicationLibCode/CMakeFiles/ApplicationLibCode.dir/UserInterface/RiuWellLogPlot.cpp.o
[2512/3503] Building CXX object ApplicationLibCode/CMakeFiles/ApplicationLibCode.dir/UserInterface/RiuWellLogTrack.cpp.o
[2513/3503] Building CXX object ApplicationLibCode/CMakeFiles/ApplicationLibCode.dir/UserInterface/RiuSummaryMultiPlotPage.cpp.o
[2514/3503] Building CXX object ApplicationLibCode/CMakeFiles/ApplicationLibCode.dir/UserInterface/RiuSummaryMultiPlotBook.cpp.o
[2515/3503] Building CXX object ApplicationLibCode/CMakeFiles/ApplicationLibCode.dir/UserInterface/RiuMultiPlotBook.cpp.o
[2516/3503] Building CXX object ApplicationLibCode/CMakeFiles/ApplicationLibCode.dir/UserInterface/RiuMultiPlotPage.cpp.o
[2517/3503] Building CXX object ApplicationLibCode/CMakeFiles/ApplicationLibCode.dir/UserInterface/RiuPlotAxis.cpp.o
[2518/3503] Building CXX object ApplicationLibCode/CMakeFiles/ApplicationLibCode.dir/UserInterface/RiuPlotWidget.cpp.o
[2519/3503] Building CXX object ApplicationLibCode/CMakeFiles/ApplicationLibCode.dir/UserInterface/RiuQwtPlotWidget.cpp.o
[2520/3503] Building CXX object ApplicationLibCode/CMakeFiles/ApplicationLibCode.dir/UserInterface/RiuQwtPlotLegend.cpp.o
[2521/3503] Building CXX object ApplicationLibCode/CMakeFiles/ApplicationLibCode.dir/UserInterface/RiuPlotAnnotationTool.cpp.o
[2522/3503] Building CXX object ApplicationLibCode/CMakeFiles/ApplicationLibCode.dir/UserInterface/RiuGeoMechXfTensorResultAccessor.cpp.o
[2523/3503] Building CXX object ApplicationLibCode/CMakeFiles/ApplicationLibCode.dir/UserInterface/RiuFemTimeHistoryResultAccessor.cpp.o
[2524/3503] Building CXX object ApplicationLibCode/CMakeFiles/ApplicationLibCode.dir/UserInterface/RiuEditPerforationCollectionWidget.cpp.o
[2525/3503] Building CXX object ApplicationLibCode/CMakeFiles/ApplicationLibCode.dir/UserInterface/RiuAdvancedSnapshotExportWidget.cpp.o
[2526/3503] Building CXX object ApplicationLibCode/CMakeFiles/ApplicationLibCode.dir/UserInterface/RiuWellAllocationPlot.cpp.o
[2527/3503] Building CXX object ApplicationLibCode/CMakeFiles/ApplicationLibCode.dir/UserInterface/RiuNightchartsWidget.cpp.o
[2528/3503] Building CXX object ApplicationLibCode/CMakeFiles/ApplicationLibCode.dir/UserInterface/RiuFlowCharacteristicsPlot.cpp.o
[2529/3503] Building CXX object ApplicationLibCode/CMakeFiles/ApplicationLibCode.dir/UserInterface/RiuMessagePanel.cpp.o
[2530/3503] Building CXX object ApplicationLibCode/CMakeFiles/ApplicationLibCode.dir/UserInterface/RiuMessageDialog.cpp.o
[2531/3503] Building CXX object ApplicationLibCode/CMakeFiles/ApplicationLibCode.dir/UserInterface/RiuPlotObjectPicker.cpp.o
[2532/3503] Building CXX object ApplicationLibCode/CMakeFiles/ApplicationLibCode.dir/UserInterface/RiuContextMenuLauncher.cpp.o
[2533/3503] Building CXX object ApplicationLibCode/CMakeFiles/ApplicationLibCode.dir/UserInterface/RiuSummaryVectorSelectionDialog.cpp.o
[2534/3503] Building CXX object ApplicationLibCode/CMakeFiles/ApplicationLibCode.dir/UserInterface/RiuSummaryVectorSelectionWidgetCreator.cpp.o
[2535/3503] Building CXX object ApplicationLibCode/CMakeFiles/ApplicationLibCode.dir/UserInterface/RiuSummaryVectorSelectionUi.cpp.o
[2536/3503] Building CXX object ApplicationLibCode/CMakeFiles/ApplicationLibCode.dir/UserInterface/RiuSummaryQuantityNameInfoProvider.cpp.o
[2537/3503] Building CXX object ApplicationLibCode/CMakeFiles/ApplicationLibCode.dir/UserInterface/RiuExpressionContextMenuManager.cpp.o
[2538/3503] Building CXX object ApplicationLibCode/CMakeFiles/ApplicationLibCode.dir/UserInterface/RiuCalculationsContextMenuManager.cpp.o
[2539/3503] Building CXX object ApplicationLibCode/CMakeFiles/ApplicationLibCode.dir/UserInterface/RiuGridStatisticsHistogramWidget.cpp.o
[2540/3503] Building CXX object ApplicationLibCode/CMakeFiles/ApplicationLibCode.dir/UserInterface/RiuTools.cpp.o
[2541/3503] Building CXX object ApplicationLibCode/CMakeFiles/ApplicationLibCode.dir/UserInterface/RiuMohrsCirclePlot.cpp.o
[2542/3503] Building CXX object ApplicationLibCode/CMakeFiles/ApplicationLibCode.dir/UserInterface/RiuPlotMainWindowTools.cpp.o
[2543/3503] Building CXX object ApplicationLibCode/CMakeFiles/ApplicationLibCode.dir/UserInterface/Riu3DMainWindowTools.cpp.o
[2544/3503] Building CXX object ApplicationLibCode/CMakeFiles/ApplicationLibCode.dir/UserInterface/RiuDockWidgetTools.cpp.o
[2545/3503] Building CXX object ApplicationLibCode/CMakeFiles/ApplicationLibCode.dir/UserInterface/RiuQwtCurveSelectorFilter.cpp.o
[2546/3503] Building CXX object ApplicationLibCode/CMakeFiles/ApplicationLibCode.dir/UserInterface/RiuQwtPlotItemGroup.cpp.o
[2547/3503] Building CXX object ApplicationLibCode/CMakeFiles/ApplicationLibCode.dir/UserInterface/RiuQwtPlotTools.cpp.o
[2548/3503] Building CXX object ApplicationLibCode/CMakeFiles/ApplicationLibCode.dir/UserInterface/RiuDepthQwtPlot.cpp.o
[2549/3503] Building CXX object ApplicationLibCode/CMakeFiles/ApplicationLibCode.dir/UserInterface/RiuDraggableOverlayFrame.cpp.o
[2550/3503] Building CXX object ApplicationLibCode/CMakeFiles/ApplicationLibCode.dir/UserInterface/RiuWellPathComponentPlotItem.cpp.o
[2551/3503] Building CXX object ApplicationLibCode/CMakeFiles/ApplicationLibCode.dir/UserInterface/RiuMainWindowTools.cpp.o
[2552/3503] Building CXX object ApplicationLibCode/CMakeFiles/ApplicationLibCode.dir/UserInterface/RiuComparisonViewMover.cpp.o
[2553/3503] Building CXX object ApplicationLibCode/CMakeFiles/ApplicationLibCode.dir/UserInterface/RiuAbstractOverlayContentFrame.cpp.o
[2554/3503] Building CXX object ApplicationLibCode/CMakeFiles/ApplicationLibCode.dir/UserInterface/RiuAbstractLegendFrame.cpp.o
[2555/3503] Building CXX object ApplicationLibCode/CMakeFiles/ApplicationLibCode.dir/UserInterface/RiuCategoryLegendFrame.cpp.o
[2556/3503] Building CXX object ApplicationLibCode/CMakeFiles/ApplicationLibCode.dir/UserInterface/RiuScalarMapperLegendFrame.cpp.o
[2557/3503] Building CXX object ApplicationLibCode/CMakeFiles/ApplicationLibCode.dir/UserInterface/RiuFileDialogTools.cpp.o
[2558/3503] Building CXX object ApplicationLibCode/CMakeFiles/ApplicationLibCode.dir/UserInterface/RiuSeismicHistogramPanel.cpp.o
[2559/3503] Building CXX object ApplicationLibCode/CMakeFiles/ApplicationLibCode.dir/UserInterface/RiuGuiTheme.cpp.o
[2560/3503] Building CXX object ApplicationLibCode/CMakeFiles/ApplicationLibCode.dir/UserInterface/RiuQssSyntaxHighlighter.cpp.o
[2561/3503] Building CXX object ApplicationLibCode/CMakeFiles/ApplicationLibCode.dir/UserInterface/RiuTextEditWithCompletion.cpp.o
[2562/3503] Building CXX object ApplicationLibCode/CMakeFiles/ApplicationLibCode.dir/UserInterface/RiuTextContentFrame.cpp.o
[2563/3503] Building CXX object ApplicationLibCode/CMakeFiles/ApplicationLibCode.dir/UserInterface/RiuQwtLegendOverlayContentFrame.cpp.o
[2564/3503] Building CXX object ApplicationLibCode/CMakeFiles/ApplicationLibCode.dir/UserInterface/RiuQwtDateScaleWrapper.cpp.o
[2565/3503] Building CXX object ApplicationLibCode/CMakeFiles/ApplicationLibCode.dir/UserInterface/RiuMatrixPlotWidget.cpp.o
[2566/3503] Building CXX object ApplicationLibCode/CMakeFiles/ApplicationLibCode.dir/UserInterface/RiuMenuBarBuildTools.cpp.o
[2567/3503] Building CXX object ApplicationLibCode/CMakeFiles/ApplicationLibCode.dir/UserInterface/RiuQwtPlotRectAnnotation.cpp.o
[2568/3503] Building CXX object ApplicationLibCode/CMakeFiles/ApplicationLibCode.dir/UserInterface/RiuQwtPlotZoomerMultiAxes.cpp.o
[2569/3503] Building CXX object ApplicationLibCode/CMakeFiles/ApplicationLibCode.dir/UserInterface/RiuCellSelectionTool.cpp.o
[2570/3503] Building CXX object ApplicationLibCode/CMakeFiles/ApplicationLibCode.dir/UserInterface/AnalysisPlots/RiuGroupedBarChartBuilder.cpp.o
[2571/3503] Building CXX object ApplicationLibCode/CMakeFiles/ApplicationLibCode.dir/CommandFileInterface/RicfCloseProject.cpp.o
[2572/3503] Building CXX object ApplicationLibCode/CMakeFiles/ApplicationLibCode.dir/CommandFileInterface/RicfCommandFileExecutor.cpp.o
[2573/3503] Building CXX object ApplicationLibCode/CMakeFiles/ApplicationLibCode.dir/CommandFileInterface/RicfComputeCaseGroupStatistics.cpp.o
[2574/3503] Building CXX object ApplicationLibCode/CMakeFiles/ApplicationLibCode.dir/CommandFileInterface/RicfExportMultiCaseSnapshots.cpp.o
[2575/3503] Building CXX object ApplicationLibCode/CMakeFiles/ApplicationLibCode.dir/CommandFileInterface/RicfExportMsw.cpp.o
[2576/3503] Building CXX object ApplicationLibCode/CMakeFiles/ApplicationLibCode.dir/CommandFileInterface/RicfExportProperty.cpp.o
[2577/3503] Building CXX object ApplicationLibCode/CMakeFiles/ApplicationLibCode.dir/CommandFileInterface/RicfExportSnapshots.cpp.o
[2578/3503] Building CXX object ApplicationLibCode/CMakeFiles/ApplicationLibCode.dir/CommandFileInterface/RicfLoadCase.cpp.o
[2579/3503] Building CXX object ApplicationLibCode/CMakeFiles/ApplicationLibCode.dir/CommandFileInterface/RicfExportWellPathCompletions.cpp.o
[2580/3503] Building CXX object ApplicationLibCode/CMakeFiles/ApplicationLibCode.dir/CommandFileInterface/RicfOpenProject.cpp.o
[2581/3503] Building CXX object ApplicationLibCode/CMakeFiles/ApplicationLibCode.dir/CommandFileInterface/RicfReplaceCase.cpp.o
[2582/3503] Building CXX object ApplicationLibCode/CMakeFiles/ApplicationLibCode.dir/CommandFileInterface/RicfReplaceSourceCases.cpp.o
[2583/3503] Building CXX object ApplicationLibCode/CMakeFiles/ApplicationLibCode.dir/CommandFileInterface/RicfRunOctaveScript.cpp.o
[2584/3503] Building CXX object ApplicationLibCode/CMakeFiles/ApplicationLibCode.dir/CommandFileInterface/RicfSetExportFolder.cpp.o
[2585/3503] Building CXX object ApplicationLibCode/CMakeFiles/ApplicationLibCode.dir/CommandFileInterface/RicfSetMainWindowSize.cpp.o
[2586/3503] Building CXX object ApplicationLibCode/CMakeFiles/ApplicationLibCode.dir/CommandFileInterface/RicfSetPlotWindowSize.cpp.o
[2587/3503] Building CXX object ApplicationLibCode/CMakeFiles/ApplicationLibCode.dir/CommandFileInterface/RicfSetStartDir.cpp.o
[2588/3503] Building CXX object ApplicationLibCode/CMakeFiles/ApplicationLibCode.dir/CommandFileInterface/RicfSetTimeStep.cpp.o
[2589/3503] Building CXX object ApplicationLibCode/CMakeFiles/ApplicationLibCode.dir/CommandFileInterface/RicfScaleFractureTemplate.cpp.o
[2590/3503] Building CXX object ApplicationLibCode/CMakeFiles/ApplicationLibCode.dir/CommandFileInterface/RicfSetFractureContainment.cpp.o
[2591/3503] Building CXX object ApplicationLibCode/CMakeFiles/ApplicationLibCode.dir/CommandFileInterface/RicfExportWellPaths.cpp.o
[2592/3503] Building CXX object ApplicationLibCode/CMakeFiles/ApplicationLibCode.dir/CommandFileInterface/RicfCreateMultipleFractures.cpp.o
[2593/3503] Building CXX object ApplicationLibCode/CMakeFiles/ApplicationLibCode.dir/CommandFileInterface/RicfExportVisibleCells.cpp.o
[2594/3503] Building CXX object ApplicationLibCode/CMakeFiles/ApplicationLibCode.dir/CommandFileInterface/RicfExportPropertyInViews.cpp.o
[2595/3503] Building CXX object ApplicationLibCode/CMakeFiles/ApplicationLibCode.dir/CommandFileInterface/RicfExportLgrForCompletions.cpp.o
[2596/3503] Building CXX object ApplicationLibCode/CMakeFiles/ApplicationLibCode.dir/CommandFileInterface/RicfCreateLgrForCompletions.cpp.o
[2597/3503] Building CXX object ApplicationLibCode/CMakeFiles/ApplicationLibCode.dir/CommandFileInterface/RicfApplicationTools.cpp.o
[2598/3503] Building CXX object ApplicationLibCode/CMakeFiles/ApplicationLibCode.dir/CommandFileInterface/RicfCreateSaturationPressurePlots.cpp.o
[2599/3503] Building CXX object ApplicationLibCode/CMakeFiles/ApplicationLibCode.dir/CommandFileInterface/RicfExportFlowCharacteristics.cpp.o
[2600/3503] Building CXX object ApplicationLibCode/CMakeFiles/ApplicationLibCode.dir/CommandFileInterface/RicfCreateGridCaseGroup.cpp.o
[2601/3503] Building CXX object ApplicationLibCode/CMakeFiles/ApplicationLibCode.dir/CommandFileInterface/RicfCreateView.cpp.o
[2602/3503] Building CXX object ApplicationLibCode/CMakeFiles/ApplicationLibCode.dir/CommandFileInterface/RicfCreateStatisticsCase.cpp.o
[2603/3503] Building CXX object ApplicationLibCode/CMakeFiles/ApplicationLibCode.dir/CommandFileInterface/RicfCloneView.cpp.o
[2604/3503] Building CXX object ApplicationLibCode/CMakeFiles/ApplicationLibCode.dir/CommandFileInterface/RicfCreateWellBoreStabilityPlotFeature.cpp.o
[2605/3503] Building CXX object ApplicationLibCode/CMakeFiles/ApplicationLibCode.dir/CommandFileInterface/RicfImportWellLogFiles.cpp.o
[2606/3503] Building CXX object ApplicationLibCode/CMakeFiles/ApplicationLibCode.dir/CommandFileInterface/RicfImportFormationNames.cpp.o
[2607/3503] Building CXX object ApplicationLibCode/CMakeFiles/ApplicationLibCode.dir/CommandFileInterface/Core/RicfCommandObject.cpp.o
[2608/3503] Building CXX object ApplicationLibCode/CMakeFiles/ApplicationLibCode.dir/CommandFileInterface/RicfExportWellLogPlotData.cpp.o
[2609/3503] Building CXX object ApplicationLibCode/CMakeFiles/ApplicationLibCode.dir/CommandFileInterface/Core/RifcCommandFileReader.cpp.o
[2610/3503] Building CXX object ApplicationLibCode/CMakeFiles/ApplicationLibCode.dir/SocketInterface/RiaProjectInfoCommands.cpp.o
[2611/3503] Building CXX object ApplicationLibCode/CMakeFiles/ApplicationLibCode.dir/SocketInterface/RiaSocketServer.cpp.o
[2612/3503] Building CXX object ApplicationLibCode/CMakeFiles/ApplicationLibCode.dir/SocketInterface/RiaCaseInfoCommands.cpp.o
[2613/3503] Building CXX object ApplicationLibCode/CMakeFiles/ApplicationLibCode.dir/SocketInterface/RiaGeometryCommands.cpp.o
[2614/3503] Building CXX object ApplicationLibCode/CMakeFiles/ApplicationLibCode.dir/SocketInterface/RiaNNCCommands.cpp.o
[2615/3503] Building CXX object ApplicationLibCode/CMakeFiles/ApplicationLibCode.dir/SocketInterface/RiaPropertyDataCommands.cpp.o
[2616/3503] Building CXX object ApplicationLibCode/CMakeFiles/ApplicationLibCode.dir/SocketInterface/RiaWellDataCommands.cpp.o
[2617/3503] Building CXX object ApplicationLibCode/CMakeFiles/ApplicationLibCode.dir/SocketInterface/RiaSocketTools.cpp.o
[2618/3503] Building CXX object ApplicationLibCode/CMakeFiles/ApplicationLibCode.dir/SocketInterface/RiaSocketDataTransfer.cpp.o
[2619/3503] Building CXX object ApplicationLibCode/CMakeFiles/ApplicationLibCode.dir/Application/RiaPreferencesOpenTelemetry.cpp.o
[2620/3503] Building CXX object ApplicationLibCode/CMakeFiles/ApplicationLibCode.dir/qrc_ApplicationLibCode.cpp.o
[2621/3503] Linking CXX static library ApplicationLibCode/GeoMech/GeoMechDataModel/libRigGeoMechDataModel.a
[2622/3503] Generating rips/generated/App_pb2.py and rips/generated/App_pb2_grpc.py
[2623/3503] Generating rips/generated/Case_pb2.py and rips/generated/Case_pb2_grpc.py
[2624/3503] Generating rips/generated/Commands_pb2.py and rips/generated/Commands_pb2_grpc.py
[2625/3503] Generating rips/generated/Definitions_pb2.py and rips/generated/Definitions_pb2_grpc.py
[2626/3503] Generating rips/generated/Grid_pb2.py and rips/generated/Grid_pb2_grpc.py
[2627/3503] Generating rips/generated/KeyValueStore_pb2.py and rips/generated/KeyValueStore_pb2_grpc.py
[2628/3503] Generating rips/generated/NNCProperties_pb2.py and rips/generated/NNCProperties_pb2_grpc.py
[2629/3503] Building CXX object ApplicationLibCode/CMakeFiles/ApplicationLibCode.dir/Application/Tools/Telemetry/RiaOpenTelemetryManager.cpp.o
/tmp/resinsight-p01-build/source/ApplicationLibCode/Application/Tools/Telemetry/RiaOpenTelemetryManager.cpp:319:20: warning: unused function 'extractRelevantPath' [-Wunused-function]
  319 | static std::string extractRelevantPath( const std::string& fullPath )
      |                    ^~~~~~~~~~~~~~~~~~~
1 warning generated.
[2630/3503] Generating rips/generated/PdmObject_pb2.py and rips/generated/PdmObject_pb2_grpc.py
[2631/3503] Generating rips/generated/Project_pb2.py and rips/generated/Project_pb2_grpc.py
[2632/3503] Generating rips/generated/Properties_pb2.py and rips/generated/Properties_pb2_grpc.py
[2633/3503] Generating rips/generated/SimulationWell_pb2.py and rips/generated/SimulationWell_pb2_grpc.py
[2634/3503] Generating rips/generated/SimulatorTables_pb2.py and rips/generated/SimulatorTables_pb2_grpc.py
[2635/3503] Automatic MOC and UIC for target RifGeoMechFileInterface
[2636/3503] Generating ../Generated/App.pb.cc, ../Generated/App.pb.h, ../Generated/App.grpc.pb.cc, ../Generated/App.grpc.pb.h
[2637/3503] Generating ../Generated/Case.pb.cc, ../Generated/Case.pb.h, ../Generated/Case.grpc.pb.cc, ../Generated/Case.grpc.pb.h
[2638/3503] Generating ../Generated/Definitions.pb.cc, ../Generated/Definitions.pb.h, ../Generated/Definitions.grpc.pb.cc, ../Generated/Definitions.grpc.pb.h
[2639/3503] Generating ../Generated/Grid.pb.cc, ../Generated/Grid.pb.h, ../Generated/Grid.grpc.pb.cc, ../Generated/Grid.grpc.pb.h
[2640/3503] Generating ../Generated/Commands.pb.cc, ../Generated/Commands.pb.h, ../Generated/Commands.grpc.pb.cc, ../Generated/Commands.grpc.pb.h
[2641/3503] Generating ../Generated/KeyValueStore.pb.cc, ../Generated/KeyValueStore.pb.h, ../Generated/KeyValueStore.grpc.pb.cc, ../Generated/KeyValueStore.grpc.pb.h
[2642/3503] Generating ../Generated/NNCProperties.pb.cc, ../Generated/NNCProperties.pb.h, ../Generated/NNCProperties.grpc.pb.cc, ../Generated/NNCProperties.grpc.pb.h
[2643/3503] Generating ../Generated/PdmObject.pb.cc, ../Generated/PdmObject.pb.h, ../Generated/PdmObject.grpc.pb.cc, ../Generated/PdmObject.grpc.pb.h
[2644/3503] Generating ../Generated/Project.pb.cc, ../Generated/Project.pb.h, ../Generated/Project.grpc.pb.cc, ../Generated/Project.grpc.pb.h
[2645/3503] Generating ../Generated/Properties.pb.cc, ../Generated/Properties.pb.h, ../Generated/Properties.grpc.pb.cc, ../Generated/Properties.grpc.pb.h
[2646/3503] Generating ../Generated/SimulationWell.pb.cc, ../Generated/SimulationWell.pb.h, ../Generated/SimulationWell.grpc.pb.cc, ../Generated/SimulationWell.grpc.pb.h
[2647/3503] Generating ../Generated/SimulatorTables.pb.cc, ../Generated/SimulatorTables.pb.h, ../Generated/SimulatorTables.grpc.pb.cc, ../Generated/SimulatorTables.grpc.pb.h
[2648/3503] Building CXX object ApplicationLibCode/GeoMech/GeoMechFileInterface/CMakeFiles/RifGeoMechFileInterface.dir/RifGeoMechFileInterface_autogen/mocs_compilation.cpp.o
[2649/3503] Building CXX object ApplicationLibCode/GeoMech/GeoMechFileInterface/CMakeFiles/RifGeoMechFileInterface.dir/RifInpReader.cpp.o
[2650/3503] Building CXX object ApplicationLibCode/GeoMech/GeoMechFileInterface/CMakeFiles/RifGeoMechFileInterface.dir/RifGeoMechReaderInterface.cpp.o
[2651/3503] Building CXX object ApplicationLibCode/GeoMech/GeoMechFileInterface/CMakeFiles/RifGeoMechFileInterface.dir/RifInpIncludeReader.cpp.o
[2652/3503] Automatic MOC and UIC for target Commands
[2653/3503] Automatic MOC and UIC for target GrpcInterface
[2654/3503] Building CXX object ApplicationLibCode/GeoMech/GeoMechFileInterface/CMakeFiles/RifGeoMechFileInterface.dir/RifVtkReader.cpp.o
[2655/3503] Building CXX object ApplicationLibCode/Commands/CMakeFiles/Commands.dir/Commands_autogen/mocs_compilation.cpp.o
[2656/3503] Building CXX object ApplicationLibCode/Commands/CMakeFiles/Commands.dir/RicWellLogTools.cpp.o
[2657/3503] Building CXX object ApplicationLibCode/Commands/CMakeFiles/Commands.dir/RicCloseCaseFeature.cpp.o
[2658/3503] Building CXX object ApplicationLibCode/Commands/CMakeFiles/Commands.dir/RicCloseSummaryCaseFeature.cpp.o
[2659/3503] Building CXX object ApplicationLibCode/Commands/CMakeFiles/Commands.dir/RicCloseSummaryCaseInCollectionFeature.cpp.o
[2660/3503] Building CXX object ApplicationLibCode/Commands/CMakeFiles/Commands.dir/RicCloseObservedDataFeature.cpp.o
[2661/3503] Building CXX object ApplicationLibCode/Commands/CMakeFiles/Commands.dir/RicNewViewFeature.cpp.o
[2662/3503] Building CXX object ApplicationLibCode/Commands/CMakeFiles/Commands.dir/RicNewContourMapViewFeature.cpp.o
[2663/3503] Building CXX object ApplicationLibCode/Commands/CMakeFiles/Commands.dir/RicImportFaciesFeature.cpp.o
[2664/3503] Building CXX object ApplicationLibCode/Commands/CMakeFiles/Commands.dir/RicReloadFormationNamesFeature.cpp.o
[2665/3503] Building CXX object ApplicationLibCode/Commands/CMakeFiles/Commands.dir/RicImportFormationNamesFeature.cpp.o
[2666/3503] Building CXX object ApplicationLibCode/Commands/CMakeFiles/Commands.dir/RicReloadWellPathFormationNamesFeature.cpp.o
[2667/3503] Building CXX object ApplicationLibCode/Commands/CMakeFiles/Commands.dir/RicHideIntersectionFeature.cpp.o
[2668/3503] Building CXX object ApplicationLibCode/Commands/CMakeFiles/Commands.dir/RicHideIntersectionBoxFeature.cpp.o
[2669/3503] Building CXX object ApplicationLibCode/Commands/CMakeFiles/Commands.dir/RicImportElementPropertyFeature.cpp.o
[2670/3503] Building CXX object ApplicationLibCode/Commands/CMakeFiles/Commands.dir/RicSelectColorResult.cpp.o
[2671/3503] Building CXX object ApplicationLibCode/Commands/CMakeFiles/Commands.dir/RicTogglePerspectiveViewFeature.cpp.o
[2672/3503] Building CXX object ApplicationLibCode/Commands/CMakeFiles/Commands.dir/RicImportSummaryCaseFeature.cpp.o
[2673/3503] Building CXX object ApplicationLibCode/Commands/CMakeFiles/Commands.dir/RicImportSummaryCasesFeature.cpp.o
[2674/3503] Building CXX object ApplicationLibCode/Commands/CMakeFiles/Commands.dir/RicImportObservedDataFeature.cpp.o
[2675/3503] Building CXX object ApplicationLibCode/Commands/CMakeFiles/Commands.dir/RicImportObservedFmuDataFeature.cpp.o
[2676/3503] Building CXX object ApplicationLibCode/Commands/CMakeFiles/Commands.dir/RicImportGeneralDataFeature.cpp.o
[2677/3503] Building CXX object ApplicationLibCode/Commands/CMakeFiles/Commands.dir/RicExportFeatureImpl.cpp.o
[2678/3503] Building CXX object ApplicationLibCode/Commands/CMakeFiles/Commands.dir/Ric3dViewPickEventHandler.cpp.o
[2679/3503] Building CXX object ApplicationLibCode/Commands/CMakeFiles/Commands.dir/RicSelectOrCreateViewFeatureImpl.cpp.o
[2680/3503] Building CXX object ApplicationLibCode/Commands/CMakeFiles/Commands.dir/RicContourMapPickEventHandler.cpp.o
[2681/3503] Building CXX object ApplicationLibCode/Commands/CMakeFiles/Commands.dir/RicVec3dPickEventHandler.cpp.o
[2682/3503] Building CXX object ApplicationLibCode/Commands/CMakeFiles/Commands.dir/RicDeleteItemExec.cpp.o
[2683/3503] Building CXX object ApplicationLibCode/Commands/CMakeFiles/Commands.dir/RicDeleteItemExecData.cpp.o
[2684/3503] Building CXX object ApplicationLibCode/Commands/CMakeFiles/Commands.dir/RicDeleteItemFeature.cpp.o
[2685/3503] Building CXX object ApplicationLibCode/Commands/CMakeFiles/Commands.dir/RicDeleteSubItemsFeature.cpp.o
[2686/3503] Building CXX object ApplicationLibCode/Commands/CMakeFiles/Commands.dir/RicDeleteSummaryCaseCollectionFeature.cpp.o
[2687/3503] Building CXX object ApplicationLibCode/Commands/CMakeFiles/Commands.dir/RicDeleteWellMeasurementFilePathFeature.cpp.o
[2688/3503] Building CXX object ApplicationLibCode/Commands/CMakeFiles/Commands.dir/RicReloadWellMeasurementsFeature.cpp.o
[2689/3503] Building CXX object ApplicationLibCode/Commands/CMakeFiles/Commands.dir/RicWellMeasurementImportTools.cpp.o
[2690/3503] Building CXX object ApplicationLibCode/Commands/CMakeFiles/Commands.dir/RicImportElasticPropertiesFeature.cpp.o
[2691/3503] Building CXX object ApplicationLibCode/Commands/CMakeFiles/Commands.dir/RicFaciesPropertiesImportTools.cpp.o
[2692/3503] Building CXX object ApplicationLibCode/Commands/CMakeFiles/Commands.dir/RicElasticPropertiesImportTools.cpp.o
[2693/3503] Building CXX object ApplicationLibCode/Commands/CMakeFiles/Commands.dir/RicCloseSourSimDataFeature.cpp.o
[2694/3503] Building CXX object ApplicationLibCode/Commands/CMakeFiles/Commands.dir/RicReloadCaseFeature.cpp.o
[2695/3503] Building CXX object ApplicationLibCode/Commands/CMakeFiles/Commands.dir/RicReplaceCaseFeature.cpp.o
[2696/3503] Building CXX object ApplicationLibCode/Commands/CMakeFiles/Commands.dir/RicReloadSummaryCaseFeature.cpp.o
[2697/3503] Building CXX object ApplicationLibCode/Commands/CMakeFiles/Commands.dir/RicFlyToObjectFeature.cpp.o
[2698/3503] Building CXX object ApplicationLibCode/Commands/CMakeFiles/Commands.dir/RicRecursiveFileSearchDialog.cpp.o
[2699/3503] Building CXX object ApplicationLibCode/Commands/CMakeFiles/Commands.dir/RicSummaryCaseRestartDialog.cpp.o
[2700/3503] Building CXX object ApplicationLibCode/Commands/CMakeFiles/Commands.dir/RicImportSummaryGroupFeature.cpp.o
[2701/3503] Building CXX object ApplicationLibCode/Commands/CMakeFiles/Commands.dir/RicImportEnsembleFeature.cpp.o
[2702/3503] Building CXX object ApplicationLibCode/Commands/CMakeFiles/Commands.dir/RicImportEnsembleWellLogsFeature.cpp.o
[2703/3503] Building CXX object ApplicationLibCode/Commands/CMakeFiles/Commands.dir/RicImportEnsembleSurfaceFeature.cpp.o
[2704/3503] Building CXX object ApplicationLibCode/Commands/CMakeFiles/Commands.dir/RicResampleDialog.cpp.o
[2705/3503] Building CXX object ApplicationLibCode/Commands/CMakeFiles/Commands.dir/RicCreateTemporaryLgrFeature.cpp.o
[2706/3503] Building CXX object ApplicationLibCode/Commands/CMakeFiles/Commands.dir/RicDeleteTemporaryLgrsFeature.cpp.o
[2707/3503] Building CXX object ApplicationLibCode/Commands/CMakeFiles/Commands.dir/RicNewRefinementRegionFeature.cpp.o
[2708/3503] Building CXX object ApplicationLibCode/Commands/CMakeFiles/Commands.dir/RicExportContourMapToTextFeature.cpp.o
[2709/3503] Building CXX object ApplicationLibCode/Commands/CMakeFiles/Commands.dir/RicExportContourMapToTextUi.cpp.o
[2710/3503] Building CXX object ApplicationLibCode/Commands/CMakeFiles/Commands.dir/RicExportStimPlanModelToFileFeature.cpp.o
[2711/3503] Building CXX object ApplicationLibCode/Commands/CMakeFiles/Commands.dir/RicStackSelectedCurvesFeature.cpp.o
[2712/3503] Building CXX object ApplicationLibCode/Commands/CMakeFiles/Commands.dir/RicUnstackSelectedCurvesFeature.cpp.o
[2713/3503] Building CXX object ApplicationLibCode/Commands/CMakeFiles/Commands.dir/RicThemeColorEditorFeature.cpp.o
[2714/3503] Building CXX object ApplicationLibCode/Commands/CMakeFiles/Commands.dir/RicImportVfpDataFeature.cpp.o
[2715/3503] Building CXX object ApplicationLibCode/Commands/CMakeFiles/Commands.dir/RicNewCustomObjectiveFunctionFeature.cpp.o
[2716/3503] Building CXX object ApplicationLibCode/Commands/CMakeFiles/Commands.dir/RicNewCustomObjectiveFunctionWeightFeature.cpp.o
[2717/3503] Building CXX object ApplicationLibCode/Commands/CMakeFiles/Commands.dir/RicNewPressureTableItemFeature.cpp.o
[2718/3503] Building CXX object ApplicationLibCode/Commands/CMakeFiles/Commands.dir/RicDeletePressureTableItemFeature.cpp.o
[2719/3503] Building CXX object ApplicationLibCode/Commands/CMakeFiles/Commands.dir/RicImportGridModelFromSummaryCaseFeature.cpp.o
[2720/3503] Building CXX object ApplicationLibCode/Commands/CMakeFiles/Commands.dir/RicImportGridModelFromSummaryCurveFeature.cpp.o
[2721/3503] Building CXX object ApplicationLibCode/Commands/CMakeFiles/Commands.dir/RicCreateEnsembleSurfaceFeature.cpp.o
[2722/3503] Building CXX object ApplicationLibCode/Commands/CMakeFiles/Commands.dir/RicCreateEnsembleSurfaceUi.cpp.o
[2723/3503] Building CXX object ApplicationLibCode/Commands/CMakeFiles/Commands.dir/RicCreateEnsembleWellLogFeature.cpp.o
[2724/3503] Building CXX object ApplicationLibCode/Commands/CMakeFiles/Commands.dir/RicCreateEnsembleWellLogUi.cpp.o
[2725/3503] Building CXX object ApplicationLibCode/Commands/CMakeFiles/Commands.dir/RicCreateSurfaceIntersectionBandFeature.cpp.o
[2726/3503] Building CXX object ApplicationLibCode/Commands/CMakeFiles/Commands.dir/RicCreateSurfaceIntersectionCurveFeature.cpp.o
[2727/3503] Building CXX object ApplicationLibCode/Commands/CMakeFiles/Commands.dir/RicShowGridCalculatorFeature.cpp.o
[2728/3503] Building CXX object ApplicationLibCode/Commands/CMakeFiles/Commands.dir/RicUserDefinedCalculatorDialog.cpp.o
[2729/3503] Building CXX object ApplicationLibCode/Commands/CMakeFiles/Commands.dir/RicGridCalculatorDialog.cpp.o
[2730/3503] Building CXX object ApplicationLibCode/Commands/CMakeFiles/Commands.dir/RicGridCalculatorUi.cpp.o
[2731/3503] Building CXX object ApplicationLibCode/Commands/CMakeFiles/Commands.dir/RicCalculatorWidgetCreator.cpp.o
[2732/3503] Building CXX object ApplicationLibCode/Commands/CMakeFiles/Commands.dir/RicUserDefinedCalculatorUi.cpp.o
[2733/3503] Building CXX object ApplicationLibCode/Commands/CMakeFiles/Commands.dir/RicShowDataSourcesForRealization.cpp.o
[2734/3503] Building CXX object ApplicationLibCode/Commands/CMakeFiles/Commands.dir/RicDeleteUncheckedSubItemsFeature.cpp.o
[2735/3503] Building CXX object ApplicationLibCode/Commands/CMakeFiles/Commands.dir/RicRenameSummaryCaseFeature.cpp.o
[2736/3503] Building CXX object ApplicationLibCode/Commands/CMakeFiles/Commands.dir/RicImportPressureDepthDataFeature.cpp.o
[2737/3503] Building CXX object ApplicationLibCode/Commands/CMakeFiles/Commands.dir/RicReloadPressureDepthDataFeature.cpp.o
[2738/3503] Building CXX object ApplicationLibCode/Commands/CMakeFiles/Commands.dir/RicImportRevealSummaryCaseFeature.cpp.o
[2739/3503] Building CXX object ApplicationLibCode/Commands/CMakeFiles/Commands.dir/RicImportStimPlanSummaryCaseFeature.cpp.o
[2740/3503] Building CXX object ApplicationLibCode/Commands/CMakeFiles/Commands.dir/RicCopyGridStatisticsToClipboardFeature.cpp.o
[2741/3503] Building CXX object ApplicationLibCode/Commands/CMakeFiles/Commands.dir/RicExportGridCalculationExpressionsFeature.cpp.o
[2742/3503] Building CXX object ApplicationLibCode/Commands/CMakeFiles/Commands.dir/RicImportGridCalculationExpressionsFeature.cpp.o
[2743/3503] Building CXX object ApplicationLibCode/Commands/CMakeFiles/Commands.dir/RicExportSummaryCalculationExpressionsFeature.cpp.o
[2744/3503] Building CXX object ApplicationLibCode/Commands/CMakeFiles/Commands.dir/RicImportSummaryCalculationExpressionsFeature.cpp.o
[2745/3503] Building CXX object ApplicationLibCode/Commands/CMakeFiles/Commands.dir/RicImportWellLogCsvFileFeature.cpp.o
[2746/3503] Building CXX object ApplicationLibCode/Commands/CMakeFiles/Commands.dir/RicNewViewForGridEnsembleFeature.cpp.o
[2747/3503] Building CXX object ApplicationLibCode/Commands/CMakeFiles/Commands.dir/RicImportWellLogOsduFeature.cpp.o
[2748/3503] Building CXX object ApplicationLibCode/Commands/CMakeFiles/Commands.dir/RicNewCustomVfpPlotFeature.cpp.o
[2749/3503] Building CXX object ApplicationLibCode/Commands/CMakeFiles/Commands.dir/RicNewWellTargetMappingFeature.cpp.o
[2750/3503] Building CXX object ApplicationLibCode/Commands/CMakeFiles/Commands.dir/RicNewStatisticsContourMapFeature.cpp.o
[2751/3503] Building CXX object ApplicationLibCode/Commands/CMakeFiles/Commands.dir/RicNewStatisticsContourMapViewFeature.cpp.o
[2752/3503] Building CXX object ApplicationLibCode/Commands/CMakeFiles/Commands.dir/RicCreateContourMapPolygonFeature.cpp.o
[2753/3503] Building CXX object ApplicationLibCode/Commands/CMakeFiles/Commands.dir/RicCreateContourMapPolygonAdvancedFeature.cpp.o
[2754/3503] Building CXX object ApplicationLibCode/Commands/CMakeFiles/Commands.dir/RicCreateContourMapPolygonTools.cpp.o
[2755/3503] Building CXX object ApplicationLibCode/Commands/CMakeFiles/Commands.dir/RicPolygonFromImageDialog.cpp.o
[2756/3503] Building CXX object ApplicationLibCode/Commands/CMakeFiles/Commands.dir/RicCreateSummaryEnsembleFeature.cpp.o
[2757/3503] Building CXX object ApplicationLibCode/Commands/CMakeFiles/Commands.dir/RicImportGridAndSummaryEnsembleDialog.cpp.o
[2758/3503] Building CXX object ApplicationLibCode/Commands/CMakeFiles/Commands.dir/RicImportGridAndSummaryEnsembleFeature.cpp.o
[2759/3503] Building CXX object ApplicationLibCode/Commands/CMakeFiles/Commands.dir/RicHistogramPlotTools.cpp.o
[2760/3503] Building CXX object ApplicationLibCode/Commands/CMakeFiles/Commands.dir/RicCreateGridStatisticsPlotFeature.cpp.o
[2761/3503] Building CXX object ApplicationLibCode/Commands/CMakeFiles/Commands.dir/RicNewNestedCollectionFeature.cpp.o
[2762/3503] Building CXX object ApplicationLibCode/Commands/CMakeFiles/Commands.dir/AnalysisPlotCommands/RicNewAnalysisPlotFeature.cpp.o
[2763/3503] Building CXX object ApplicationLibCode/Commands/CMakeFiles/Commands.dir/ApplicationCommands/RicShowPlotWindowFeature.cpp.o
[2764/3503] Building CXX object ApplicationLibCode/Commands/CMakeFiles/Commands.dir/AnalysisPlotCommands/RicNewPlotDataFilterFeature.cpp.o
[2765/3503] Building CXX object ApplicationLibCode/Commands/CMakeFiles/Commands.dir/ApplicationCommands/RicOpenProjectFeature.cpp.o
[2766/3503] Building CXX object ApplicationLibCode/Commands/CMakeFiles/Commands.dir/ApplicationCommands/RicShowMainWindowFeature.cpp.o
[2767/3503] Building CXX object ApplicationLibCode/Commands/CMakeFiles/Commands.dir/ApplicationCommands/RicOpenLastUsedFileFeature.cpp.o
[2768/3503] Building CXX object ApplicationLibCode/Commands/CMakeFiles/Commands.dir/ApplicationCommands/RicSaveProjectFeature.cpp.o
[2769/3503] Building CXX object ApplicationLibCode/Commands/CMakeFiles/Commands.dir/ApplicationCommands/RicSaveProjectAsFeature.cpp.o
[2770/3503] Building CXX object ApplicationLibCode/Commands/CMakeFiles/Commands.dir/ApplicationCommands/RicExitApplicationFeature.cpp.o
[2771/3503] Building CXX object ApplicationLibCode/Commands/CMakeFiles/Commands.dir/ApplicationCommands/RicCloseProjectFeature.cpp.o
[2772/3503] Building CXX object ApplicationLibCode/Commands/CMakeFiles/Commands.dir/ApplicationCommands/RicHelpFeatures.cpp.o
[2773/3503] Building CXX object ApplicationLibCode/Commands/CMakeFiles/Commands.dir/ApplicationCommands/RicEditPreferencesFeature.cpp.o
[2774/3503] Building CXX object ApplicationLibCode/Commands/CMakeFiles/Commands.dir/ApplicationCommands/RicShowPlotDataFeature.cpp.o
[2775/3503] Building CXX object ApplicationLibCode/Commands/CMakeFiles/Commands.dir/ApplicationCommands/RicLaunchRegressionTestsFeature.cpp.o
[2776/3503] Building CXX object ApplicationLibCode/Commands/CMakeFiles/Commands.dir/ApplicationCommands/RicRunCommandFileFeature.cpp.o
[2777/3503] Building CXX object ApplicationLibCode/Commands/CMakeFiles/Commands.dir/ApplicationCommands/RicShowMemoryCleanupDialogFeature.cpp.o
[2778/3503] Building CXX object ApplicationLibCode/Commands/CMakeFiles/Commands.dir/ApplicationCommands/RicExportObjectAndFieldKeywordsFeature.cpp.o
[2779/3503] Building CXX object ApplicationLibCode/Commands/CMakeFiles/Commands.dir/ApplicationCommands/RicSaveProjectNoGlobalPathsFeature.cpp.o
[2780/3503] Building CXX object ApplicationLibCode/Commands/CMakeFiles/Commands.dir/ApplicationCommands/RicShowClassNamesFeature.cpp.o
[2781/3503] Building CXX object ApplicationLibCode/Commands/CMakeFiles/Commands.dir/ApplicationCommands/RicOpenInTextEditorFeature.cpp.o
[2782/3503] Building CXX object ApplicationLibCode/Commands/CMakeFiles/Commands.dir/ApplicationCommands/RicShowMemoryReportFeature.cpp.o
[2783/3503] Building CXX object ApplicationLibCode/Commands/CMakeFiles/Commands.dir/ApplicationCommands/RicSumoDataFeature.cpp.o
[2784/3503] Building CXX object ApplicationLibCode/Commands/CMakeFiles/Commands.dir/AnnotationCommands/RicCreateTextAnnotationFeature.cpp.o
[2785/3503] Building CXX object ApplicationLibCode/Commands/CMakeFiles/Commands.dir/AnnotationCommands/RicCreateTextAnnotationIn3dViewFeature.cpp.o
[2786/3503] Building CXX object ApplicationLibCode/Commands/CMakeFiles/Commands.dir/AnnotationCommands/RicCreateReachCircleAnnotationFeature.cpp.o
[2787/3503] Building CXX object ApplicationLibCode/Commands/CMakeFiles/Commands.dir/AnnotationCommands/RicTextAnnotation3dEditor.cpp.o
[2788/3503] Building CXX object ApplicationLibCode/Commands/CMakeFiles/Commands.dir/CellFilterCommands/RicNewPolygonFilterFeature.cpp.o
[2789/3503] Building CXX object ApplicationLibCode/Commands/CMakeFiles/Commands.dir/CellFilterCommands/RicNewUserDefinedFilterFeature.cpp.o
[2790/3503] Building CXX object ApplicationLibCode/Commands/CMakeFiles/Commands.dir/CellFilterCommands/RicNewUserDefinedIndexFilterFeature.cpp.o
[2791/3503] Building CXX object ApplicationLibCode/Commands/CMakeFiles/Commands.dir/CellFilterCommands/RicNewCellRangeFilterFeature.cpp.o
[2792/3503] Building CXX object ApplicationLibCode/Commands/CMakeFiles/Commands.dir/CellFilterCommands/RicNewRangeFilterSliceIFeature.cpp.o
[2793/3503] Building CXX object ApplicationLibCode/Commands/CMakeFiles/Commands.dir/CellFilterCommands/RicNewRangeFilterSliceFeature.cpp.o
[2794/3503] Building CXX object ApplicationLibCode/Commands/CMakeFiles/Commands.dir/CellFilterCommands/RicNewRangeFilterSliceJFeature.cpp.o
[2795/3503] Building CXX object ApplicationLibCode/Commands/CMakeFiles/Commands.dir/CellFilterCommands/RicNewRangeFilterSliceKFeature.cpp.o
[2796/3503] Building CXX object ApplicationLibCode/Commands/CMakeFiles/Commands.dir/CellFilterCommands/RicNewRangeFilterSlice3dviewFeature.cpp.o
[2797/3503] Building CXX object ApplicationLibCode/Commands/CMakeFiles/Commands.dir/CellFilterCommands/RicNewPolygonFilter3dviewFeature.cpp.o
[2798/3503] Building CXX object ApplicationLibCode/Commands/CMakeFiles/Commands.dir/ColorLegendCommands/RicImportColorCategoriesFeature.cpp.o
[2799/3503] Building CXX object ApplicationLibCode/Commands/CMakeFiles/Commands.dir/CellFilterCommands/RicNewCellIndexFilterFeature.cpp.o
[2800/3503] Building CXX object ApplicationLibCode/Commands/CMakeFiles/Commands.dir/ColorLegendCommands/RicCopyStandardLegendFeature.cpp.o
[2801/3503] Building CXX object ApplicationLibCode/Commands/CMakeFiles/Commands.dir/ColorLegendCommands/RicInsertColorLegendFeature.cpp.o
[2802/3503] Building CXX object ApplicationLibCode/Commands/CMakeFiles/Commands.dir/ColorLegendCommands/RicInsertColorLegendItemFeature.cpp.o
[2803/3503] Building CXX object ApplicationLibCode/Commands/CMakeFiles/Commands.dir/CompletionCommands/RicEditPerforationCollectionFeature.cpp.o
[2804/3503] Building CXX object ApplicationLibCode/Commands/CMakeFiles/Commands.dir/CompletionCommands/RicExportFishbonesLateralsFeature.cpp.o
[2805/3503] Building CXX object ApplicationLibCode/Commands/CMakeFiles/Commands.dir/CompletionCommands/RicFishbonesCreateHelper.cpp.o
[2806/3503] Building CXX object ApplicationLibCode/Commands/CMakeFiles/Commands.dir/CompletionCommands/RicNewFishbonesSubsAtMeasuredDepthFeature.cpp.o
[2807/3503] Building CXX object ApplicationLibCode/Commands/CMakeFiles/Commands.dir/CompletionCommands/RicNewFishbonesSubsFeature.cpp.o
[2808/3503] Building CXX object ApplicationLibCode/Commands/CMakeFiles/Commands.dir/CompletionCommands/RicNewPerforationIntervalFeature.cpp.o
[2809/3503] Building CXX object ApplicationLibCode/Commands/CMakeFiles/Commands.dir/CompletionCommands/RicNewPerforationIntervalAtMeasuredDepthFeature.cpp.o
[2810/3503] Building CXX object ApplicationLibCode/Commands/CMakeFiles/Commands.dir/CompletionCommands/RicNewValveFeature.cpp.o
[2811/3503] Building CXX object ApplicationLibCode/Commands/CMakeFiles/Commands.dir/CompletionCommands/RicNewValveTemplateFeature.cpp.o
[2812/3503] Building CXX object ApplicationLibCode/Commands/CMakeFiles/Commands.dir/CompletionCommands/RicNewValveAtMeasuredDepthFeature.cpp.o
[2813/3503] Building CXX object ApplicationLibCode/Commands/CMakeFiles/Commands.dir/CompletionCommands/RicDeleteValveTemplateFeature.cpp.o
[2814/3503] Building CXX object ApplicationLibCode/Commands/CMakeFiles/Commands.dir/CompletionCommands/RicWellPathImportPerforationIntervalsFeature.cpp.o
[2815/3503] Building CXX object ApplicationLibCode/Commands/CMakeFiles/Commands.dir/CompletionCommands/RicNewStimPlanModelPlotFeature.cpp.o
[2816/3503] Building CXX object ApplicationLibCode/Commands/CMakeFiles/Commands.dir/CompletionCommands/RicImportEnsembleFractureStatisticsFeature.cpp.o
[2817/3503] Building CXX object ApplicationLibCode/Commands/CMakeFiles/Commands.dir/CompletionCommands/RicImportValveTemplatesFeature.cpp.o
[2818/3503] Building CXX object ApplicationLibCode/Commands/CMakeFiles/Commands.dir/CompletionCommands/RicNewDiameterRoughnessIntervalFeature.cpp.o
[2819/3503] Building CXX object ApplicationLibCode/Commands/CMakeFiles/Commands.dir/CompletionCommands/RicDeleteDiameterRoughnessIntervalFeature.cpp.o
[2820/3503] Building CXX object ApplicationLibCode/Commands/CMakeFiles/Commands.dir/CompletionCommands/RicNewCustomSegmentIntervalFeature.cpp.o
[2821/3503] Building CXX object ApplicationLibCode/Commands/CMakeFiles/Commands.dir/CompletionCommands/RicDeleteCustomSegmentIntervalFeature.cpp.o
[2822/3503] Building CXX object ApplicationLibCode/Commands/CMakeFiles/Commands.dir/CompletionExportCommands/RicExportCompletionDataSettingsUi.cpp.o
[2823/3503] Building CXX object ApplicationLibCode/Commands/CMakeFiles/Commands.dir/CompletionExportCommands/RicWellPathExportCompletionDataFeature.cpp.o
[2824/3503] Building CXX object ApplicationLibCode/Commands/CMakeFiles/Commands.dir/CompletionExportCommands/RicWellPathExportMswCompletionsImpl.cpp.o
[2825/3503] Building CXX object ApplicationLibCode/Commands/CMakeFiles/Commands.dir/CompletionExportCommands/RicWellPathExportCompletionDataFeatureImpl.cpp.o
[2826/3503] Building CXX object ApplicationLibCode/Commands/CMakeFiles/Commands.dir/CompletionExportCommands/RicWellPathExportCompletionsFileTools.cpp.o
[2827/3503] Building CXX object ApplicationLibCode/Commands/CMakeFiles/Commands.dir/CompletionExportCommands/RicFishbonesTransmissibilityCalculationFeatureImp.cpp.o
[2828/3503] Building CXX object ApplicationLibCode/Commands/CMakeFiles/Commands.dir/CompletionExportCommands/RicExportCompletionsWellSegmentsFeature.cpp.o
[2829/3503] Building CXX object ApplicationLibCode/Commands/CMakeFiles/Commands.dir/CompletionExportCommands/RicCaseAndFileExportSettingsUi.cpp.o
[2830/3503] Building CXX object ApplicationLibCode/Commands/CMakeFiles/Commands.dir/CompletionExportCommands/RicExportFractureCompletionsImpl.cpp.o
[2831/3503] Building CXX object ApplicationLibCode/Commands/CMakeFiles/Commands.dir/CompletionExportCommands/RicExportCompletionsForVisibleWellPathsFeature.cpp.o
[2832/3503] Building CXX object ApplicationLibCode/Commands/CMakeFiles/Commands.dir/CompletionExportCommands/RicWellPathFractureReportItem.cpp.o
[2833/3503] Building CXX object ApplicationLibCode/Commands/CMakeFiles/Commands.dir/CompletionExportCommands/RicWellPathFractureTextReportFeatureImpl.cpp.o
[2834/3503] Building CXX object ApplicationLibCode/Commands/CMakeFiles/Commands.dir/CompletionExportCommands/RicExportCompletionsForTemporaryLgrsFeature.cpp.o
[2835/3503] Building CXX object ApplicationLibCode/Commands/CMakeFiles/Commands.dir/CompletionExportCommands/RicWellPathExportMswTableData.cpp.o
[2836/3503] Building CXX object ApplicationLibCode/Commands/CMakeFiles/Commands.dir/CompletionExportCommands/MswExport/RicWellPathExportMswGeometryPath.cpp.o
[2837/3503] Building CXX object ApplicationLibCode/Commands/CMakeFiles/Commands.dir/CompletionExportCommands/RicMswTableDataTools.cpp.o
[2838/3503] Building CXX object ApplicationLibCode/Commands/CMakeFiles/Commands.dir/CompletionExportCommands/MswExport/RicMswBranchBuilder.cpp.o
[2839/3503] Building CXX object ApplicationLibCode/Commands/CMakeFiles/Commands.dir/CompletionExportCommands/RicTransmissibilityCalculator.cpp.o
[2840/3503] Building CXX object ApplicationLibCode/Commands/CMakeFiles/Commands.dir/CompletionExportCommands/RicScheduleDataGenerator.cpp.o
[2841/3503] Building CXX object ApplicationLibCode/Commands/CMakeFiles/Commands.dir/CompletionExportCommands/RicPerforationCellFilterEvaluator.cpp.o
[2842/3503] Building CXX object ApplicationLibCode/Commands/CMakeFiles/Commands.dir/CorrelationPlotCommands/RicNewCorrelationPlotFeature.cpp.o
[2843/3503] Building CXX object ApplicationLibCode/Commands/CMakeFiles/Commands.dir/CorrelationPlotCommands/RicNewCorrelationMatrixPlotFeature.cpp.o
[2844/3503] Building CXX object ApplicationLibCode/Commands/CMakeFiles/Commands.dir/CorrelationPlotCommands/RicNewParameterResultCrossPlotFeature.cpp.o
[2845/3503] Building CXX object ApplicationLibCode/Commands/CMakeFiles/Commands.dir/CorrelationPlotCommands/RicNewCorrelationReportPlotFeature.cpp.o
[2846/3503] Building CXX object ApplicationLibCode/Commands/CMakeFiles/Commands.dir/CorrelationPlotCommands/RicCreateEnsembleFromFilteredCasesFeature.cpp.o
[2847/3503] Building CXX object ApplicationLibCode/Commands/CMakeFiles/Commands.dir/CorrelationPlotCommands/RicCreateHistogramForEnsembleParameterFeature.cpp.o
[2848/3503] Building CXX object ApplicationLibCode/Commands/CMakeFiles/Commands.dir/CorrelationPlotCommands/RicCreateHistogramForSummaryVectorFeature.cpp.o
[2849/3503] Building CXX object ApplicationLibCode/Commands/CMakeFiles/Commands.dir/CrossSectionCommands/RicAppendIntersectionFeature.cpp.o
[2850/3503] Building CXX object ApplicationLibCode/Commands/CMakeFiles/Commands.dir/CrossSectionCommands/RicAppendSeparateIntersectionResultFeature.cpp.o
[2851/3503] Building CXX object ApplicationLibCode/Commands/CMakeFiles/Commands.dir/CrossSectionCommands/RicNewSimWellIntersectionFeature.cpp.o
[2852/3503] Building CXX object ApplicationLibCode/Commands/CMakeFiles/Commands.dir/CrossSectionCommands/RicNewWellPathIntersectionFeature.cpp.o
[2853/3503] Building CXX object ApplicationLibCode/Commands/CMakeFiles/Commands.dir/CrossSectionCommands/RicNewPolylineIntersectionFeature.cpp.o
[2854/3503] Building CXX object ApplicationLibCode/Commands/CMakeFiles/Commands.dir/CrossSectionCommands/RicNewAzimuthDipIntersectionFeature.cpp.o
[2855/3503] Building CXX object ApplicationLibCode/Commands/CMakeFiles/Commands.dir/CrossSectionCommands/RicCopyIntersectionsToAllViewsInCaseFeature.cpp.o
[2856/3503] Building CXX object ApplicationLibCode/Commands/CMakeFiles/Commands.dir/CrossSectionCommands/RicNewPolygonIntersectionFeature.cpp.o
[2857/3503] Building CXX object ApplicationLibCode/Commands/CMakeFiles/Commands.dir/EclipseCommands/RicAddEclipseInputPropertyFeature.cpp.o
[2858/3503] Building CXX object ApplicationLibCode/Commands/CMakeFiles/Commands.dir/EclipseCommands/RicComputeStatisticsFeature.cpp.o
[2859/3503] Building CXX object ApplicationLibCode/Commands/CMakeFiles/Commands.dir/EclipseCommands/RicEclipseCaseNewGroupExec.cpp.o
[2860/3503] Building CXX object ApplicationLibCode/Commands/CMakeFiles/Commands.dir/EclipseCommands/RicCreateGridCaseGroupFromFilesFeature.cpp.o
[2861/3503] Building CXX object ApplicationLibCode/Commands/CMakeFiles/Commands.dir/EclipseCommands/RicEclipseCaseNewGroupFeature.cpp.o
[2862/3503] Building CXX object ApplicationLibCode/Commands/CMakeFiles/Commands.dir/EclipseCommands/RicEclipsePropertyFilterFeatureImpl.cpp.o
[2863/3503] Building CXX object ApplicationLibCode/Commands/CMakeFiles/Commands.dir/EclipseCommands/RicEclipsePropertyFilterInsertExec.cpp.o
[2864/3503] Building CXX object ApplicationLibCode/Commands/CMakeFiles/Commands.dir/EclipseCommands/RicEclipsePropertyFilterInsertFeature.cpp.o
[2865/3503] Building CXX object ApplicationLibCode/Commands/CMakeFiles/Commands.dir/EclipseCommands/RicEclipsePropertyFilterNewExec.cpp.o
[2866/3503] Building CXX object ApplicationLibCode/Commands/CMakeFiles/Commands.dir/EclipseCommands/RicEclipsePropertyFilterNewFeature.cpp.o
[2867/3503] Building CXX object ApplicationLibCode/Commands/CMakeFiles/Commands.dir/EclipseCommands/RicImportEclipseCaseFeature.cpp.o
[2868/3503] Building CXX object ApplicationLibCode/Commands/CMakeFiles/Commands.dir/EclipseCommands/RicImportEclipseCasesFeature.cpp.o
[2869/3503] Building CXX object ApplicationLibCode/Commands/CMakeFiles/Commands.dir/EclipseCommands/RicImportGridModelFeature.cpp.o
[2870/3503] Building CXX object ApplicationLibCode/Commands/CMakeFiles/Commands.dir/EclipseCommands/RicNewStatisticsCaseFeature.cpp.o
[2871/3503] Building CXX object ApplicationLibCode/Commands/CMakeFiles/Commands.dir/EclipseCommands/RicImportEclipseCaseTimeStepFilterFeature.cpp.o
[2872/3503] Building CXX object ApplicationLibCode/Commands/CMakeFiles/Commands.dir/EclipseCommands/RicApplyPropertyFilterAsCellResultFeature.cpp.o
[2873/3503] Building CXX object ApplicationLibCode/Commands/CMakeFiles/Commands.dir/EclipseCommands/RicEclipsePropertyFilterNewInViewFeature.cpp.o
[2874/3503] Building CXX object ApplicationLibCode/Commands/CMakeFiles/Commands.dir/EclipseCommands/RicEclipseHideFaultFeature.cpp.o
[2875/3503] Building CXX object ApplicationLibCode/Commands/CMakeFiles/Commands.dir/EclipseCommands/RicEclipseShowOnlyFaultFeature.cpp.o
[2876/3503] Building CXX object ApplicationLibCode/Commands/CMakeFiles/Commands.dir/EclipseCommands/RicNewFaultDistanceResultFeature.cpp.o
[2877/3503] Building CXX object ApplicationLibCode/Commands/CMakeFiles/Commands.dir/EclipseCommands/RicRenameCaseFeature.cpp.o
[2878/3503] Building CXX object ApplicationLibCode/Commands/CMakeFiles/Commands.dir/EclipseCommands/RicAddGridCalculationFeature.cpp.o
[2879/3503] Building CXX object ApplicationLibCode/Commands/CMakeFiles/Commands.dir/EclipseCommands/RicAddLinkedEclipsePropertyFilterFeature.cpp.o
[2880/3503] Building CXX object ApplicationLibCode/Commands/CMakeFiles/Commands.dir/EclipseCommands/RicCreateGridCaseEnsemblesFromFilesFeature.cpp.o
[2881/3503] Building CXX object ApplicationLibCode/Commands/CMakeFiles/Commands.dir/EclipseCommands/EclipseWell/RicEclipseWellFeatureImpl.cpp.o
[2882/3503] Building CXX object ApplicationLibCode/Commands/CMakeFiles/Commands.dir/EclipseCommands/RicEclipseCombinedPropertyFilterNewFeature.cpp.o
[2883/3503] Building CXX object ApplicationLibCode/Commands/CMakeFiles/Commands.dir/EclipseCommands/EclipseWell/RicEclipseWellShowFeatures.cpp.o
[2884/3503] Building CXX object ApplicationLibCode/Commands/CMakeFiles/Commands.dir/EclipseCommands/EclipseWell/RicCreateWellPathFromSimulationWellFeature.cpp.o
[2885/3503] Building CXX object ApplicationLibCode/Commands/CMakeFiles/Commands.dir/EnsembleFileSetCommands/RicImportEnsembleFileSetFeature.cpp.o
[2886/3503] Building CXX object ApplicationLibCode/Commands/CMakeFiles/Commands.dir/EnsembleFileSetCommands/RicCreateEnsembleFromFileSetFeature.cpp.o
[2887/3503] Building CXX object ApplicationLibCode/Commands/CMakeFiles/Commands.dir/EnsembleFileSetCommands/RicCreateReservoirGridEnsembleFromFileSetFeature.cpp.o
[2888/3503] Building CXX object ApplicationLibCode/Commands/CMakeFiles/Commands.dir/ExportCommands/RicCellRangeUi.cpp.o
[2889/3503] Building CXX object ApplicationLibCode/Commands/CMakeFiles/Commands.dir/ExportCommands/RicExportCarfinUi.cpp.o
[2890/3503] Building CXX object ApplicationLibCode/Commands/CMakeFiles/Commands.dir/ExportCommands/RicExportCarfin.cpp.o
[2891/3503] Building CXX object ApplicationLibCode/Commands/CMakeFiles/Commands.dir/ExportCommands/RicExportFaultsFeature.cpp.o
[2892/3503] Building CXX object ApplicationLibCode/Commands/CMakeFiles/Commands.dir/ExportCommands/RicAdvancedSnapshotExportFeature.cpp.o
[2893/3503] Building CXX object ApplicationLibCode/Commands/CMakeFiles/Commands.dir/ExportCommands/RicExportToLasFileFeature.cpp.o
[2894/3503] Building CXX object ApplicationLibCode/Commands/CMakeFiles/Commands.dir/ExportCommands/RicExportToLasFileResampleUi.cpp.o
[2895/3503] Building CXX object ApplicationLibCode/Commands/CMakeFiles/Commands.dir/ExportCommands/RicSaveEclipseInputPropertyFeature.cpp.o
[2896/3503] Building CXX object ApplicationLibCode/Commands/CMakeFiles/Commands.dir/ExportCommands/RicSaveEclipseInputVisibleCellsFeature.cpp.o
[2897/3503] Building CXX object ApplicationLibCode/Commands/CMakeFiles/Commands.dir/ExportCommands/RicSaveEclipseInputVisibleCellsUi.cpp.o
[2898/3503] Building CXX object ApplicationLibCode/Commands/CMakeFiles/Commands.dir/ExportCommands/RicExportEclipseSectorModelFeature.cpp.o
[2899/3503] Building CXX object ApplicationLibCode/Commands/CMakeFiles/Commands.dir/ExportCommands/RicExportEclipseSectorModelUi.cpp.o
[2900/3503] Building CXX object ApplicationLibCode/Commands/CMakeFiles/Commands.dir/ExportCommands/RicExportSectorModelFeature.cpp.o
[2901/3503] Building CXX object ApplicationLibCode/Commands/CMakeFiles/Commands.dir/ExportCommands/RicRefinementSettings.cpp.o
[2902/3503] Building CXX object ApplicationLibCode/Commands/CMakeFiles/Commands.dir/ExportCommands/RicExportSectorModelUi.cpp.o
[2903/3503] Building CXX object ApplicationLibCode/Commands/CMakeFiles/Commands.dir/ExportCommands/RicSaveEclipseResultAsInputPropertyExec.cpp.o
[2904/3503] Building CXX object ApplicationLibCode/Commands/CMakeFiles/Commands.dir/ExportCommands/RicSaveEclipseResultAsInputPropertyFeature.cpp.o
[2905/3503] Building CXX object ApplicationLibCode/Commands/CMakeFiles/Commands.dir/ExportCommands/RicSnapshotAllPlotsToFileFeature.cpp.o
[2906/3503] Building CXX object ApplicationLibCode/Commands/CMakeFiles/Commands.dir/ExportCommands/RicSnapshotAllViewsToFileFeature.cpp.o
[2907/3503] Building CXX object ApplicationLibCode/Commands/CMakeFiles/Commands.dir/ExportCommands/RicSnapshotFilenameGenerator.cpp.o
[2908/3503] Building CXX object ApplicationLibCode/Commands/CMakeFiles/Commands.dir/ExportCommands/RicSnapshotViewToClipboardFeature.cpp.o
[2909/3503] Building CXX object ApplicationLibCode/Commands/CMakeFiles/Commands.dir/ExportCommands/RicSnapshotViewToFileFeature.cpp.o
[2910/3503] Building CXX object ApplicationLibCode/Commands/CMakeFiles/Commands.dir/ExportCommands/RicSnapshotViewToPdfFeature.cpp.o
[2911/3503] Building CXX object ApplicationLibCode/Commands/CMakeFiles/Commands.dir/ExportCommands/RicExportVisibleWellPathsFeature.cpp.o
[2912/3503] Building CXX object ApplicationLibCode/Commands/CMakeFiles/Commands.dir/ExportCommands/RicExportSelectedWellPathsFeature.cpp.o
[2913/3503] Building CXX object ApplicationLibCode/Commands/CMakeFiles/Commands.dir/ExportCommands/RicExportWellPathsUi.cpp.o
[2914/3503] Building CXX object ApplicationLibCode/Commands/CMakeFiles/Commands.dir/ExportCommands/RicExportLgrFeature.cpp.o
[2915/3503] Building CXX object ApplicationLibCode/Commands/CMakeFiles/Commands.dir/ExportCommands/RicExportLgrUi.cpp.o
[2916/3503] Building CXX object ApplicationLibCode/Commands/CMakeFiles/Commands.dir/ExportCommands/RicEclipseCellResultToFileImpl.cpp.o
[2917/3503] Building CXX object ApplicationLibCode/Commands/CMakeFiles/Commands.dir/ExportCommands/RicCreateDepthAdjustedLasFilesFeature.cpp.o
[2918/3503] Building CXX object ApplicationLibCode/Commands/CMakeFiles/Commands.dir/ExportCommands/RicCreateDepthAdjustedLasFilesUi.cpp.o
[2919/3503] Building CXX object ApplicationLibCode/Commands/CMakeFiles/Commands.dir/ExportCommands/RicExportInpFileFeature.cpp.o
[2920/3503] Building CXX object ApplicationLibCode/Commands/CMakeFiles/Commands.dir/ExportCommands/RicCreateDepthAdjustedLasFilesImpl.cpp.o
[2921/3503] Building CXX object ApplicationLibCode/Commands/CMakeFiles/Commands.dir/FlowCommands/RicAddStoredFlowCharacteristicsPlotFeature.cpp.o
[2922/3503] Building CXX object ApplicationLibCode/Commands/CMakeFiles/Commands.dir/FlowCommands/RicShowWellAllocationPlotFeature.cpp.o
[2923/3503] Building CXX object ApplicationLibCode/Commands/CMakeFiles/Commands.dir/FlowCommands/RicShowFlowCharacteristicsPlotFeature.cpp.o
[2924/3503] Building CXX object ApplicationLibCode/Commands/CMakeFiles/Commands.dir/FlowCommands/RicAddStoredWellAllocationPlotFeature.cpp.o
[2925/3503] Building CXX object ApplicationLibCode/Commands/CMakeFiles/Commands.dir/FlowCommands/RicShowContributingWellsFromPlotFeature.cpp.o
[2926/3503] Building CXX object ApplicationLibCode/Commands/CMakeFiles/Commands.dir/FlowCommands/RicShowContributingWellsFeature.cpp.o
[2927/3503] Building CXX object ApplicationLibCode/Commands/CMakeFiles/Commands.dir/FlowCommands/RicShowContributingWellsFeatureImpl.cpp.o
[2928/3503] Building CXX object ApplicationLibCode/Commands/CMakeFiles/Commands.dir/FlowCommands/RicPlotProductionRateFeature.cpp.o
[2929/3503] Building CXX object ApplicationLibCode/Commands/CMakeFiles/Commands.dir/FlowCommands/RicSelectViewUI.cpp.o
[2930/3503] Building CXX object ApplicationLibCode/Commands/CMakeFiles/Commands.dir/FlowCommands/RicShowTotalAllocationDataFeature.cpp.o
[2931/3503] Building CXX object ApplicationLibCode/Commands/CMakeFiles/Commands.dir/FlowCommands/RicShowCumulativePhasePlotFeature.cpp.o
[2932/3503] Building CXX object ApplicationLibCode/Commands/CMakeFiles/Commands.dir/GridCrossPlotCommands/RicCreateGridCrossPlotFeature.cpp.o
[2933/3503] Building CXX object ApplicationLibCode/Commands/CMakeFiles/Commands.dir/GridCrossPlotCommands/RicCreateGridCrossPlotDataSetFeature.cpp.o
[2934/3503] Building CXX object ApplicationLibCode/Commands/CMakeFiles/Commands.dir/GridCrossPlotCommands/RicSwapGridCrossPlotDataSetAxesFeature.cpp.o
[2935/3503] Building CXX object ApplicationLibCode/Commands/CMakeFiles/Commands.dir/GridCrossPlotCommands/RicPasteGridCrossPlotDataSetFeature.cpp.o
[2936/3503] Building CXX object ApplicationLibCode/Commands/CMakeFiles/Commands.dir/GridCrossPlotCommands/RicCreateSaturationPressurePlotsFeature.cpp.o
[2937/3503] Building CXX object ApplicationLibCode/Commands/CMakeFiles/Commands.dir/GridCrossPlotCommands/RicSaturationPressureUi.cpp.o
[2938/3503] Building CXX object ApplicationLibCode/Commands/CMakeFiles/Commands.dir/GeoMechCommands/RicGeoMechCopyCaseFeature.cpp.o
[2939/3503] Building CXX object ApplicationLibCode/Commands/CMakeFiles/Commands.dir/GeoMechCommands/RicGeoMechPropertyFilterFeatureImpl.cpp.o
[2940/3503] Building CXX object ApplicationLibCode/Commands/CMakeFiles/Commands.dir/GeoMechCommands/RicGeoMechPropertyFilterInsertFeature.cpp.o
[2941/3503] Building CXX object ApplicationLibCode/Commands/CMakeFiles/Commands.dir/GeoMechCommands/RicGeoMechPropertyFilterInsertExec.cpp.o
[2942/3503] Building CXX object ApplicationLibCode/Commands/CMakeFiles/Commands.dir/GeoMechCommands/RicGeoMechPropertyFilterNewFeature.cpp.o
[2943/3503] Building CXX object ApplicationLibCode/Commands/CMakeFiles/Commands.dir/GeoMechCommands/RicGeoMechPropertyFilterNewExec.cpp.o
[2944/3503] Building CXX object ApplicationLibCode/Commands/CMakeFiles/Commands.dir/GeoMechCommands/RicGeoMechPropertyFilterNewInViewFeature.cpp.o
[2945/3503] Building CXX object ApplicationLibCode/Commands/CMakeFiles/Commands.dir/GeoMechCommands/RicImportGeoMechCaseTimeStepFilterFeature.cpp.o
[2946/3503] Building CXX object ApplicationLibCode/Commands/CMakeFiles/Commands.dir/GeoMechCommands/RicImportGeoMechCaseFeature.cpp.o
[2947/3503] Building CXX object ApplicationLibCode/Commands/CMakeFiles/Commands.dir/GeoMechCommands/RicNewWellIntegrityAnalysisFeature.cpp.o
[2948/3503] Building CXX object ApplicationLibCode/Commands/CMakeFiles/Commands.dir/GeoMechCommands/RicRunWellIntegrityAnalysisFeature.cpp.o
[2949/3503] Building CXX object ApplicationLibCode/Commands/CMakeFiles/Commands.dir/GeoMechCommands/RicRunFaultReactModelingFeature.cpp.o
[2950/3503] Building CXX object ApplicationLibCode/Commands/CMakeFiles/Commands.dir/GeoMechCommands/RicNewFaultReactModelingFeature.cpp.o
[2951/3503] Building CXX object ApplicationLibCode/Commands/CMakeFiles/Commands.dir/JobCommands/RicRunJobFeature.cpp.o
[2952/3503] Building CXX object ApplicationLibCode/Commands/CMakeFiles/Commands.dir/GeoMechCommands/RicShowFaultReactModelFeature.cpp.o
[2953/3503] Building CXX object ApplicationLibCode/Commands/CMakeFiles/Commands.dir/JobCommands/RicNewOpmFlowJobFeature.cpp.o
[2954/3503] Building CXX object ApplicationLibCode/Commands/CMakeFiles/Commands.dir/JobCommands/RicDuplicateJobFeature.cpp.o
[2955/3503] Building CXX object ApplicationLibCode/Commands/CMakeFiles/Commands.dir/JobCommands/RicViewJobLogFeature.cpp.o
[2956/3503] Building CXX object ApplicationLibCode/Commands/CMakeFiles/Commands.dir/JobCommands/RicStopJobFeature.cpp.o
[2957/3503] Building CXX object ApplicationLibCode/Commands/CMakeFiles/Commands.dir/JobCommands/RicStopAllJobsFeature.cpp.o
[2958/3503] Building CXX object ApplicationLibCode/Commands/CMakeFiles/Commands.dir/HoloLensCommands/RicHoloLensExportToFolderFeature.cpp.o
[2959/3503] Building CXX object ApplicationLibCode/Commands/CMakeFiles/Commands.dir/HoloLensCommands/RicHoloLensExportImpl.cpp.o
[2960/3503] Building CXX object ApplicationLibCode/Commands/CMakeFiles/Commands.dir/HoloLensCommands/RicHoloLensExportToFolderUi.cpp.o
[2961/3503] Building CXX object ApplicationLibCode/Commands/CMakeFiles/Commands.dir/HoloLensCommands/RicHoloLensExportToSharingServerFeature.cpp.o
[2962/3503] Building CXX object ApplicationLibCode/Commands/CMakeFiles/Commands.dir/HoloLensCommands/RicHoloLensCreateSessionFeature.cpp.o
[2963/3503] Building CXX object ApplicationLibCode/Commands/CMakeFiles/Commands.dir/HoloLensCommands/RicHoloLensTerminateSessionFeature.cpp.o
[2964/3503] Building CXX object ApplicationLibCode/Commands/CMakeFiles/Commands.dir/HoloLensCommands/RicHoloLensRestClient.cpp.o
[2965/3503] Building CXX object ApplicationLibCode/Commands/CMakeFiles/Commands.dir/HoloLensCommands/RicHoloLensServerSettings.cpp.o
[2966/3503] Building CXX object ApplicationLibCode/Commands/CMakeFiles/Commands.dir/HoloLensCommands/RicHoloLensCreateSessionUi.cpp.o
[2967/3503] Building CXX object ApplicationLibCode/Commands/CMakeFiles/Commands.dir/HoloLensCommands/RicHoloLensSessionManager.cpp.o
[2968/3503] Building CXX object ApplicationLibCode/Commands/CMakeFiles/Commands.dir/HoloLensCommands/RicHoloLensSession.cpp.o
[2969/3503] Building CXX object ApplicationLibCode/Commands/CMakeFiles/Commands.dir/HoloLensCommands/RicHoloLensCreateDummyFileBackedSessionFeature.cpp.o
[2970/3503] Building CXX object ApplicationLibCode/Commands/CMakeFiles/Commands.dir/HoloLensCommands/RicExportToSharingServerScheduler.cpp.o
[2971/3503] Building CXX object ApplicationLibCode/Commands/CMakeFiles/Commands.dir/HoloLensCommands/RicHoloLensAutoExportToSharingServerFeature.cpp.o
[2972/3503] Building CXX object ApplicationLibCode/Commands/CMakeFiles/Commands.dir/HoloLensCommands/VdeArrayDataPacket.cpp.o
[2973/3503] Building CXX object ApplicationLibCode/Commands/CMakeFiles/Commands.dir/HoloLensCommands/VdeCachingHashedIdFactory.cpp.o
[2974/3503] Building CXX object ApplicationLibCode/Commands/CMakeFiles/Commands.dir/HoloLensCommands/VdeExportPart.cpp.o
[2975/3503] Building CXX object ApplicationLibCode/Commands/CMakeFiles/Commands.dir/HoloLensCommands/VdeFileExporter.cpp.o
[2976/3503] Building CXX object ApplicationLibCode/Commands/CMakeFiles/Commands.dir/HoloLensCommands/VdePacketDirectory.cpp.o
[2977/3503] Building CXX object ApplicationLibCode/Commands/CMakeFiles/Commands.dir/IntersectionBoxCommands/RicIntersectionFeatureImpl.cpp.o
[2978/3503] Building CXX object ApplicationLibCode/Commands/CMakeFiles/Commands.dir/HoloLensCommands/VdeVizDataExtractor.cpp.o
[2979/3503] Building CXX object ApplicationLibCode/Commands/CMakeFiles/Commands.dir/IntersectionBoxCommands/RicBoxManipulatorEventHandler.cpp.o
[2980/3503] Building CXX object ApplicationLibCode/Commands/CMakeFiles/Commands.dir/IntersectionBoxCommands/RicAppendIntersectionBoxFeature.cpp.o
[2981/3503] Building CXX object ApplicationLibCode/Commands/CMakeFiles/Commands.dir/IntersectionBoxCommands/RicAppendIjkIntersectionFeature.cpp.o
[2982/3503] Building CXX object ApplicationLibCode/Commands/CMakeFiles/Commands.dir/IntersectionBoxCommands/RicNewIjkIntersection3dviewFeature.cpp.o
[2983/3503] Building CXX object ApplicationLibCode/Commands/CMakeFiles/Commands.dir/IntersectionBoxCommands/RicIntersectionBoxXSliceFeature.cpp.o
[2984/3503] Building CXX object ApplicationLibCode/Commands/CMakeFiles/Commands.dir/IntersectionBoxCommands/RicIntersectionBoxYSliceFeature.cpp.o
[2985/3503] Building CXX object ApplicationLibCode/Commands/CMakeFiles/Commands.dir/IntersectionBoxCommands/RicIntersectionBoxZSliceFeature.cpp.o
[2986/3503] Building CXX object ApplicationLibCode/Commands/CMakeFiles/Commands.dir/IntersectionBoxCommands/RicIntersectionBoxAtPosFeature.cpp.o
[2987/3503] Building CXX object ApplicationLibCode/Commands/CMakeFiles/Commands.dir/IntersectionViewCommands/RicNewIntersectionViewFeature.cpp.o
[2988/3503] Building CXX object ApplicationLibCode/Commands/CMakeFiles/Commands.dir/MeasurementCommands/RicToggleMeasurementModeFeature.cpp.o
[2989/3503] Building CXX object ApplicationLibCode/Commands/CMakeFiles/Commands.dir/MeasurementCommands/RicMeasurementPickEventHandler.cpp.o
[2990/3503] Building CXX object ApplicationLibCode/Commands/CMakeFiles/Commands.dir/OctaveScriptCommands/RicAddScriptPathFeature.cpp.o
[2991/3503] Building CXX object ApplicationLibCode/Commands/CMakeFiles/Commands.dir/OctaveScriptCommands/RicDeleteScriptPathFeature.cpp.o
[2992/3503] Building CXX object ApplicationLibCode/Commands/CMakeFiles/Commands.dir/OctaveScriptCommands/RicEditScriptFeature.cpp.o
[2993/3503] Building CXX object ApplicationLibCode/Commands/CMakeFiles/Commands.dir/OctaveScriptCommands/RicExecuteLastUsedScriptFeature.cpp.o
[2994/3503] Building CXX object ApplicationLibCode/Commands/CMakeFiles/Commands.dir/OctaveScriptCommands/RicExecuteScriptFeature.cpp.o
[2995/3503] Building CXX object ApplicationLibCode/Commands/CMakeFiles/Commands.dir/OctaveScriptCommands/RicExecuteScriptForCasesFeature.cpp.o
[2996/3503] Building CXX object ApplicationLibCode/Commands/CMakeFiles/Commands.dir/OctaveScriptCommands/RicNewOctaveScriptFeature.cpp.o
[2997/3503] Building CXX object ApplicationLibCode/Commands/CMakeFiles/Commands.dir/OctaveScriptCommands/RicScriptFeatureImpl.cpp.o
[2998/3503] Building CXX object ApplicationLibCode/Commands/CMakeFiles/Commands.dir/OctaveScriptCommands/RicNewPythonScriptFeature.cpp.o
[2999/3503] Building CXX object ApplicationLibCode/Commands/CMakeFiles/Commands.dir/OctaveScriptCommands/RicRefreshScriptsFeature.cpp.o
[3000/3503] Building CXX object ApplicationLibCode/Commands/CMakeFiles/Commands.dir/OperationsUsingObjReferences/RicCopyReferencesToClipboardFeature.cpp.o
[3001/3503] Building CXX object ApplicationLibCode/Commands/CMakeFiles/Commands.dir/OperationsUsingObjReferences/RicCutReferencesToClipboardFeature.cpp.o
[3002/3503] Building CXX object ApplicationLibCode/Commands/CMakeFiles/Commands.dir/OperationsUsingObjReferences/RicPasteFeatureImpl.cpp.o
[3003/3503] Building CXX object ApplicationLibCode/Commands/CMakeFiles/Commands.dir/OperationsUsingObjReferences/RicPasteEclipseCasesFeature.cpp.o
[3004/3503] Building CXX object ApplicationLibCode/Commands/CMakeFiles/Commands.dir/OperationsUsingObjReferences/RicPasteEclipseViewsFeature.cpp.o
[3005/3503] Building CXX object ApplicationLibCode/Commands/CMakeFiles/Commands.dir/OperationsUsingObjReferences/RicPasteGeoMechViewsFeature.cpp.o
[3006/3503] Building CXX object ApplicationLibCode/Commands/CMakeFiles/Commands.dir/OperationsUsingObjReferences/RicPasteIntersectionsFeature.cpp.o
[3007/3503] Building CXX object ApplicationLibCode/Commands/CMakeFiles/Commands.dir/OperationsUsingObjReferences/RicPasteCellFiltersFeature.cpp.o
[3008/3503] Building CXX object ApplicationLibCode/Commands/CMakeFiles/Commands.dir/SummaryPlotCommands/RicOpenSummaryPlotEditorFromDockAreaFeature.cpp.o
[3009/3503] Building CXX object ApplicationLibCode/Commands/CMakeFiles/Commands.dir/SummaryPlotCommands/RicOpenSummaryPlotEditorFeature.cpp.o
[3010/3503] Building CXX object ApplicationLibCode/Commands/CMakeFiles/Commands.dir/SummaryPlotCommands/RicNewDefaultSummaryPlotFeature.cpp.o
[3011/3503] Building CXX object ApplicationLibCode/Commands/CMakeFiles/Commands.dir/SummaryPlotCommands/RicNewSummaryCurveFeature.cpp.o
[3012/3503] Building CXX object ApplicationLibCode/Commands/CMakeFiles/Commands.dir/SummaryPlotCommands/RicDuplicateSummaryPlotFeature.cpp.o
[3013/3503] Building CXX object ApplicationLibCode/Commands/CMakeFiles/Commands.dir/SummaryPlotCommands/RicSummaryPlotFeatureImpl.cpp.o
[3014/3503] Building CXX object ApplicationLibCode/Commands/CMakeFiles/Commands.dir/SummaryPlotCommands/RicDuplicateSummaryCurveFeature.cpp.o
[3015/3503] Building CXX object ApplicationLibCode/Commands/CMakeFiles/Commands.dir/SummaryPlotCommands/RicPasteAsciiDataToSummaryPlotFeature.cpp.o
[3016/3503] Building CXX object ApplicationLibCode/Commands/CMakeFiles/Commands.dir/SummaryPlotCommands/RicPasteAsciiDataToSummaryPlotFeatureUi.cpp.o
[3017/3503] Building CXX object ApplicationLibCode/Commands/CMakeFiles/Commands.dir/SummaryPlotCommands/RicViewZoomAllFeature.cpp.o
[3018/3503] Building CXX object ApplicationLibCode/Commands/CMakeFiles/Commands.dir/SummaryPlotCommands/RicSummaryCurveSwitchAxisFeature.cpp.o
[3019/3503] Building CXX object ApplicationLibCode/Commands/CMakeFiles/Commands.dir/SummaryPlotCommands/RicPasteSummaryPlotFeature.cpp.o
[3020/3503] Building CXX object ApplicationLibCode/Commands/CMakeFiles/Commands.dir/SummaryPlotCommands/RicPasteSummaryCurveFeature.cpp.o
[3021/3503] Building CXX object ApplicationLibCode/Commands/CMakeFiles/Commands.dir/SummaryPlotCommands/RicPasteSummaryCaseFeature.cpp.o
[3022/3503] Building CXX object ApplicationLibCode/Commands/CMakeFiles/Commands.dir/SummaryPlotCommands/RicAsciiExportSummaryPlotFeature.cpp.o
[3023/3503] Building CXX object ApplicationLibCode/Commands/CMakeFiles/Commands.dir/SummaryPlotCommands/RicNewGridTimeHistoryCurveFeature.cpp.o
[3024/3503] Building CXX object ApplicationLibCode/Commands/CMakeFiles/Commands.dir/SummaryPlotCommands/RicPasteTimeHistoryCurveFeature.cpp.o
[3025/3503] Building CXX object ApplicationLibCode/Commands/CMakeFiles/Commands.dir/SummaryPlotCommands/RicSelectSummaryPlotUI.cpp.o
[3026/3503] Building CXX object ApplicationLibCode/Commands/CMakeFiles/Commands.dir/SummaryPlotCommands/RicPasteAsciiDataCurveFeature.cpp.o
[3027/3503] Building CXX object ApplicationLibCode/Commands/CMakeFiles/Commands.dir/SummaryPlotCommands/RicEditSummaryPlotFeature.cpp.o
[3028/3503] Building CXX object ApplicationLibCode/Commands/CMakeFiles/Commands.dir/SummaryPlotCommands/RicSummaryPlotEditorWidgetCreator.cpp.o
[3029/3503] Building CXX object ApplicationLibCode/Commands/CMakeFiles/Commands.dir/SummaryPlotCommands/RicSummaryPlotEditorUi.cpp.o
[3030/3503] Building CXX object ApplicationLibCode/Commands/CMakeFiles/Commands.dir/SummaryPlotCommands/RicSummaryPlotEditorDialog.cpp.o
[3031/3503] Building CXX object ApplicationLibCode/Commands/CMakeFiles/Commands.dir/SummaryPlotCommands/RicShowSummaryCurveCalculatorFeature.cpp.o
[3032/3503] Building CXX object ApplicationLibCode/Commands/CMakeFiles/Commands.dir/SummaryPlotCommands/RicEditSummaryCurveCalculationFeature.cpp.o
[3033/3503] Building CXX object ApplicationLibCode/Commands/CMakeFiles/Commands.dir/SummaryPlotCommands/RicSummaryCurveCalculatorDialog.cpp.o
[3034/3503] Building CXX object ApplicationLibCode/Commands/CMakeFiles/Commands.dir/SummaryPlotCommands/RicSummaryCurveCalculatorUi.cpp.o
[3035/3503] Building CXX object ApplicationLibCode/Commands/CMakeFiles/Commands.dir/SummaryPlotCommands/RicNewSummaryCrossPlotCurveFeature.cpp.o
[3036/3503] Building CXX object ApplicationLibCode/Commands/CMakeFiles/Commands.dir/SummaryPlotCommands/RicNewSummaryEnsembleCurveSetFeature.cpp.o
[3037/3503] Building CXX object ApplicationLibCode/Commands/CMakeFiles/Commands.dir/SummaryPlotCommands/RicPasteEnsembleCurveSetFeature.cpp.o
[3038/3503] Building CXX object ApplicationLibCode/Commands/CMakeFiles/Commands.dir/SummaryPlotCommands/RicNewEnsembleCurveFilterFeature.cpp.o
[3039/3503] Building CXX object ApplicationLibCode/Commands/CMakeFiles/Commands.dir/SummaryPlotCommands/RicNewDerivedEnsembleFeature.cpp.o
[3040/3503] Building CXX object ApplicationLibCode/Commands/CMakeFiles/Commands.dir/SummaryPlotCommands/RicClearSourceSteppingSummaryCurveFeature.cpp.o
[3041/3503] Building CXX object ApplicationLibCode/Commands/CMakeFiles/Commands.dir/SummaryPlotCommands/RicSetSourceSteppingSummaryCurveFeature.cpp.o
[3042/3503] Building CXX object ApplicationLibCode/Commands/CMakeFiles/Commands.dir/SummaryPlotCommands/RicClearSourceSteppingEnsembleCurveSetFeature.cpp.o
[3043/3503] Building CXX object ApplicationLibCode/Commands/CMakeFiles/Commands.dir/SummaryPlotCommands/RicSetSourceSteppingEnsembleCurveSetFeature.cpp.o
[3044/3503] Building CXX object ApplicationLibCode/Commands/CMakeFiles/Commands.dir/SummaryPlotCommands/RicNewDerivedSummaryFeature.cpp.o
[3045/3503] Building CXX object ApplicationLibCode/Commands/CMakeFiles/Commands.dir/SummaryPlotCommands/RicNewPlotAxisPropertiesFeature.cpp.o
[3046/3503] Building CXX object ApplicationLibCode/Commands/CMakeFiles/Commands.dir/SummaryPlotCommands/RicShowSummaryPlotManagerFeature.cpp.o
[3047/3503] Building CXX object ApplicationLibCode/Commands/CMakeFiles/Commands.dir/SummaryPlotCommands/RicDeleteSubPlotCtxFeature.cpp.o
[3048/3503] Building CXX object ApplicationLibCode/Commands/CMakeFiles/Commands.dir/SummaryPlotCommands/RicPasteSummaryMultiPlotFeature.cpp.o
[3049/3503] Building CXX object ApplicationLibCode/Commands/CMakeFiles/Commands.dir/SummaryPlotCommands/RicToggleYAxisLinkingFeature.cpp.o
[3050/3503] Building CXX object ApplicationLibCode/Commands/CMakeFiles/Commands.dir/SummaryPlotCommands/RicToggleXAxisLinkingFeature.cpp.o
[3051/3503] Building CXX object ApplicationLibCode/Commands/CMakeFiles/Commands.dir/SummaryPlotCommands/RicDuplicateSummaryTableFeature.cpp.o
[3052/3503] Building CXX object ApplicationLibCode/Commands/CMakeFiles/Commands.dir/SummaryPlotCommands/RicNewSummaryTableFeature.cpp.o
[3053/3503] Building CXX object ApplicationLibCode/Commands/CMakeFiles/Commands.dir/SummaryPlotCommands/RicCreateDeclineCurvesFeature.cpp.o
[3054/3503] Building CXX object ApplicationLibCode/Commands/CMakeFiles/Commands.dir/SummaryPlotCommands/RicCreateRegressionAnalysisCurveFeature.cpp.o
[3055/3503] Building CXX object ApplicationLibCode/Commands/CMakeFiles/Commands.dir/SummaryPlotCommands/RicCreateCrossPlotFeature.cpp.o
[3056/3503] Building CXX object ApplicationLibCode/Commands/CMakeFiles/Commands.dir/SummaryPlotCommands/RicReplaceSummaryEnsembleFeature.cpp.o
[3057/3503] Building CXX object ApplicationLibCode/Commands/CMakeFiles/Commands.dir/SummaryPlotCommands/RicReplaceSummaryCaseFeature.cpp.o
[3058/3503] Building CXX object ApplicationLibCode/Commands/CMakeFiles/Commands.dir/OsduCommands/RicWellPathsImportOsduFeature.cpp.o
[3059/3503] Building CXX object ApplicationLibCode/Commands/CMakeFiles/Commands.dir/OsduCommands/RiuWellImportWizard.cpp.o
[3060/3503] Building CXX object ApplicationLibCode/Commands/CMakeFiles/Commands.dir/OsduCommands/RiuWellLogImportWizard.cpp.o
[3061/3503] Building CXX object ApplicationLibCode/Commands/CMakeFiles/Commands.dir/OsduCommands/RicDeleteOsduTokenFeature.cpp.o
[3062/3503] Building CXX object ApplicationLibCode/Commands/CMakeFiles/Commands.dir/StreamlineCommands/RicNewStreamlineFeature.cpp.o
[3063/3503] Building CXX object ApplicationLibCode/Commands/CMakeFiles/Commands.dir/SurfaceCommands/RicImportSurfacesFeature.cpp.o
[3064/3503] Building CXX object ApplicationLibCode/Commands/CMakeFiles/Commands.dir/SurfaceCommands/RicReloadSurfaceFeature.cpp.o
[3065/3503] Building CXX object ApplicationLibCode/Commands/CMakeFiles/Commands.dir/SurfaceCommands/RicCopySurfaceFeature.cpp.o
[3066/3503] Building CXX object ApplicationLibCode/Commands/CMakeFiles/Commands.dir/SurfaceCommands/RicNewGridCaseSurfaceFeature.cpp.o
[3067/3503] Building CXX object ApplicationLibCode/Commands/CMakeFiles/Commands.dir/SurfaceCommands/RicExportKLayerToPtlFeature.cpp.o
[3068/3503] Building CXX object ApplicationLibCode/Commands/CMakeFiles/Commands.dir/SurfaceCommands/RicExportSurfaceToTsurfFeature.cpp.o
[3069/3503] Building CXX object ApplicationLibCode/Commands/CMakeFiles/Commands.dir/SurfaceCommands/RicExportSurfaceToGriFeature.cpp.o
[3070/3503] Building CXX object ApplicationLibCode/Commands/CMakeFiles/Commands.dir/SurfaceCommands/RicExportSurfaceToGriUi.cpp.o
[3071/3503] Building CXX object ApplicationLibCode/Commands/CMakeFiles/Commands.dir/SurfaceCommands/RicNewDepthSurfaceFeature.cpp.o
[3072/3503] Building CXX object ApplicationLibCode/Commands/CMakeFiles/Commands.dir/SurfaceCommands/RicNewRegularSurfaceFeature.cpp.o
[3073/3503] Building CXX object ApplicationLibCode/Commands/CMakeFiles/Commands.dir/SeismicCommands/RicNewInlineSeismicSectionFeature.cpp.o
[3074/3503] Building CXX object ApplicationLibCode/Commands/CMakeFiles/Commands.dir/SeismicCommands/RicImportSeismicFeature.cpp.o
[3075/3503] Building CXX object ApplicationLibCode/Commands/CMakeFiles/Commands.dir/SeismicCommands/RicNewXlineSeismicSectionFeature.cpp.o
[3076/3503] Building CXX object ApplicationLibCode/Commands/CMakeFiles/Commands.dir/SeismicCommands/RicNewZSliceSeismicSectionFeature.cpp.o
[3077/3503] Building CXX object ApplicationLibCode/Commands/CMakeFiles/Commands.dir/SeismicCommands/RicSeismicSectionFeatureImpl.cpp.o
[3078/3503] Building CXX object ApplicationLibCode/Commands/CMakeFiles/Commands.dir/SeismicCommands/RicNewPolylineSeismicSectionFeature.cpp.o
[3079/3503] Building CXX object ApplicationLibCode/Commands/CMakeFiles/Commands.dir/SeismicCommands/RicNewWellpathSeismicSectionFeature.cpp.o
[3080/3503] Building CXX object ApplicationLibCode/Commands/CMakeFiles/Commands.dir/SeismicCommands/RicSeismicSectionFromIntersectionFeature.cpp.o
[3081/3503] Building CXX object ApplicationLibCode/Commands/CMakeFiles/Commands.dir/SeismicCommands/RicNewSeismicDifferenceFeature.cpp.o
[3082/3503] Building CXX object ApplicationLibCode/Commands/CMakeFiles/Commands.dir/SeismicCommands/RicNewSeismicViewFeature.cpp.o
[3083/3503] Building CXX object ApplicationLibCode/Commands/CMakeFiles/Commands.dir/ToggleCommands/RicToggleItemsFeatureImpl.cpp.o
[3084/3503] Building CXX object ApplicationLibCode/Commands/CMakeFiles/Commands.dir/ToggleCommands/RicToggleItemsOnFeature.cpp.o
[3085/3503] Building CXX object ApplicationLibCode/Commands/CMakeFiles/Commands.dir/ToggleCommands/RicToggleItemsOffFeature.cpp.o
[3086/3503] Building CXX object ApplicationLibCode/Commands/CMakeFiles/Commands.dir/ToggleCommands/RicToggleItemsFeature.cpp.o
[3087/3503] Building CXX object ApplicationLibCode/Commands/CMakeFiles/Commands.dir/ToggleCommands/RicToggleItemsOnOthersOffFeature.cpp.o
[3088/3503] Building CXX object ApplicationLibCode/Commands/CMakeFiles/Commands.dir/ToggleCommands/RicCollapseSiblingsFeature.cpp.o
[3089/3503] Building CXX object ApplicationLibCode/Commands/CMakeFiles/Commands.dir/ToggleCommands/RicMoveItemsToTopFeature.cpp.o
[3090/3503] Building CXX object ApplicationLibCode/Commands/CMakeFiles/Commands.dir/ViewLink/RicLinkVisibleViewsFeature.cpp.o
[3091/3503] Building CXX object ApplicationLibCode/Commands/CMakeFiles/Commands.dir/ViewLink/RicLinkVisibleViewsFeatureUi.cpp.o
[3092/3503] Building CXX object ApplicationLibCode/Commands/CMakeFiles/Commands.dir/ViewLink/RicLinkViewFeature.cpp.o
[3093/3503] Building CXX object ApplicationLibCode/Commands/CMakeFiles/Commands.dir/ViewLink/RicUnLinkViewFeature.cpp.o
[3094/3503] Building CXX object ApplicationLibCode/Commands/CMakeFiles/Commands.dir/ViewLink/RicShowLinkOptionsFeature.cpp.o
[3095/3503] Building CXX object ApplicationLibCode/Commands/CMakeFiles/Commands.dir/ViewLink/RicDeleteAllLinkedViewsFeature.cpp.o
[3096/3503] Building CXX object ApplicationLibCode/Commands/CMakeFiles/Commands.dir/ViewLink/RicSetMasterViewFeature.cpp.o
[3097/3503] Building CXX object ApplicationLibCode/Commands/CMakeFiles/Commands.dir/ViewLink/RicRemoveComparison3dViewFeature.cpp.o
[3098/3503] Building CXX object ApplicationLibCode/Commands/CMakeFiles/Commands.dir/ViewLink/RicCompareTo3dViewFeature.cpp.o
[3099/3503] Building CXX object ApplicationLibCode/Commands/CMakeFiles/Commands.dir/WellLogCommands/RicAddWellLogToPlotFeature.cpp.o
[3100/3503] Building CXX object ApplicationLibCode/Commands/CMakeFiles/Commands.dir/WellLogCommands/RicNewWellLogExtractionCurveFeature.cpp.o
[3101/3503] Building CXX object ApplicationLibCode/Commands/CMakeFiles/Commands.dir/WellLogCommands/RicNewWellLogRftCurveFeature.cpp.o
[3102/3503] Building CXX object ApplicationLibCode/Commands/CMakeFiles/Commands.dir/WellLogCommands/RicNewRftPlotFeature.cpp.o
[3103/3503] Building CXX object ApplicationLibCode/Commands/CMakeFiles/Commands.dir/WellLogCommands/RicNewPltPlotFeature.cpp.o
[3104/3503] Building CXX object ApplicationLibCode/Commands/CMakeFiles/Commands.dir/WellLogCommands/RicNewWellLogFileCurveFeature.cpp.o
[3105/3503] Building CXX object ApplicationLibCode/Commands/CMakeFiles/Commands.dir/WellLogCommands/RicNewWellLogPlotFeature.cpp.o
[3106/3503] Building CXX object ApplicationLibCode/Commands/CMakeFiles/Commands.dir/WellLogCommands/RicNewWellLogPlotFeatureImpl.cpp.o
[3107/3503] Building CXX object ApplicationLibCode/Commands/CMakeFiles/Commands.dir/WellLogCommands/RicNewWellLogPlotTrackFeature.cpp.o
[3108/3503] Building CXX object ApplicationLibCode/Commands/CMakeFiles/Commands.dir/WellLogCommands/RicWellLogPlotCurveFeatureImpl.cpp.o
[3109/3503] Building CXX object ApplicationLibCode/Commands/CMakeFiles/Commands.dir/WellLogCommands/RicWellLogsImportFileFeature.cpp.o
[3110/3503] Building CXX object ApplicationLibCode/Commands/CMakeFiles/Commands.dir/WellLogCommands/RicDeleteSubPlotFeature.cpp.o
[3111/3503] Building CXX object ApplicationLibCode/Commands/CMakeFiles/Commands.dir/WellLogCommands/RicWellLogPlotTrackFeatureImpl.cpp.o
[3112/3503] Building CXX object ApplicationLibCode/Commands/CMakeFiles/Commands.dir/WellLogCommands/RicPasteWellLogCurveFeature.cpp.o
[3113/3503] Building CXX object ApplicationLibCode/Commands/CMakeFiles/Commands.dir/WellLogCommands/RicPasteWellLogTrackFeature.cpp.o
[3114/3503] Building CXX object ApplicationLibCode/Commands/CMakeFiles/Commands.dir/WellLogCommands/RicPasteWellLogPlotFeature.cpp.o
[3115/3503] Building CXX object ApplicationLibCode/Commands/CMakeFiles/Commands.dir/WellLogCommands/RicChangeDataSourceFeature.cpp.o
[3116/3503] Building CXX object ApplicationLibCode/Commands/CMakeFiles/Commands.dir/WellLogCommands/RicAsciiExportWellLogPlotFeature.cpp.o
[3117/3503] Building CXX object ApplicationLibCode/Commands/CMakeFiles/Commands.dir/WellLogCommands/RicWellLogFileCloseFeature.cpp.o
[3118/3503] Building CXX object ApplicationLibCode/Commands/CMakeFiles/Commands.dir/WellLogCommands/RicMoveWellLogFilesFeature.cpp.o
[3119/3503] Building CXX object ApplicationLibCode/Commands/CMakeFiles/Commands.dir/WellLogCommands/RicAdd3dWellLogCurveFeature.cpp.o
[3120/3503] Building CXX object ApplicationLibCode/Commands/CMakeFiles/Commands.dir/WellLogCommands/RicAdd3dWellLogFileCurveFeature.cpp.o
[3121/3503] Building CXX object ApplicationLibCode/Commands/CMakeFiles/Commands.dir/WellLogCommands/RicAdd3dWellLogRftCurveFeature.cpp.o
[3122/3503] Building CXX object ApplicationLibCode/Commands/CMakeFiles/Commands.dir/WellLogCommands/Ric3dWellLogCurveDeleteFeature.cpp.o
[3123/3503] Building CXX object ApplicationLibCode/Commands/CMakeFiles/Commands.dir/WellLogCommands/Ric3dWellLogCurvePickEventHandler.cpp.o
[3124/3503] Building CXX object ApplicationLibCode/Commands/CMakeFiles/Commands.dir/WellLogCommands/RicNewWellMeasurementCurveFeature.cpp.o
[3125/3503] Building CXX object ApplicationLibCode/Commands/CMakeFiles/Commands.dir/WellLogCommands/RicNewWellBoreStabilityPlotFeature.cpp.o
[3126/3503] Building CXX object ApplicationLibCode/Commands/CMakeFiles/Commands.dir/WellLogCommands/RicNewEnsembleWellLogCurveSetFeature.cpp.o
[3127/3503] Building CXX object ApplicationLibCode/Commands/CMakeFiles/Commands.dir/WellLogCommands/RicNewRftWellLogPlotFeature.cpp.o
[3128/3503] Building CXX object ApplicationLibCode/Commands/CMakeFiles/Commands.dir/WellLogCommands/RicNewRftSegmentWellLogPlotFeature.cpp.o
[3129/3503] Building CXX object ApplicationLibCode/Commands/CMakeFiles/Commands.dir/WellLogCommands/RicNewMultiPhaseRftSegmentPlotFeature.cpp.o
[3130/3503] Building CXX object ApplicationLibCode/Commands/CMakeFiles/Commands.dir/WellLogCommands/RicNewWellLogCalculatedCurveFeature.cpp.o
[3131/3503] Building CXX object ApplicationLibCode/Commands/CMakeFiles/Commands.dir/WellLogCommands/RicCreateRftPlotsFeature.cpp.o
[3132/3503] Building CXX object ApplicationLibCode/Commands/CMakeFiles/Commands.dir/WellLogCommands/RicCreateRftPlotsFeatureUi.cpp.o
[3133/3503] Building CXX object ApplicationLibCode/Commands/CMakeFiles/Commands.dir/WellLogCommands/RicCreateRftCorrelationReportFeature.cpp.o
[3134/3503] Building CXX object ApplicationLibCode/Commands/CMakeFiles/Commands.dir/WellPathCommands/RicNewEditableWellPathFeature.cpp.o
[3135/3503] Building CXX object ApplicationLibCode/Commands/CMakeFiles/Commands.dir/WellPathCommands/RicImportWellPaths.cpp.o
[3136/3503] Building CXX object ApplicationLibCode/Commands/CMakeFiles/Commands.dir/WellPathCommands/RicShowWellPlanFeature.cpp.o
[3137/3503] Building CXX object ApplicationLibCode/Commands/CMakeFiles/Commands.dir/WellPathCommands/RicNewWellPathListTargetFeature.cpp.o
[3138/3503] Building CXX object ApplicationLibCode/Commands/CMakeFiles/Commands.dir/WellPathCommands/RicNewWellPathAttributeFeature.cpp.o
[3139/3503] Building CXX object ApplicationLibCode/Commands/CMakeFiles/Commands.dir/WellPathCommands/RicDeleteWellPathTargetFeature.cpp.o
[3140/3503] Building CXX object ApplicationLibCode/Commands/CMakeFiles/Commands.dir/WellPathCommands/RicDeleteWellPathAttributeFeature.cpp.o
[3141/3503] Building CXX object ApplicationLibCode/Commands/CMakeFiles/Commands.dir/WellPathCommands/RicDeleteWellPathFeature.cpp.o
[3142/3503] Building CXX object ApplicationLibCode/Commands/CMakeFiles/Commands.dir/WellPathCommands/RicWellPathsUnitSystemSettingsImpl.cpp.o
[3143/3503] Building CXX object ApplicationLibCode/Commands/CMakeFiles/Commands.dir/WellPathCommands/RicWellPathsUnitSystemSettingsUi.cpp.o
[3144/3503] Building CXX object ApplicationLibCode/Commands/CMakeFiles/Commands.dir/WellPathCommands/RicWellPathPickEventHandler.cpp.o
[3145/3503] Building CXX object ApplicationLibCode/Commands/CMakeFiles/Commands.dir/WellPathCommands/RicCreateWellTargetsPickEventHandler.cpp.o
[3146/3503] Building CXX object ApplicationLibCode/Commands/CMakeFiles/Commands.dir/WellPathCommands/RicIntersectionPickEventHandler.cpp.o
[3147/3503] Building CXX object ApplicationLibCode/Commands/CMakeFiles/Commands.dir/WellPathCommands/RicWellPathFormationsImportFileFeature.cpp.o
[3148/3503] Building CXX object ApplicationLibCode/Commands/CMakeFiles/Commands.dir/WellPathCommands/RicPolylineTargetsPickEventHandler.cpp.o
[3149/3503] Building CXX object ApplicationLibCode/Commands/CMakeFiles/Commands.dir/WellPathCommands/RicNewPolylineTargetFeature.cpp.o
[3150/3503] Building CXX object ApplicationLibCode/Commands/CMakeFiles/Commands.dir/WellPathCommands/RicDeletePolylineTargetFeature.cpp.o
[3151/3503] Building CXX object ApplicationLibCode/Commands/CMakeFiles/Commands.dir/WellPathCommands/RicImportWellMeasurementsFeature.cpp.o
[3152/3503] Building CXX object ApplicationLibCode/Commands/CMakeFiles/Commands.dir/WellPathCommands/RicImportOrionEventsFeature.cpp.o
[3153/3503] Building CXX object ApplicationLibCode/Commands/CMakeFiles/Commands.dir/WellPathCommands/RicNewWellPathLateralAtDepthFeature.cpp.o
[3154/3503] Building CXX object ApplicationLibCode/Commands/CMakeFiles/Commands.dir/WellPathCommands/RicNewWellPathLateralFeature.cpp.o
[3155/3503] Building CXX object ApplicationLibCode/Commands/CMakeFiles/Commands.dir/WellPathCommands/RicPasteModeledWellPathFeature.cpp.o
[3156/3503] Building CXX object ApplicationLibCode/Commands/CMakeFiles/Commands.dir/WellPathCommands/RicCreateMultipleWellPathLaterals.cpp.o
[3157/3503] Building CXX object ApplicationLibCode/Commands/CMakeFiles/Commands.dir/WellPathCommands/RicCreateMultipleWellPathLateralsUi.cpp.o
[3158/3503] Building CXX object ApplicationLibCode/Commands/CMakeFiles/Commands.dir/WellPathCommands/RicLinkWellPathFeature.cpp.o
[3159/3503] Building CXX object ApplicationLibCode/Commands/CMakeFiles/Commands.dir/WellPathCommands/PointTangentManipulator/RicPointTangentManipulator.cpp.o
[3160/3503] Building CXX object ApplicationLibCode/Commands/CMakeFiles/Commands.dir/WellPathCommands/PointTangentManipulator/Ric3dObjectEditorHandle.cpp.o
[3161/3503] Building CXX object ApplicationLibCode/Commands/CMakeFiles/Commands.dir/WellPathCommands/PointTangentManipulator/RicWellPathGeometry3dEditor.cpp.o
[3162/3503] Building CXX object ApplicationLibCode/Commands/CMakeFiles/Commands.dir/WellPathCommands/PointTangentManipulator/RicWellTarget3dEditor.cpp.o
[3163/3503] Building CXX object ApplicationLibCode/Commands/CMakeFiles/Commands.dir/WellPathCommands/PointTangentManipulator/RicPointTangentManipulatorPartMgr.cpp.o
[3164/3503] Building CXX object ApplicationLibCode/Commands/CMakeFiles/Commands.dir/WellPathCommands/PointTangentManipulator/RicPolyline3dEditor.cpp.o
[3165/3503] Building CXX object ApplicationLibCode/Commands/CMakeFiles/Commands.dir/WellPathCommands/PointTangentManipulator/RicPolylineTarget3dEditor.cpp.o
[3166/3503] Building CXX object ApplicationLibCode/Commands/CMakeFiles/Commands.dir/WellPathCommands/RicDuplicateWellPathFeature.cpp.o
[3167/3503] Building CXX object ApplicationLibCode/Commands/CMakeFiles/Commands.dir/WellPathCommands/RicHideGridGeometryFeature.cpp.o
[3168/3503] Building CXX object ApplicationLibCode/Commands/CMakeFiles/Commands.dir/WellPathCommands/RicSetParentWellPathFeature.cpp.o
[3169/3503] Building CXX object ApplicationLibCode/Commands/CMakeFiles/Commands.dir/WellPathCommands/RicShowAllGeometryFeature.cpp.o
[3170/3503] Building CXX object ApplicationLibCode/Commands/CMakeFiles/Commands.dir/PlotTemplateCommands/RicSelectPlotTemplateUi.cpp.o
[3171/3503] Building CXX object ApplicationLibCode/Commands/CMakeFiles/Commands.dir/PlotTemplateCommands/RicReloadPlotTemplatesFeature.cpp.o
[3172/3503] Building CXX object ApplicationLibCode/Commands/CMakeFiles/Commands.dir/PlotTemplateCommands/RicCreatePlotFromTemplateByShortcutFeature.cpp.o
[3173/3503] Building CXX object ApplicationLibCode/Commands/CMakeFiles/Commands.dir/PlotTemplateCommands/RicSaveMultiPlotTemplateFeature.cpp.o
[3174/3503] Building CXX object ApplicationLibCode/Commands/CMakeFiles/Commands.dir/PlotTemplateCommands/RicSaveMultiPlotTemplateFeatureSettings.cpp.o
[3175/3503] Building CXX object ApplicationLibCode/Commands/CMakeFiles/Commands.dir/PlotTemplateCommands/RicCreateMultiPlotFromSelectionFeature.cpp.o
[3176/3503] Building CXX object ApplicationLibCode/Commands/CMakeFiles/Commands.dir/PlotTemplateCommands/RicRenamePlotTemplateFeature.cpp.o
[3177/3503] Building CXX object ApplicationLibCode/Commands/CMakeFiles/Commands.dir/PlotTemplateCommands/RicDeletePlotTemplateFeature.cpp.o
[3178/3503] Building CXX object ApplicationLibCode/Commands/CMakeFiles/Commands.dir/PlotTemplateCommands/RicSetAsDefaultTemplateFeature.cpp.o
[3179/3503] Building CXX object ApplicationLibCode/Commands/CMakeFiles/Commands.dir/PlotTemplateCommands/RicCreateNewPlotFromTemplateFeature.cpp.o
[3180/3503] Building CXX object ApplicationLibCode/Commands/CMakeFiles/Commands.dir/PlotTemplateCommands/RicSelectCaseOrEnsembleUi.cpp.o
[3181/3503] Building CXX object ApplicationLibCode/Commands/CMakeFiles/Commands.dir/FractureCommands/RicPasteEllipseFractureFeature.cpp.o
[3182/3503] Building CXX object ApplicationLibCode/Commands/CMakeFiles/Commands.dir/FractureCommands/RicPasteStimPlanFractureFeature.cpp.o
[3183/3503] Building CXX object ApplicationLibCode/Commands/CMakeFiles/Commands.dir/FractureCommands/RicConvertAllFractureTemplatesToFieldFeature.cpp.o
[3184/3503] Building CXX object ApplicationLibCode/Commands/CMakeFiles/Commands.dir/FractureCommands/RicConvertAllFractureTemplatesToMetricFeature.cpp.o
[3185/3503] Building CXX object ApplicationLibCode/Commands/CMakeFiles/Commands.dir/FractureCommands/RicCreateDuplicateTemplateInOtherUnitSystemFeature.cpp.o
[3186/3503] Building CXX object ApplicationLibCode/Commands/CMakeFiles/Commands.dir/FractureCommands/RicFractureNameGenerator.cpp.o
[3187/3503] Building CXX object ApplicationLibCode/Commands/CMakeFiles/Commands.dir/FractureCommands/RicNewEllipseFractureTemplateFeature.cpp.o
[3188/3503] Building CXX object ApplicationLibCode/Commands/CMakeFiles/Commands.dir/FractureCommands/RicNewStimPlanFractureTemplateFeature.cpp.o
[3189/3503] Building CXX object ApplicationLibCode/Commands/CMakeFiles/Commands.dir/FractureCommands/RicNewThermalFractureTemplateFeature.cpp.o
[3190/3503] Building CXX object ApplicationLibCode/Commands/CMakeFiles/Commands.dir/FractureCommands/RicNewWellPathFractureAtPosFeature.cpp.o
[3191/3503] Building CXX object ApplicationLibCode/Commands/CMakeFiles/Commands.dir/FractureCommands/RicNewStimPlanModelFeature.cpp.o
[3192/3503] Building CXX object ApplicationLibCode/Commands/CMakeFiles/Commands.dir/FractureCommands/RicNewWellPathFractureFeature.cpp.o
[3193/3503] Building CXX object ApplicationLibCode/Commands/CMakeFiles/Commands.dir/FractureCommands/RicNewWellPathStimPlanModelAtPosFeature.cpp.o
[3194/3503] Building CXX object ApplicationLibCode/Commands/CMakeFiles/Commands.dir/FractureCommands/RicNewStimPlanModelTemplateFeature.cpp.o
[3195/3503] Building CXX object ApplicationLibCode/Commands/CMakeFiles/Commands.dir/FractureCommands/RicNewElasticPropertyScalingFeature.cpp.o
[3196/3503] Building CXX object ApplicationLibCode/Commands/CMakeFiles/Commands.dir/FractureCommands/RicCreateMultipleFracturesFeature.cpp.o
[3197/3503] Building CXX object ApplicationLibCode/Commands/CMakeFiles/Commands.dir/FractureCommands/RicCreateMultipleFracturesOptionItemUi.cpp.o
[3198/3503] Building CXX object ApplicationLibCode/Commands/CMakeFiles/Commands.dir/FractureCommands/RicCreateMultipleFracturesUi.cpp.o
[3199/3503] Building CXX object ApplicationLibCode/Commands/CMakeFiles/Commands.dir/FractureCommands/RicNewOptionItemFeature.cpp.o
[3200/3503] Building CXX object ApplicationLibCode/Commands/CMakeFiles/Commands.dir/FractureCommands/RicDeleteOptionItemFeature.cpp.o
[3201/3503] Building CXX object ApplicationLibCode/Commands/CMakeFiles/Commands.dir/FractureCommands/RicPlaceThermalFractureUsingTemplateDataFeature.cpp.o
[3202/3503] Building CXX object ApplicationLibCode/Commands/CMakeFiles/Commands.dir/PlotBuilderCommands/RicNewMultiPlotFeature.cpp.o
[3203/3503] Building CXX object ApplicationLibCode/Commands/CMakeFiles/Commands.dir/PlotBuilderCommands/RicNewSummaryMultiPlotFeature.cpp.o
[3204/3503] Building CXX object ApplicationLibCode/Commands/CMakeFiles/Commands.dir/PlotBuilderCommands/RicNewSummaryPlotFromDataVectorFeature.cpp.o
[3205/3503] Building CXX object ApplicationLibCode/Commands/CMakeFiles/Commands.dir/PlotBuilderCommands/RicNewSummaryMultiPlotFromDataVectorFeature.cpp.o
[3206/3503] Building CXX object ApplicationLibCode/Commands/CMakeFiles/Commands.dir/PlotBuilderCommands/RicNewSummaryPlotFromCurveFeature.cpp.o
[3207/3503] Building CXX object ApplicationLibCode/Commands/CMakeFiles/Commands.dir/PlotBuilderCommands/RicAppendSummaryPlotsForObjectsFeature.cpp.o
[3208/3503] Building CXX object ApplicationLibCode/Commands/CMakeFiles/Commands.dir/PlotBuilderCommands/RicAppendSummaryCurvesForObjectsFeature.cpp.o
[3209/3503] Building CXX object ApplicationLibCode/Commands/CMakeFiles/Commands.dir/PlotBuilderCommands/RicAppendSummaryPlotsForSummaryCasesFeature.cpp.o
[3210/3503] Building CXX object ApplicationLibCode/Commands/CMakeFiles/Commands.dir/PlotBuilderCommands/RicAppendSummaryCurvesForSummaryCasesFeature.cpp.o
[3211/3503] Building CXX object ApplicationLibCode/Commands/CMakeFiles/Commands.dir/PlotBuilderCommands/RicAppendSummaryPlotsForSummaryAddressesFeature.cpp.o
[3212/3503] Building CXX object ApplicationLibCode/Commands/CMakeFiles/Commands.dir/PlotBuilderCommands/RicAppendSummaryCurvesForSummaryAddressesFeature.cpp.o
[3213/3503] Building CXX object ApplicationLibCode/Commands/CMakeFiles/Commands.dir/PlotBuilderCommands/RicSplitMultiPlotFeature.cpp.o
[3214/3503] Building CXX object ApplicationLibCode/Commands/CMakeFiles/Commands.dir/PlotBuilderCommands/RicNewEmptySummaryMultiPlotFeature.cpp.o
[3215/3503] Building CXX object ApplicationLibCode/Commands/CMakeFiles/Commands.dir/PolygonCommands/RicCreatePolygonFeature.cpp.o
[3216/3503] Building CXX object ApplicationLibCode/Commands/CMakeFiles/Commands.dir/PolygonCommands/RicImportPolygonFileFeature.cpp.o
[3217/3503] Building CXX object ApplicationLibCode/Commands/CMakeFiles/Commands.dir/PolygonCommands/RicReloadPolygonFileFeature.cpp.o
[3218/3503] Building CXX object ApplicationLibCode/Commands/CMakeFiles/Commands.dir/PolygonCommands/RicDuplicatePolygonFeature.cpp.o
[3219/3503] Building CXX object ApplicationLibCode/Commands/CMakeFiles/Commands.dir/PolygonCommands/RicExportPolygonCsvFeature.cpp.o
[3220/3503] Building CXX object ApplicationLibCode/Commands/CMakeFiles/Commands.dir/PolygonCommands/RicExportPolygonPolFeature.cpp.o
[3221/3503] Building CXX object ApplicationLibCode/Commands/CMakeFiles/Commands.dir/PolygonCommands/RicSimplifyPolygonFeature.cpp.o
[3222/3503] Building CXX object ApplicationLibCode/Commands/CMakeFiles/Commands.dir/PolygonCommands/RicBasicPolygonFeature.cpp.o
[3223/3503] Building CXX object ApplicationLibCode/Commands/CMakeFiles/Commands.dir/PolygonCommands/RicDeleteAllPolygonsFeature.cpp.o
[3224/3503] Building CXX object ApplicationLibCode/Commands/CMakeFiles/Commands.dir/Sumo/RicCreateSumoEnsembleFeature.cpp.o
[3225/3503] Building CXX object ApplicationLibCode/Commands/CMakeFiles/Commands.dir/Sumo/RicDeleteSumoTokenFeature.cpp.o
[3226/3503] Building CXX object ApplicationLibCode/Commands/CMakeFiles/Commands.dir/ToolCommands/RicAddFieldToQuickAccessFeature.cpp.o
[3227/3503] Building CXX object ApplicationLibCode/Commands/CMakeFiles/Commands.dir/3dView/RicApplyUserDefinedCameraFeature.cpp.o
[3228/3503] Building CXX object ApplicationLibCode/Commands/CMakeFiles/Commands.dir/3dView/RicStoreUserDefinedCameraFeature.cpp.o
[3229/3503] Building CXX object ApplicationLibCode/Commands/CMakeFiles/Commands.dir/3dView/RicDockIn3dViewFeature.cpp.o
[3230/3503] Building CXX object ApplicationLibCode/Commands/CMakeFiles/Commands.dir/3dView/RicDockInPlotViewFeature.cpp.o
[3231/3503] Building CXX object ApplicationLibCode/Commands/CMakeFiles/Commands.dir/3dView/RicZScaleFeatures.cpp.o
[3232/3503] Building CXX object ApplicationLibCode/Commands/CMakeFiles/Commands.dir/Histogram/RicNewDefaultHistogramPlotFeature.cpp.o
[3233/3503] Building CXX object ApplicationLibCode/Commands/CMakeFiles/Commands.dir/Histogram/RicNewHistogramCurveFeature.cpp.o
[3234/3503] Building CXX object ApplicationLibCode/Commands/CMakeFiles/Commands.dir/Histogram/RicNewHistogramMultiPlotFeature.cpp.o
[3235/3503] Linking CXX static library ApplicationLibCode/GeoMech/GeoMechFileInterface/libRifGeoMechFileInterface.a
[3236/3503] Building CXX object GrpcInterface/CMakeFiles/GrpcInterface.dir/GrpcInterface_autogen/mocs_compilation.cpp.o
[3237/3503] Building CXX object ApplicationLibCode/Commands/CMakeFiles/Commands.dir/Histogram/RicPasteHistogramCurveFeature.cpp.o
[3238/3503] Building CXX object GrpcInterface/CMakeFiles/GrpcInterface.dir/RiaGrpcServer.cpp.o
[3239/3503] Building CXX object GrpcInterface/CMakeFiles/GrpcInterface.dir/RiaGrpcHelper.cpp.o
[3240/3503] Building CXX object GrpcInterface/CMakeFiles/GrpcInterface.dir/RiaGrpcServiceInterface.cpp.o
[3241/3503] Building CXX object GrpcInterface/CMakeFiles/GrpcInterface.dir/RiaGrpcCaseService.cpp.o
[3242/3503] Building CXX object GrpcInterface/CMakeFiles/GrpcInterface.dir/RiaGrpcSimulationWellService.cpp.o
[3243/3503] Building CXX object GrpcInterface/CMakeFiles/GrpcInterface.dir/RiaGrpcGridService.cpp.o
[3244/3503] Building CXX object GrpcInterface/CMakeFiles/GrpcInterface.dir/RiaGrpcProjectService.cpp.o
[3245/3503] Building CXX object GrpcInterface/CMakeFiles/GrpcInterface.dir/RiaGrpcCommandService.cpp.o
[3246/3503] Building CXX object GrpcInterface/CMakeFiles/GrpcInterface.dir/RiaGrpcAppService.cpp.o
[3247/3503] Building CXX object GrpcInterface/CMakeFiles/GrpcInterface.dir/RiaGrpcPropertiesService.cpp.o
[3248/3503] Building CXX object GrpcInterface/CMakeFiles/GrpcInterface.dir/RiaGrpcKeyValueStoreService.cpp.o
[3249/3503] Building CXX object GrpcInterface/CMakeFiles/GrpcInterface.dir/RiaGrpcNNCPropertiesService.cpp.o
[3250/3503] Building CXX object GrpcInterface/CMakeFiles/GrpcInterface.dir/RiaGrpcApplicationInterface.cpp.o
[3251/3503] Building CXX object GrpcInterface/CMakeFiles/GrpcInterface.dir/RiaGrpcPdmObjectService.cpp.o
[3252/3503] Building CXX object GrpcInterface/CMakeFiles/GrpcInterface.dir/RiaWellPathDataToGrpcConverter.cpp.o
[3253/3503] Building CXX object GrpcInterface/CMakeFiles/GrpcInterface.dir/RiaGrpcWellPathService.cpp.o
[3254/3503] Building CXX object GrpcInterface/CMakeFiles/GrpcInterface.dir/RiaGrpcActiveCellInfoStateHandler.cpp.o
[3255/3503] Building CXX object GrpcInterface/CMakeFiles/GrpcInterface.dir/__/Generated/App.pb.cc.o
[3256/3503] Building CXX object GrpcInterface/CMakeFiles/GrpcInterface.dir/RiaGrpcSelectedCellsStateHandler.cpp.o
[3257/3503] Building CXX object GrpcInterface/CMakeFiles/GrpcInterface.dir/__/Generated/Case.pb.cc.o
[3258/3503] Building CXX object GrpcInterface/CMakeFiles/GrpcInterface.dir/__/Generated/App.grpc.pb.cc.o
[3259/3503] Building CXX object GrpcInterface/CMakeFiles/GrpcInterface.dir/__/Generated/Commands.pb.cc.o
[3260/3503] Building CXX object GrpcInterface/CMakeFiles/GrpcInterface.dir/__/Generated/Case.grpc.pb.cc.o
[3261/3503] Building CXX object GrpcInterface/CMakeFiles/GrpcInterface.dir/__/Generated/Definitions.pb.cc.o
[3262/3503] Building CXX object GrpcInterface/CMakeFiles/GrpcInterface.dir/__/Generated/Commands.grpc.pb.cc.o
[3263/3503] Building CXX object GrpcInterface/CMakeFiles/GrpcInterface.dir/__/Generated/Grid.pb.cc.o
[3264/3503] Building CXX object GrpcInterface/CMakeFiles/GrpcInterface.dir/__/Generated/Definitions.grpc.pb.cc.o
[3265/3503] Building CXX object GrpcInterface/CMakeFiles/GrpcInterface.dir/__/Generated/KeyValueStore.pb.cc.o
[3266/3503] Building CXX object GrpcInterface/CMakeFiles/GrpcInterface.dir/__/Generated/Grid.grpc.pb.cc.o
[3267/3503] Building CXX object GrpcInterface/CMakeFiles/GrpcInterface.dir/__/Generated/NNCProperties.pb.cc.o
[3268/3503] Building CXX object GrpcInterface/CMakeFiles/GrpcInterface.dir/__/Generated/KeyValueStore.grpc.pb.cc.o
[3269/3503] Building CXX object GrpcInterface/CMakeFiles/GrpcInterface.dir/__/Generated/PdmObject.pb.cc.o
[3270/3503] Building CXX object GrpcInterface/CMakeFiles/GrpcInterface.dir/__/Generated/NNCProperties.grpc.pb.cc.o
[3271/3503] Building CXX object GrpcInterface/CMakeFiles/GrpcInterface.dir/__/Generated/Project.pb.cc.o
[3272/3503] Building CXX object GrpcInterface/CMakeFiles/GrpcInterface.dir/__/Generated/PdmObject.grpc.pb.cc.o
[3273/3503] Building CXX object GrpcInterface/CMakeFiles/GrpcInterface.dir/__/Generated/Properties.pb.cc.o
[3274/3503] Building CXX object GrpcInterface/CMakeFiles/GrpcInterface.dir/__/Generated/Project.grpc.pb.cc.o
[3275/3503] Building CXX object GrpcInterface/CMakeFiles/GrpcInterface.dir/__/Generated/SimulationWell.pb.cc.o
[3276/3503] Building CXX object GrpcInterface/CMakeFiles/GrpcInterface.dir/__/Generated/Properties.grpc.pb.cc.o
[3277/3503] Building CXX object GrpcInterface/CMakeFiles/GrpcInterface.dir/__/Generated/SimulationWell.grpc.pb.cc.o
[3278/3503] Building CXX object GrpcInterface/CMakeFiles/GrpcInterface.dir/__/Generated/SimulatorTables.pb.cc.o
[3279/3503] icon
/private/tmp/resinsight-p01-build/source/ApplicationExeCode/Resources/AppLogo48x48.png
  /private/tmp/resinsight-p01-build/application-build/ApplicationExeCode/Resources/ResInsight.icns
[3280/3503] Building CXX object GrpcInterface/CMakeFiles/GrpcInterface.dir/__/Generated/SimulatorTables.grpc.pb.cc.o
[3281/3503] Automatic MOC and UIC for target ResInsight
[3282/3503] Building CXX object _deps/googletest-build/googletest/CMakeFiles/gtest.dir/src/gtest-all.cc.o
[3283/3503] Linking CXX static library lib/libgtest.a
[3284/3503] Automatic RCC for ../Fwk/AppFwk/cafAnimControl/Resources/cafAnimControl.qrc
[3285/3503] Automatic RCC for ../Fwk/AppFwk/cafProjectDataModel/cafPdmUiCore/Resources/caf.qrc
[3286/3503] Automatic RCC for ../Fwk/AppFwk/cafCommandFeatures/Resources/cafCommandFeatures.qrc
[3287/3503] Building CXX object _deps/googletest-build/googletest/CMakeFiles/gtest_main.dir/src/gtest_main.cc.o
[3288/3503] Linking CXX static library lib/libgtest_main.a
[3289/3503] cd /tmp/resinsight-p01-build/application-build/ApplicationLibCode/UnitTests && /private/tmp/resinsight-p01-build/build-tools/lib/python3.12/site-packages/cmake/data/bin/cmake -E make_directory /tmp/resinsight-p01-build/application-build/ApplicationLibCode/UnitTests
[3290/3503] Automatic MOC and UIC for target roffcpp-tests
[3291/3503] Automatic MOC and UIC for target regression-analysis-tests
[3292/3503] Automatic MOC and UIC for target ResInsight-tests
[3293/3503] Automatic MOC and UIC for target extract-projectfile-versions
[3294/3503] Building CXX object ThirdParty/Ert/external/catch2/CMakeFiles/catch2.dir/dummy.cpp.o
[3295/3503] Automatic RCC for Resources/ResInsight.qrc
[3296/3503] Building CXX object ApplicationExeCode/CMakeFiles/ResInsight.dir/ResInsight_autogen/mocs_compilation.cpp.o
[3297/3503] Building CXX object ThirdParty/custom-opm-common/custom-opm-parser-tests/CMakeFiles/opm-parser-tests.dir/opm-parser-BasicTest.cpp.o
[3298/3503] Building CXX object ApplicationExeCode/CMakeFiles/ResInsight.dir/RiaMain.cpp.o
[3299/3503] Building CXX object ApplicationExeCode/CMakeFiles/ResInsight.dir/RiaMainTools.cpp.o
[3300/3503] Building CXX object ApplicationExeCode/CMakeFiles/ResInsight.dir/RiaGrpcConsoleApplication.cpp.o
[3301/3503] Building CXX object ApplicationExeCode/CMakeFiles/ResInsight.dir/ResInsight_autogen/LXNRPDEV2C/qrc_cafAnimControl.cpp.o
[3302/3503] Building CXX object ApplicationExeCode/CMakeFiles/ResInsight.dir/ResInsight_autogen/UIL46CLHDX/qrc_caf.cpp.o
[3303/3503] Building CXX object ApplicationExeCode/CMakeFiles/ResInsight.dir/ResInsight_autogen/XPMBK3HOFU/qrc_cafCommandFeatures.cpp.o
[3304/3503] Building CXX object ApplicationExeCode/CMakeFiles/ResInsight.dir/RiaGrpcGuiApplication.cpp.o
[3305/3503] Building CXX object ThirdParty/roffcpp/tests/CMakeFiles/roffcpp-tests.dir/roffcpp-tests_autogen/mocs_compilation.cpp.o
[3306/3503] Building CXX object ThirdParty/roffcpp/tests/CMakeFiles/roffcpp-tests.dir/TokenTests.cpp.o
[3307/3503] Building CXX object ThirdParty/roffcpp/tests/CMakeFiles/roffcpp-tests.dir/AsciiTokenizerTests.cpp.o
[3308/3503] Building CXX object ApplicationExeCode/CMakeFiles/ResInsight.dir/ResInsight_autogen/S5YYZ2ZCNV/qrc_ResInsight.cpp.o
[3309/3503] Building CXX object ThirdParty/roffcpp/tests/CMakeFiles/roffcpp-tests.dir/BinaryTokenizerTests.cpp.o
[3310/3503] Building CXX object ThirdParty/roffcpp/tests/CMakeFiles/roffcpp-tests.dir/ReaderTests.cpp.o
[3311/3503] Linking CXX executable ResInsight.app/Contents/MacOS/ResInsight
INFO | fixing executable '/tmp/resinsight-p01-build/application-build/ResInsight.app/Contents/MacOS/ResInsight'
INFO | fixing plugins
INFO | macdeployqtfix terminated with success
[3312/3503] Building CXX object ThirdParty/regression-analysis/tests/CMakeFiles/regression-analysis-tests.dir/regression-analysis-tests_autogen/mocs_compilation.cpp.o
[3313/3503] Building CXX object ThirdParty/roffcpp/tests/CMakeFiles/roffcpp-tests.dir/roffcpptestmain.cpp.o
[3314/3503] Building CXX object ThirdParty/regression-analysis/tests/CMakeFiles/regression-analysis-tests.dir/LinearRegressionTests.cpp.o
[3315/3503] Building CXX object ThirdParty/regression-analysis/tests/CMakeFiles/regression-analysis-tests.dir/PolynomialRegressionTests.cpp.o
[3316/3503] Building CXX object ThirdParty/regression-analysis/tests/CMakeFiles/regression-analysis-tests.dir/PowerFitRegressionTests.cpp.o
[3317/3503] Building CXX object ThirdParty/regression-analysis/tests/CMakeFiles/regression-analysis-tests.dir/LogarithmicRegressionTests.cpp.o
[3318/3503] Building CXX object ThirdParty/regression-analysis/tests/CMakeFiles/regression-analysis-tests.dir/ExponentialRegressionTests.cpp.o
[3319/3503] Building CXX object ThirdParty/regression-analysis/tests/CMakeFiles/regression-analysis-tests.dir/LogisticRegressionTests.cpp.o
[3320/3503] Building CXX object ApplicationLibCode/UnitTests/CMakeFiles/ResInsight-tests.dir/ResInsight-tests_autogen/mocs_compilation.cpp.o
[3321/3503] Building CXX object ThirdParty/regression-analysis/tests/CMakeFiles/regression-analysis-tests.dir/UtilsTests.cpp.o
[3322/3503] Building CXX object ApplicationLibCode/UnitTests/CMakeFiles/ResInsight-tests.dir/Ert-Test.cpp.o
[3323/3503] Building CXX object ApplicationLibCode/UnitTests/CMakeFiles/ResInsight-tests.dir/RigModelPaddingSettings-Test.cpp.o
[3324/3503] Building CXX object ApplicationLibCode/UnitTests/CMakeFiles/ResInsight-tests.dir/cvfGeometryTools-Test.cpp.o
[3325/3503] Building CXX object ApplicationLibCode/UnitTests/CMakeFiles/ResInsight-tests.dir/RigPadModel-Test.cpp.o
[3326/3503] Building CXX object ApplicationLibCode/UnitTests/CMakeFiles/ResInsight-tests.dir/RigBoundingBoxIjk-Test.cpp.o
[3327/3503] Building CXX object ApplicationLibCode/UnitTests/CMakeFiles/ResInsight-tests.dir/RigContourMapGrid-Test.cpp.o
[3328/3503] Building CXX object ApplicationLibCode/UnitTests/CMakeFiles/ResInsight-tests.dir/RigSimulationInputTool-Test.cpp.o
[3329/3503] Building CXX object ApplicationLibCode/UnitTests/CMakeFiles/ResInsight-tests.dir/RifcCommandCore-Test.cpp.o
[3330/3503] Building CXX object ApplicationLibCode/UnitTests/CMakeFiles/ResInsight-tests.dir/RifEclipseOutputFileTools-Test.cpp.o
[3331/3503] Building CXX object ApplicationLibCode/UnitTests/CMakeFiles/ResInsight-tests.dir/RifEclipseInputFileTools-Test.cpp.o
[3332/3503] Building CXX object ApplicationLibCode/UnitTests/CMakeFiles/ResInsight-tests.dir/RifReaderEclipseOutput-Test.cpp.o
[3333/3503] Building CXX object ApplicationLibCode/UnitTests/CMakeFiles/ResInsight-tests.dir/RifOpmFlowDeckFile-Test.cpp.o
[3334/3503] Building CXX object ApplicationLibCode/UnitTests/CMakeFiles/ResInsight-tests.dir/RifReaderOpmCommon-Test.cpp.o
[3335/3503] Building CXX object ApplicationLibCode/UnitTests/CMakeFiles/ResInsight-tests.dir/RifReaderEclipseSummary-Test.cpp.o
[3336/3503] Building CXX object ApplicationLibCode/UnitTests/CMakeFiles/ResInsight-tests.dir/RigActiveCellInfo-Test.cpp.o
[3337/3503] Building CXX object ApplicationLibCode/UnitTests/CMakeFiles/ResInsight-tests.dir/RigEclipseCrossPlotDataExtractor-Test.cpp.o
[3338/3503] Building CXX object ApplicationLibCode/UnitTests/CMakeFiles/ResInsight-tests.dir/RigEclipseCaseDataTools-Test.cpp.o
[3339/3503] Building CXX object ApplicationLibCode/UnitTests/CMakeFiles/ResInsight-tests.dir/RigEnsembleFractureStatisticsCalculator-Test.cpp.o
[3340/3503] Building CXX object ApplicationLibCode/UnitTests/CMakeFiles/ResInsight-tests.dir/RigEclipseResultTools-Test.cpp.o
[3341/3503] Building CXX object ApplicationLibCode/UnitTests/CMakeFiles/ResInsight-tests.dir/RigMobilePoreVolumeResultCalculator-Test.cpp.o
[3342/3503] Building CXX object ApplicationLibCode/UnitTests/CMakeFiles/ResInsight-tests.dir/RigSgasResultCalculator-Test.cpp.o
[3343/3503] Building CXX object ApplicationLibCode/UnitTests/CMakeFiles/ResInsight-tests.dir/RigReservoir-Test.cpp.o
[3344/3503] Building CXX object ApplicationLibCode/UnitTests/CMakeFiles/ResInsight-tests.dir/RigResdataGridConverter-Test.cpp.o
[3345/3503] Building CXX object ApplicationLibCode/UnitTests/CMakeFiles/ResInsight-tests.dir/RigGridExportAdapter-Test.cpp.o
[3346/3503] Building CXX object ApplicationLibCode/UnitTests/CMakeFiles/ResInsight-tests.dir/RigNonUniformRefinement-Test.cpp.o
[3347/3503] Building CXX object ApplicationLibCode/UnitTests/CMakeFiles/ResInsight-tests.dir/RigNestedHybridGridReconstructor-Test.cpp.o
[3348/3503] Building CXX object ApplicationLibCode/UnitTests/CMakeFiles/ResInsight-tests.dir/RigStatisticsMath-Test.cpp.o
[3349/3503] Building CXX object ApplicationLibCode/UnitTests/CMakeFiles/ResInsight-tests.dir/RigStimPlanModelTools-Test.cpp.o
[3350/3503] Building CXX object ApplicationLibCode/UnitTests/CMakeFiles/ResInsight-tests.dir/RigWellPathIntersectionTools-Test.cpp.o
[3351/3503] Building CXX object ApplicationLibCode/UnitTests/CMakeFiles/ResInsight-tests.dir/RimHistogramDataSource-Test.cpp.o
[3352/3503] Building CXX object ApplicationLibCode/UnitTests/CMakeFiles/ResInsight-tests.dir/RimPlotAxisTools-Test.cpp.o
[3353/3503] Building CXX object ApplicationLibCode/UnitTests/CMakeFiles/ResInsight-tests.dir/RimWellLogExtractionCurveImpl-Test.cpp.o
[3354/3503] Building CXX object ApplicationLibCode/UnitTests/CMakeFiles/ResInsight-tests.dir/RivAnnotationTools-Test.cpp.o
[3355/3503] Building CXX object ApplicationLibCode/UnitTests/CMakeFiles/ResInsight-tests.dir/RivPipeGeometryGenerator-Test.cpp.o
[3356/3503] Building CXX object ApplicationLibCode/UnitTests/CMakeFiles/ResInsight-tests.dir/RivIjkIntersectionGeometryGenerator-Test.cpp.o
[3357/3503] Building CXX object ApplicationLibCode/UnitTests/CMakeFiles/ResInsight-tests.dir/RivSingleCellPartGenerator-Test.cpp.o
[3358/3503] Building CXX object ApplicationLibCode/UnitTests/CMakeFiles/ResInsight-tests.dir/RivTernaryScalarMapper-Test.cpp.o
[3359/3503] Building CXX object ApplicationLibCode/UnitTests/CMakeFiles/ResInsight-tests.dir/WellPathAsciiFileReader-Test.cpp.o
[3360/3503] Building CXX object ApplicationLibCode/UnitTests/CMakeFiles/ResInsight-tests.dir/ScalarMapper-Test.cpp.o
[3361/3503] Building CXX object ApplicationLibCode/UnitTests/CMakeFiles/ResInsight-tests.dir/RigTofAccumulatedPhaseFractionsCalculator-Test.cpp.o
[3362/3503] Building CXX object ApplicationLibCode/UnitTests/CMakeFiles/ResInsight-tests.dir/HDF5FileReader-Test.cpp.o
[3363/3503] Building CXX object ApplicationLibCode/UnitTests/CMakeFiles/ResInsight-tests.dir/HDF5FileWriter-Test.cpp.o
[3364/3503] Building CXX object ApplicationLibCode/UnitTests/CMakeFiles/ResInsight-tests.dir/opm-flowdiagnostics-Test.cpp.o
[3365/3503] Building CXX object ApplicationLibCode/UnitTests/CMakeFiles/ResInsight-tests.dir/RigCellGeometryTools-Test.cpp.o
[3366/3503] Building CXX object ApplicationLibCode/UnitTests/CMakeFiles/ResInsight-tests.dir/RigHexIntersectionTools-Test.cpp.o
[3367/3503] Building CXX object ApplicationLibCode/UnitTests/CMakeFiles/ResInsight-tests.dir/RicExpressionParser-Test.cpp.o
[3368/3503] Building CXX object ApplicationLibCode/UnitTests/CMakeFiles/ResInsight-tests.dir/ObservedDataParser-Test.cpp.o
[3369/3503] Building CXX object ApplicationLibCode/UnitTests/CMakeFiles/ResInsight-tests.dir/RiuQwtLinearScaleEngine-Test.cpp.o
[3370/3503] Building CXX object ApplicationLibCode/UnitTests/CMakeFiles/ResInsight-tests.dir/RiuPlotUpdater-Test.cpp.o
[3371/3503] Building CXX object ApplicationLibCode/UnitTests/CMakeFiles/ResInsight-tests.dir/RiuSummaryVectorDescriptionMap-Test.cpp.o
[3372/3503] Building CXX object ApplicationLibCode/UnitTests/CMakeFiles/ResInsight-tests.dir/FixedWidthDataParser-Test.cpp.o
[3373/3503] Building CXX object ApplicationLibCode/UnitTests/CMakeFiles/ResInsight-tests.dir/RigTimeCurveHistoryMerger-Test.cpp.o
[3374/3503] Building CXX object ApplicationLibCode/UnitTests/CMakeFiles/ResInsight-tests.dir/ListKeywordsForObjectsAndFields-Test.cpp.o
[3375/3503] Building CXX object ApplicationLibCode/UnitTests/CMakeFiles/ResInsight-tests.dir/RiaProjectFileTools-Test.cpp.o
[3376/3503] Building CXX object ApplicationLibCode/UnitTests/CMakeFiles/ResInsight-tests.dir/RifElementPropertyTableReader-Test.cpp.o
[3377/3503] Building CXX object ApplicationLibCode/UnitTests/CMakeFiles/ResInsight-tests.dir/RimRelocatePath-Test.cpp.o
[3378/3503] Building CXX object ApplicationLibCode/UnitTests/CMakeFiles/ResInsight-tests.dir/RigTransmissibilityCondenser-Test.cpp.o
[3379/3503] Building CXX object ApplicationLibCode/UnitTests/CMakeFiles/ResInsight-tests.dir/RiaEclipseUnitTools-Test.cpp.o
[3380/3503] Building CXX object ApplicationLibCode/UnitTests/CMakeFiles/ResInsight-tests.dir/RiaTextFileCompare-Test.cpp.o
[3381/3503] Building CXX object ApplicationLibCode/UnitTests/CMakeFiles/ResInsight-tests.dir/RifCaseRealizationParametersReader-Test.cpp.o
[3382/3503] Building CXX object ApplicationLibCode/UnitTests/CMakeFiles/ResInsight-tests.dir/RigWellLogExtractor-Test.cpp.o
[3383/3503] Building CXX object ApplicationLibCode/UnitTests/CMakeFiles/ResInsight-tests.dir/RigWellPath-Test.cpp.o
[3384/3503] Building CXX object ApplicationLibCode/UnitTests/CMakeFiles/ResInsight-tests.dir/RigWellPathGeometryTools-Test.cpp.o
[3385/3503] Building CXX object ApplicationLibCode/UnitTests/CMakeFiles/ResInsight-tests.dir/RifEclipseSummaryAddress-Test.cpp.o
[3386/3503] Building CXX object ApplicationLibCode/UnitTests/CMakeFiles/ResInsight-tests.dir/RiaTimeHistoryCurveTools-Test.cpp.o
[3387/3503] Building CXX object ApplicationLibCode/UnitTests/CMakeFiles/ResInsight-tests.dir/SolveSpaceSolver-Test.cpp.o
/tmp/resinsight-p01-build/source/ApplicationLibCode/UnitTests/SolveSpaceSolver-Test.cpp:8:9: warning: 'M_PI' macro redefined [-Wmacro-redefined]
    8 | #define M_PI 3.14159265358979323846 // pi
      |         ^
/Applications/Xcode.app/Contents/Developer/Platforms/MacOSX.platform/Developer/SDKs/MacOSX.sdk/usr/include/math.h:695:9: note: previous definition is here
  695 | #define M_PI        3.14159265358979323846264338327950288   /* pi             */
      |         ^
1 warning generated.
[3388/3503] Building CXX object ApplicationLibCode/UnitTests/CMakeFiles/ResInsight-tests.dir/RiaPolyArcLineSampler-Test.cpp.o
[3389/3503] Building CXX object ApplicationLibCode/UnitTests/CMakeFiles/ResInsight-tests.dir/RiaWeightedMean-Test.cpp.o
[3390/3503] Building CXX object ApplicationLibCode/UnitTests/CMakeFiles/ResInsight-tests.dir/RifTextDataTableFormatter-Test.cpp.o
[3391/3503] Building CXX object ApplicationLibCode/UnitTests/CMakeFiles/ResInsight-tests.dir/RiaMedianCalculator-Test.cpp.o
[3392/3503] Building CXX object ApplicationLibCode/UnitTests/CMakeFiles/ResInsight-tests.dir/RiaWeightedGeometricMeanCalculator-Test.cpp.o
[3393/3503] Building CXX object ApplicationLibCode/UnitTests/CMakeFiles/ResInsight-tests.dir/RiaWeightedHarmonicMeanCalculator-Test.cpp.o
[3394/3503] Building CXX object ApplicationLibCode/UnitTests/CMakeFiles/ResInsight-tests.dir/RiaCellDividingTools-Test.cpp.o
[3395/3503] Building CXX object ApplicationLibCode/UnitTests/CMakeFiles/ResInsight-tests.dir/RiaFilePathTools-Test.cpp.o
[3396/3503] Building CXX object ApplicationLibCode/UnitTests/CMakeFiles/ResInsight-tests.dir/Intersect-Test.cpp.o
[3397/3503] Building CXX object ApplicationLibCode/UnitTests/CMakeFiles/ResInsight-tests.dir/RifPerforationIntervalReader-Test.cpp.o
[3398/3503] Building CXX object ApplicationLibCode/UnitTests/CMakeFiles/ResInsight-tests.dir/RimWellPathCompletions-Test.cpp.o
[3399/3503] Building CXX object ApplicationLibCode/UnitTests/CMakeFiles/ResInsight-tests.dir/RimWellPathFracture-Test.cpp.o
[3400/3503] Building CXX object ApplicationLibCode/UnitTests/CMakeFiles/ResInsight-tests.dir/RimWellPathValve-Test.cpp.o
[3401/3503] Building CXX object ApplicationLibCode/UnitTests/CMakeFiles/ResInsight-tests.dir/RimWellPathGeometryDef-Test.cpp.o
[3402/3503] Building CXX object ApplicationLibCode/UnitTests/CMakeFiles/ResInsight-tests.dir/RimWellRftPlot-Test.cpp.o
[3403/3503] Building CXX object ApplicationLibCode/UnitTests/CMakeFiles/ResInsight-tests.dir/RimDataFilterCollection-Test.cpp.o
[3404/3503] Building CXX object ApplicationLibCode/UnitTests/CMakeFiles/ResInsight-tests.dir/RimFilterInViewCollection-Test.cpp.o
[3405/3503] Building CXX object ApplicationLibCode/UnitTests/CMakeFiles/ResInsight-tests.dir/RimSummaryCaseCollection-Test.cpp.o
[3406/3503] Building CXX object ApplicationLibCode/UnitTests/CMakeFiles/ResInsight-tests.dir/RimSummaryCaseMainCollection-Test.cpp.o
[3407/3503] Building CXX object ApplicationLibCode/UnitTests/CMakeFiles/ResInsight-tests.dir/RimSummaryTimeAxisProperties-Test.cpp.o
[3408/3503] Building CXX object ApplicationLibCode/UnitTests/CMakeFiles/ResInsight-tests.dir/RimDeltaSummaryEnsemble-Test.cpp.o
[3409/3503] Building CXX object ApplicationLibCode/UnitTests/CMakeFiles/ResInsight-tests.dir/RifActiveCellsReader-Test.cpp.o
[3410/3503] Building CXX object ApplicationLibCode/UnitTests/CMakeFiles/ResInsight-tests.dir/RiaSummaryAddressAnalyzer-Test.cpp.o
[3411/3503] Building CXX object ApplicationLibCode/UnitTests/CMakeFiles/ResInsight-tests.dir/RifCsvDataTableFormatter-Test.cpp.o
[3412/3503] Building CXX object ApplicationLibCode/UnitTests/CMakeFiles/ResInsight-tests.dir/RiaStringPool-Test.cpp.o
[3413/3503] Building CXX object ApplicationLibCode/UnitTests/CMakeFiles/ResInsight-tests.dir/RiaStdStringTools-Test.cpp.o
[3414/3503] Building CXX object ApplicationLibCode/UnitTests/CMakeFiles/ResInsight-tests.dir/RiaInterpolationTools-Test.cpp.o
[3415/3503] Building CXX object ApplicationLibCode/UnitTests/CMakeFiles/ResInsight-tests.dir/RifWellMeasurementReader-Test.cpp.o
[3416/3503] Building CXX object ApplicationLibCode/UnitTests/CMakeFiles/ResInsight-tests.dir/RiaDateStringParser-Test.cpp.o
[3417/3503] Building CXX object ApplicationLibCode/UnitTests/CMakeFiles/ResInsight-tests.dir/RiaQDateTimeTools-Test.cpp.o
[3418/3503] Building CXX object ApplicationLibCode/UnitTests/CMakeFiles/ResInsight-tests.dir/RigHexGradientTools-Test.cpp.o
[3419/3503] Building CXX object ApplicationLibCode/UnitTests/CMakeFiles/ResInsight-tests.dir/RifSurfaceImporter-Test.cpp.o
[3420/3503] Building CXX object ApplicationLibCode/UnitTests/CMakeFiles/ResInsight-tests.dir/RifFormationNamesReader-Test.cpp.o
[3421/3503] Building CXX object ApplicationLibCode/UnitTests/CMakeFiles/ResInsight-tests.dir/RifRoffReader-Test.cpp.o
[3422/3503] Building CXX object ApplicationLibCode/UnitTests/CMakeFiles/ResInsight-tests.dir/RifRoffWriter-Test.cpp.o
[3423/3503] Building CXX object ApplicationLibCode/UnitTests/CMakeFiles/ResInsight-tests.dir/RifRoffFileTools-Test.cpp.o
[3424/3503] Building CXX object ApplicationLibCode/UnitTests/CMakeFiles/ResInsight-tests.dir/RifElasticPropertiesReader-Test.cpp.o
[3425/3503] Building CXX object ApplicationLibCode/UnitTests/CMakeFiles/ResInsight-tests.dir/RigStatisticsTools-Test.cpp.o
[3426/3503] Building CXX object ApplicationLibCode/UnitTests/CMakeFiles/ResInsight-tests.dir/RifStimPlanXmlReader-Test.cpp.o
[3427/3503] Building CXX object ApplicationLibCode/UnitTests/CMakeFiles/ResInsight-tests.dir/RigWellPathGeometryExporter-Test.cpp.o
[3428/3503] Building CXX object ApplicationLibCode/UnitTests/CMakeFiles/ResInsight-tests.dir/RifThermalFractureReader-Test.cpp.o
[3429/3503] Building CXX object ApplicationLibCode/UnitTests/CMakeFiles/ResInsight-tests.dir/RifStimPlanModelDeviationFrkExporter-Test.cpp.o
[3430/3503] Building CXX object ApplicationLibCode/UnitTests/CMakeFiles/ResInsight-tests.dir/RifSummaryDataReader-Test.cpp.o
[3431/3503] Building CXX object ApplicationLibCode/UnitTests/CMakeFiles/ResInsight-tests.dir/RigSlice2D-Test.cpp.o
[3432/3503] Building CXX object ApplicationLibCode/UnitTests/CMakeFiles/ResInsight-tests.dir/RigConvexHull-Test.cpp.o
[3433/3503] Building CXX object ApplicationLibCode/UnitTests/CMakeFiles/ResInsight-tests.dir/RigSurfaceResampler-Test.cpp.o
[3434/3503] Building CXX object ApplicationLibCode/UnitTests/CMakeFiles/ResInsight-tests.dir/RigSurfaceStatisticsCalculator-Test.cpp.o
[3435/3503] Building CXX object ApplicationLibCode/UnitTests/CMakeFiles/ResInsight-tests.dir/StructGridInterface-Test.cpp.o
[3436/3503] Building CXX object ApplicationLibCode/UnitTests/CMakeFiles/ResInsight-tests.dir/RifEclipseTextFileReader-Test.cpp.o
[3437/3503] Building CXX object ApplicationLibCode/UnitTests/CMakeFiles/ResInsight-tests.dir/opm-summary-Test.cpp.o
[3438/3503] Building CXX object ApplicationLibCode/UnitTests/CMakeFiles/ResInsight-tests.dir/RiaSummaryStringTools-Test.cpp.o
[3439/3503] Building CXX object ApplicationLibCode/UnitTests/CMakeFiles/ResInsight-tests.dir/RiaVariableMapper-Test.cpp.o
[3440/3503] Building CXX object ApplicationLibCode/UnitTests/CMakeFiles/ResInsight-tests.dir/RifPressureDepthTextFileReader-Test.cpp.o
[3441/3503] Building CXX object ApplicationLibCode/UnitTests/CMakeFiles/ResInsight-tests.dir/RifRevealCsvSectionSummaryReader-Test.cpp.o
[3442/3503] Building CXX object ApplicationLibCode/UnitTests/CMakeFiles/ResInsight-tests.dir/RifRevealCsvSummaryReader-Test.cpp.o
[3443/3503] Building CXX object ApplicationLibCode/UnitTests/CMakeFiles/ResInsight-tests.dir/RifStimPlanCsvSummaryReader-Test.cpp.o
[3444/3503] Building CXX object ApplicationLibCode/UnitTests/CMakeFiles/ResInsight-tests.dir/RigDeclineCurveCalculator-Test.cpp.o
[3445/3503] Building CXX object ApplicationLibCode/UnitTests/CMakeFiles/ResInsight-tests.dir/RiaEnsembleNameTools-Test.cpp.o
[3446/3503] Building CXX object ApplicationLibCode/UnitTests/CMakeFiles/ResInsight-tests.dir/RifReaderFmuRft-Test.cpp.o
[3447/3503] Building CXX object ApplicationLibCode/UnitTests/CMakeFiles/ResInsight-tests.dir/RifRftSegment-Test.cpp.o
[3448/3503] Building CXX object ApplicationLibCode/UnitTests/CMakeFiles/ResInsight-tests.dir/RimSummaryRegressionAnalysisCurve-Test.cpp.o
[3449/3503] Building CXX object ApplicationLibCode/UnitTests/CMakeFiles/ResInsight-tests.dir/RimWellLogCalculatedCurve-Test.cpp.o
[3450/3503] Building CXX object ApplicationLibCode/UnitTests/CMakeFiles/ResInsight-tests.dir/RiaNumericalTools-Test.cpp.o
[3451/3503] Building CXX object ApplicationLibCode/UnitTests/CMakeFiles/ResInsight-tests.dir/RigWellLogCurveData-Test.cpp.o
[3452/3503] Building CXX object ApplicationLibCode/UnitTests/CMakeFiles/ResInsight-tests.dir/RifInpExportTools-Test.cpp.o
[3453/3503] Building CXX object ApplicationLibCode/UnitTests/CMakeFiles/ResInsight-tests.dir/opm-import-well-data-Test.cpp.o
[3454/3503] Building CXX object ApplicationLibCode/UnitTests/CMakeFiles/ResInsight-tests.dir/RifGridCalculationIO-Test.cpp.o
[3455/3503] Building CXX object ApplicationLibCode/UnitTests/CMakeFiles/ResInsight-tests.dir/RimEmReader-Test.cpp.o
[3456/3503] Building CXX object ApplicationLibCode/UnitTests/CMakeFiles/ResInsight-tests.dir/RifSummaryCalculationIO-Test.cpp.o
[3457/3503] Building CXX object ApplicationLibCode/UnitTests/CMakeFiles/ResInsight-tests.dir/RimFormationNames-Test.cpp.o
[3458/3503] Building CXX object ApplicationLibCode/UnitTests/CMakeFiles/ResInsight-tests.dir/RifPolygonReader-Test.cpp.o
[3459/3503] Building CXX object ApplicationLibCode/UnitTests/CMakeFiles/ResInsight-tests.dir/RifOsduWellPathReader-Test.cpp.o
[3460/3503] Building CXX object ApplicationLibCode/UnitTests/CMakeFiles/ResInsight-tests.dir/RifParquetReader-Test.cpp.o
[3461/3503] Building CXX object ApplicationLibCode/UnitTests/CMakeFiles/ResInsight-tests.dir/RigVfpTables-Test.cpp.o
[3462/3503] Building CXX object ApplicationLibCode/UnitTests/CMakeFiles/ResInsight-tests.dir/RiaResultName-Test.cpp.o
[3463/3503] Building CXX object ApplicationLibCode/UnitTests/CMakeFiles/ResInsight-tests.dir/RigPolygonTools-Test.cpp.o
[3464/3503] Building CXX object ApplicationLibCode/UnitTests/CMakeFiles/ResInsight-tests.dir/RimPolygonInViewCollection-Test.cpp.o
[3465/3503] Building CXX object ApplicationLibCode/UnitTests/CMakeFiles/ResInsight-tests.dir/RimSurfaceInViewCollection-Test.cpp.o
[3466/3503] Building CXX object ApplicationLibCode/UnitTests/CMakeFiles/ResInsight-tests.dir/RifVtkSurfaceImporter-Test.cpp.o
[3467/3503] Building CXX object ApplicationLibCode/UnitTests/CMakeFiles/ResInsight-tests.dir/RiaNameUniquenessTools-Test.cpp.o
[3468/3503] Building CXX object ApplicationLibCode/UnitTests/CMakeFiles/ResInsight-tests.dir/RifVtkReader-Test.cpp.o
[3469/3503] Building CXX object ApplicationLibCode/UnitTests/CMakeFiles/ResInsight-tests.dir/RifVtkImportUtil-Test.cpp.o
[3470/3503] Building CXX object ApplicationLibCode/UnitTests/CMakeFiles/ResInsight-tests.dir/RiaKeyValueStore-Test.cpp.o
[3471/3503] Building CXX object ApplicationLibCode/UnitTests/CMakeFiles/ResInsight-tests.dir/RiaEnsembleImportTools-Test.cpp.o
[3472/3503] Building CXX object ApplicationLibCode/UnitTests/CMakeFiles/ResInsight-tests.dir/RimTools-Test.cpp.o
[3473/3503] Building CXX object ApplicationLibCode/UnitTests/CMakeFiles/ResInsight-tests.dir/RifSurfio-Test.cpp.o
[3474/3503] Building CXX object ApplicationLibCode/UnitTests/CMakeFiles/ResInsight-tests.dir/RiaAngleUtils-Test.cpp.o
[3475/3503] Building CXX object ApplicationLibCode/UnitTests/CMakeFiles/ResInsight-tests.dir/RifRmsWellPathReader-Test.cpp.o
[3476/3503] Building CXX object ApplicationLibCode/UnitTests/CMakeFiles/ResInsight-tests.dir/RiaZScaleTools-Test.cpp.o
[3477/3503] Building CXX object ApplicationLibCode/UnitTests/CMakeFiles/ResInsight-tests.dir/RicTransmissibilityCalculator-Test.cpp.o
[3478/3503] Building CXX object ApplicationLibCode/UnitTests/CMakeFiles/ResInsight-tests.dir/RigCompletionDataGridCell-Test.cpp.o
[3479/3503] Building CXX object ApplicationLibCode/UnitTests/CMakeFiles/ResInsight-tests.dir/cafVecIjk-Test.cpp.o
[3480/3503] Building CXX object ApplicationLibCode/UnitTests/CMakeFiles/ResInsight-tests.dir/RiaSummaryAddressCollectionTools-Test.cpp.o
[3481/3503] Building CXX object ApplicationLibCode/UnitTests/CMakeFiles/ResInsight-tests.dir/RimMockSummaryCase-Test.cpp.o
[3482/3503] Building CXX object ApplicationLibCode/UnitTests/CMakeFiles/ResInsight-tests.dir/RimSummaryCalculation-Test.cpp.o
[3483/3503] Building CXX object ApplicationLibCode/UnitTests/CMakeFiles/ResInsight-tests.dir/RifMultipleSummaryReaders-Test.cpp.o
[3484/3503] Building CXX object ApplicationLibCode/UnitTests/CMakeFiles/ResInsight-tests.dir/RimSummaryCalculationCollection-Test.cpp.o
[3485/3503] Building CXX object ApplicationLibCode/UnitTests/CMakeFiles/ResInsight-tests.dir/RiaConnectorTools-Test.cpp.o
[3486/3503] Building CXX object ApplicationLibCode/UnitTests/CMakeFiles/ResInsight-tests.dir/RigWellTargetMappingTools-Test.cpp.o
[3487/3503] Building CXX object ApplicationLibCode/UnitTests/CMakeFiles/ResInsight-tests.dir/RicWellPathExportMswGeometryPath-Test.cpp.o
[3488/3503] Building CXX object ApplicationLibCode/UnitTests/CMakeFiles/ResInsight-tests.dir/RigMswTableData-Test.cpp.o
[3489/3503] Building CXX object ApplicationLibCode/UnitTests/CMakeFiles/ResInsight-tests.dir/RicMswBranchBuilder-Test.cpp.o
[3490/3503] Building CXX object ApplicationLibCode/UnitTests/CMakeFiles/ResInsight-tests.dir/RigAllGridCellsResultAccessor-Test.cpp.o
[3491/3503] Building CXX object ApplicationLibCode/UnitTests/CMakeFiles/ResInsight-tests.dir/RiaGrpcInterface-Test.cpp.o
[3492/3503] Building CXX object ApplicationLibCode/UnitTests/CMakeFiles/ResInsight-tests.dir/RiaGrpcWellPathService-Test.cpp.o
[3493/3503] Building CXX object ApplicationLibCode/UnitTests/CMakeFiles/ResInsight-tests.dir/main.cpp.o
[3494/3503] Building CXX object ThirdParty/extract-projectfile-versions/CMakeFiles/extract-projectfile-versions.dir/extract-projectfile-versions_autogen/mocs_compilation.cpp.o
[3495/3503] Building CXX object ThirdParty/extract-projectfile-versions/CMakeFiles/extract-projectfile-versions.dir/main.cpp.o
[3496/3503] Linking CXX shared library ThirdParty/Ert/lib/libcatch2.dylib
[3497/3503] Linking CXX executable opm-parser-tests
[3498/3503] Linking CXX executable roffcpp-tests
[3499/3503] Linking CXX executable regression-analysis-tests
[3500/3503] Linking CXX executable ApplicationLibCode/UnitTests/ResInsight-tests
[3501/3503] Linking CXX executable ThirdParty/extract-projectfile-versions/extract-projectfile-versions
[3502/3503] Generating /tmp/resinsight-p01-build/source/GrpcInterface/Python/rips/generated/generated_classes.py
[3503/3503] Running utility command for RipsGeneratedPythonClasses
